Blender 4.5.12 LTS (hash 84afd5f785f7 built 2026-07-21 01:33:53)
Read blend: "C:\Users\xdrhh\Documents\Codex\2026-09-18\codex-blender-mcp-blender-python-3d\outputs\Jiangnan.blend"
警告: 库文件, 加载空场景
Fra:80 Mem:350.68M (Peak 350.68M) | Time:00:00.28 | Mem:0.00M, Peak:0.00M | 烟雨江南 · 雪月江南, 视图层 | Synchronizing object | JN_庭基
Fra:80 Mem:350.71M (Peak 350.71M) | Time:00:00.28 | Mem:0.00M, Peak:0.00M | 烟雨江南 · 雪月江南, 视图层 | Synchronizing object | JN_院墙黛瓦_筒瓦
Fra:80 Mem:350.71M (Peak 350.71M) | Time:00:00.28 | Mem:0.00M, Peak:0.00M | 烟雨江南 · 雪月江南, 视图层 | Synchronizing object | JN_月门_弧形砖券.003
Fra:80 Mem:350.72M (Peak 350.72M) | Time:00:00.28 | Mem:0.00M, Peak:0.00M | 烟雨江南 · 雪月江南, 视图层 | Synchronizing object | JN_月门_弧形砖券.005
Fra:80 Mem:350.72M (Peak 350.72M) | Time:00:00.28 | Mem:0.00M, Peak:0.00M | 烟雨江南 · 雪月江南, 视图层 | Synchronizing object | JN_月门_弧形砖券.006
Fra:80 Mem:350.73M (Peak 350.73M) | Time:00:00.28 | Mem:0.00M, Peak:0.00M | 烟雨江南 · 雪月江南, 视图层 | Synchronizing object | JN_月门_弧形砖券.008
Fra:80 Mem:350.73M (Peak 350.73M) | Time:00:00.29 | Mem:0.00M, Peak:0.00M | 烟雨江南 · 雪月江南, 视图层 | Synchronizing object | JN_月门_弧形砖券.009
Fra:80 Mem:350.73M (Peak 350.73M) | Time:00:00.29 | Mem:0.00M, Peak:0.00M | 烟雨江南 · 雪月江南, 视图层 | Synchronizing object | JN_月门_弧形砖券.010
Fra:80 Mem:350.73M (Peak 350.73M) | Time:00:00.29 | Mem:0.00M, Peak:0.00M | 烟雨江南 · 雪月江南, 视图层 | Synchronizing object | JN_月门_弧形砖券.012
Fra:80 Mem:350.73M (Peak 350.73M) | Time:00:00.29 | Mem:0.00M, Peak:0.00M | 烟雨江南 · 雪月江南, 视图层 | Synchronizing object | JN_月门_弧形砖券.013
帧:80 内存:350.73M (峰值 350.73M) | 时间:00:00.29 | Mem:0.00M, Peak:0.00M | 烟雨江南 · 雪月江南, 视图层 | Synchronizing object | JN_月门_弧形砖券.014
Fra:80 Mem:350.81M (Peak 350.81M) | Time:00:00.29 | Mem:0.00M, Peak:0.00M | 烟雨江南 · 雪月江南, 视图层 | Synchronizing object | JN_月门_弧形砖券.015
Fra:80 Mem:350.82M (Peak 350.82M) | Time:00:00.29 | Mem:0.00M, Peak:0.00M | 烟雨江南 · 雪月江南, 视图层 | Synchronizing object | JN_院墙黛瓦_筒瓦.001
Fra:80 Mem:350.82M (Peak 350.82M) | Time:00:00.29 | Mem:0.00M, Peak:0.00M | 烟雨江南 · 雪月江南, 视图层 | Synchronizing object | JN_月门_弧形砖券.016
Fra:80 Mem:350.82M (Peak 350.82M) | Time:00:00.29 | Mem:0.00M, Peak:0.00M | 烟雨江南 · 雪月江南, 视图层 | Synchronizing object | JN_月门_弧形砖券.018
Fra:80 Mem:350.83M (Peak 350.83M) | Time:00:00.29 | Mem:0.00M, Peak:0.00M | 烟雨江南 · 雪月江南, 视图层 | Synchronizing object | JN_月门_弧形砖券.019
Fra:80 Mem:350.83M (Peak 350.83M) | Time:00:00.29 | Mem:0.00M, Peak:0.00M | 烟雨江南 · 雪月江南, 视图层 | Synchronizing object | JN_月门_弧形砖券.020
帧:80 内存:350.83M (峰值 350.83M) | 时间:00:00.29 | Mem:0.00M, Peak:0.00M | 烟雨江南 · 雪月江南, 视图层 | Synchronizing object | JN_月门_弧形砖券.021
Fra:80 Mem:350.90M (Peak 350.90M) | Time:00:00.29 | Mem:0.00M, Peak:0.00M | 烟雨江南 · 雪月江南, 视图层 | Synchronizing object | JN_月门_弧形砖券.022
Fra:80 Mem:350.92M (Peak 350.92M) | Time:00:00.29 | Mem:0.00M, Peak:0.00M | 烟雨江南 · 雪月江南, 视图层 | Synchronizing object | JN_院墙黛瓦_筒瓦.002
Fra:80 Mem:350.92M (Peak 350.92M) | Time:00:00.29 | Mem:0.00M, Peak:0.00M | 烟雨江南 · 雪月江南, 视图层 | Synchronizing object | JN_月门_弧形砖券.024
Fra:80 Mem:350.92M (Peak 350.92M) | Time:00:00.29 | Mem:0.00M, Peak:0.00M | 烟雨江南 · 雪月江南, 视图层 | Synchronizing object | JN_月门_弧形砖券.025
Fra:80 Mem:350.92M (Peak 350.92M) | Time:00:00.29 | Mem:0.00M, Peak:0.00M | 烟雨江南 · 雪月江南, 视图层 | Synchronizing object | JN_月门_弧形砖券.026
Fra:80 Mem:350.92M (Peak 350.92M) | Time:00:00.29 | Mem:0.00M, Peak:0.00M | 烟雨江南 · 雪月江南, 视图层 | Synchronizing object | JN_月门_弧形砖券.027
帧:80 内存:350.92M (峰值 350.92M) | 时间:00:00.29 | Mem:0.00M, Peak:0.00M | 烟雨江南 · 雪月江南, 视图层 | Synchronizing object | JN_月门_弧形砖券.028
Fra:80 Mem:351.00M (Peak 351.00M) | Time:00:00.29 | Mem:0.00M, Peak:0.00M | 烟雨江南 · 雪月江南, 视图层 | Synchronizing object | JN_月门_弧形砖券.029
Fra:80 Mem:351.02M (Peak 351.02M) | Time:00:00.29 | Mem:0.00M, Peak:0.00M | 烟雨江南 · 雪月江南, 视图层 | Synchronizing object | JN_月门_弧形砖券.030
Fra:80 Mem:351.02M (Peak 351.02M) | Time:00:00.29 | Mem:0.00M, Peak:0.00M | 烟雨江南 · 雪月江南, 视图层 | Synchronizing object | JN_月门_弧形砖券.031
Fra:80 Mem:351.02M (Peak 351.02M) | Time:00:00.29 | Mem:0.00M, Peak:0.00M | 烟雨江南 · 雪月江南, 视图层 | Synchronizing object | JN_月门_弧形砖券.032
Fra:80 Mem:351.02M (Peak 351.02M) | Time:00:00.29 | Mem:0.00M, Peak:0.00M | 烟雨江南 · 雪月江南, 视图层 | Synchronizing object | JN_月门_弧形砖券.034
帧:80 内存:351.02M (峰值 351.02M) | 时间:00:00.29 | Mem:0.00M, Peak:0.00M | 烟雨江南 · 雪月江南, 视图层 | Synchronizing object | JN_月门_弧形砖券.035
Fra:80 Mem:351.09M (Peak 351.09M) | Time:00:00.29 | Mem:0.00M, Peak:0.00M | 烟雨江南 · 雪月江南, 视图层 | Synchronizing object | JN_月门_弧形砖券.036
Fra:80 Mem:351.11M (Peak 351.11M) | Time:00:00.29 | Mem:0.00M, Peak:0.00M | 烟雨江南 · 雪月江南, 视图层 | Synchronizing object | JN_院墙黛瓦_筒瓦.004
Fra:80 Mem:351.19M (Peak 351.19M) | Time:00:00.29 | Mem:0.00M, Peak:0.00M | 烟雨江南 · 雪月江南, 视图层 | Synchronizing object | JN_月门_弧形砖券.037
Fra:80 Mem:351.19M (Peak 351.19M) | Time:00:00.29 | Mem:0.00M, Peak:0.00M | 烟雨江南 · 雪月江南, 视图层 | Synchronizing object | JN_月门_弧形砖券.039
Fra:80 Mem:351.19M (Peak 351.19M) | Time:00:00.29 | Mem:0.00M, Peak:0.00M | 烟雨江南 · 雪月江南, 视图层 | Synchronizing object | JN_月门_弧形砖券.040
帧:80 内存:351.19M (峰值 351.19M) | 时间:00:00.29 | Mem:0.00M, Peak:0.00M | 烟雨江南 · 雪月江南, 视图层 | Synchronizing object | JN_月门_弧形砖券.042
Fra:80 Mem:351.26M (Peak 351.26M) | Time:00:00.29 | Mem:0.00M, Peak:0.00M | 烟雨江南 · 雪月江南, 视图层 | Synchronizing object | JN_月门_弧形砖券.043
Fra:80 Mem:351.28M (Peak 351.28M) | Time:00:00.29 | Mem:0.00M, Peak:0.00M | 烟雨江南 · 雪月江南, 视图层 | Synchronizing object | JN_院墙黛瓦_筒瓦.005
Fra:80 Mem:351.28M (Peak 351.28M) | Time:00:00.29 | Mem:0.00M, Peak:0.00M | 烟雨江南 · 雪月江南, 视图层 | Synchronizing object | JN_月门_弧形砖券.045
Fra:80 Mem:351.28M (Peak 351.28M) | Time:00:00.29 | Mem:0.00M, Peak:0.00M | 烟雨江南 · 雪月江南, 视图层 | Synchronizing object | JN_月门_弧形砖券.046
Fra:80 Mem:351.29M (Peak 351.29M) | Time:00:00.29 | Mem:0.00M, Peak:0.00M | 烟雨江南 · 雪月江南, 视图层 | Synchronizing object | JN_月门_弧形砖券.048
帧:80 内存:351.29M (峰值 351.29M) | 时间:00:00.29 | Mem:0.00M, Peak:0.00M | 烟雨江南 · 雪月江南, 视图层 | Synchronizing object | JN_月门_弧形砖券.049
Fra:80 Mem:351.31M (Peak 351.31M) | Time:00:00.29 | Mem:0.00M, Peak:0.00M | 烟雨江南 · 雪月江南, 视图层 | Synchronizing object | JN_月门_弧形砖券.050
帧:80 内存:351.38M (峰值 351.38M) | 时间:00:00.29 | Mem:0.00M, Peak:0.00M | 烟雨江南 · 雪月江南, 视图层 | Synchronizing object | JN_院墙黛瓦_筒瓦.006
Fra:80 Mem:351.45M (Peak 351.45M) | Time:00:00.29 | Mem:0.00M, Peak:0.00M | 烟雨江南 · 雪月江南, 视图层 | Synchronizing object | JN_月门_弧形砖券.052
Fra:80 Mem:351.47M (Peak 351.47M) | Time:00:00.29 | Mem:0.00M, Peak:0.00M | 烟雨江南 · 雪月江南, 视图层 | Synchronizing object | JN_月门_弧形砖券.053
Fra:80 Mem:351.47M (Peak 351.47M) | Time:00:00.29 | Mem:0.00M, Peak:0.00M | 烟雨江南 · 雪月江南, 视图层 | Synchronizing object | JN_月门_弧形砖券.054
Fra:80 Mem:351.47M (Peak 351.47M) | Time:00:00.29 | Mem:0.00M, Peak:0.00M | 烟雨江南 · 雪月江南, 视图层 | Synchronizing object | JN_月门_弧形砖券.056
Fra:80 Mem:351.48M (Peak 351.48M) | Time:00:00.29 | Mem:0.00M, Peak:0.00M | 烟雨江南 · 雪月江南, 视图层 | Synchronizing object | JN_月门_弧形砖券.057
Fra:80 Mem:351.48M (Peak 351.48M) | Time:00:00.29 | Mem:0.00M, Peak:0.00M | 烟雨江南 · 雪月江南, 视图层 | Synchronizing object | JN_月门_弧形砖券.058
Fra:80 Mem:351.49M (Peak 351.49M) | Time:00:00.29 | Mem:0.00M, Peak:0.00M | 烟雨江南 · 雪月江南, 视图层 | Synchronizing object | JN_月门_弧形砖券.059
Fra:80 Mem:351.56M (Peak 351.56M) | Time:00:00.29 | Mem:0.00M, Peak:0.00M | 烟雨江南 · 雪月江南, 视图层 | Synchronizing object | JN_月门_弧形砖券.060
帧:80 内存:351.57M (峰值 351.57M) | 时间:00:00.29 | Mem:0.00M, Peak:0.00M | 烟雨江南 · 雪月江南, 视图层 | Synchronizing object | JN_院墙黛瓦_筒瓦.008
Fra:80 Mem:351.64M (Peak 351.64M) | Time:00:00.29 | Mem:0.00M, Peak:0.00M | 烟雨江南 · 雪月江南, 视图层 | Synchronizing object | JN_月门_弧形砖券.061
帧:80 内存:351.66M (峰值 351.66M) | 时间:00:00.29 | Mem:0.00M, Peak:0.00M | 烟雨江南 · 雪月江南, 视图层 | Synchronizing object | JN_院墙黛瓦_筒瓦.009
Fra:80 Mem:351.68M (Peak 351.68M) | Time:00:00.29 | Mem:0.00M, Peak:0.00M | 烟雨江南 · 雪月江南, 视图层 | Synchronizing object | JN_月门_弧形砖券.063
Fra:80 Mem:351.75M (Peak 351.75M) | Time:00:00.29 | Mem:0.00M, Peak:0.00M | 烟雨江南 · 雪月江南, 视图层 | Synchronizing object | JN_墙脚勒石
Fra:80 Mem:351.76M (Peak 351.76M) | Time:00:00.29 | Mem:0.00M, Peak:0.00M | 烟雨江南 · 雪月江南, 视图层 | Synchronizing object | JN_院墙黛瓦_筒瓦.010
Fra:80 Mem:351.76M (Peak 351.76M) | Time:00:00.29 | Mem:0.00M, Peak:0.00M | 烟雨江南 · 雪月江南, 视图层 | Synchronizing object | JN_墙脚勒石.001
帧:80 内存:351.87M (峰值 351.87M) | 时间:00:00.29 | Mem:0.00M, Peak:0.00M | 烟雨江南 · 雪月江南, 视图层 | Synchronizing object | JN_院墙黛瓦_筒瓦.011
帧:80 内存:351.96M (峰值 351.96M) | 时间:00:00.29 | Mem:0.00M, Peak:0.00M | 烟雨江南 · 雪月江南, 视图层 | Synchronizing object | JN_院墙黛瓦_筒瓦.012
帧:80 内存:352.05M (峰值 352.05M) | 时间:00:00.29 | Mem:0.00M, Peak:0.00M | 烟雨江南 · 雪月江南, 视图层 | Synchronizing object | JN_院墙黛瓦_筒瓦.013
帧:80 内存:352.14M (峰值 352.14M) | 时间:00:00.29 | Mem:0.00M, Peak:0.00M | 烟雨江南 · 雪月江南, 视图层 | Synchronizing object | JN_院墙黛瓦_筒瓦.014
帧:80 内存:352.23M (峰值 352.23M) | 时间:00:00.29 | Mem:0.00M, Peak:0.00M | 烟雨江南 · 雪月江南, 视图层 | Synchronizing object | JN_院墙黛瓦_筒瓦.015
帧:80 内存:352.32M (峰值 352.32M) | 时间:00:00.30 | Mem:0.00M, Peak:0.00M | 烟雨江南 · 雪月江南, 视图层 | Synchronizing object | JN_院墙黛瓦_筒瓦.016
帧:80 内存:352.42M (峰值 352.42M) | 时间:00:00.30 | Mem:0.00M, Peak:0.00M | 烟雨江南 · 雪月江南, 视图层 | Synchronizing object | JN_院墙黛瓦_筒瓦.017
帧:80 内存:352.51M (峰值 352.51M) | 时间:00:00.30 | Mem:0.00M, Peak:0.00M | 烟雨江南 · 雪月江南, 视图层 | Synchronizing object | JN_院墙黛瓦_筒瓦.018
帧:80 内存:352.60M (峰值 352.60M) | 时间:00:00.30 | Mem:0.00M, Peak:0.00M | 烟雨江南 · 雪月江南, 视图层 | Synchronizing object | JN_院墙黛瓦_筒瓦.019
帧:80 内存:352.69M (峰值 352.69M) | 时间:00:00.30 | Mem:0.00M, Peak:0.00M | 烟雨江南 · 雪月江南, 视图层 | Synchronizing object | JN_院墙黛瓦_筒瓦.020
帧:80 内存:352.78M (峰值 352.78M) | 时间:00:00.30 | Mem:0.00M, Peak:0.00M | 烟雨江南 · 雪月江南, 视图层 | Synchronizing object | JN_院墙黛瓦_筒瓦.021
帧:80 内存:352.87M (峰值 352.87M) | 时间:00:00.30 | Mem:0.00M, Peak:0.00M | 烟雨江南 · 雪月江南, 视图层 | Synchronizing object | JN_院墙黛瓦_筒瓦.022
帧:80 内存:352.96M (峰值 352.96M) | 时间:00:00.30 | Mem:0.00M, Peak:0.00M | 烟雨江南 · 雪月江南, 视图层 | Synchronizing object | JN_院墙黛瓦_筒瓦.023
帧:80 内存:353.06M (峰值 353.06M) | 时间:00:00.30 | Mem:0.00M, Peak:0.00M | 烟雨江南 · 雪月江南, 视图层 | Synchronizing object | JN_院墙黛瓦_筒瓦.024
帧:80 内存:353.15M (峰值 353.15M) | 时间:00:00.30 | Mem:0.00M, Peak:0.00M | 烟雨江南 · 雪月江南, 视图层 | Synchronizing object | JN_院墙黛瓦_筒瓦.025
帧:80 内存:353.24M (峰值 353.24M) | 时间:00:00.30 | Mem:0.00M, Peak:0.00M | 烟雨江南 · 雪月江南, 视图层 | Synchronizing object | JN_院墙黛瓦_筒瓦.026
帧:80 内存:353.33M (峰值 353.33M) | 时间:00:00.30 | Mem:0.00M, Peak:0.00M | 烟雨江南 · 雪月江南, 视图层 | Synchronizing object | JN_院墙黛瓦_筒瓦.027
帧:80 内存:353.42M (峰值 353.42M) | 时间:00:00.30 | Mem:0.00M, Peak:0.00M | 烟雨江南 · 雪月江南, 视图层 | Synchronizing object | JN_院墙黛瓦_筒瓦.028
帧:80 内存:353.51M (峰值 353.51M) | 时间:00:00.30 | Mem:0.00M, Peak:0.00M | 烟雨江南 · 雪月江南, 视图层 | Synchronizing object | JN_院墙黛瓦_筒瓦.029
帧:80 内存:353.60M (峰值 353.60M) | 时间:00:00.30 | Mem:0.00M, Peak:0.00M | 烟雨江南 · 雪月江南, 视图层 | Synchronizing object | JN_院墙黛瓦_筒瓦.030
帧:80 内存:353.69M (峰值 353.69M) | 时间:00:00.30 | Mem:0.00M, Peak:0.00M | 烟雨江南 · 雪月江南, 视图层 | Synchronizing object | JN_院墙黛瓦_筒瓦.031
帧:80 内存:353.79M (峰值 353.79M) | 时间:00:00.30 | Mem:0.00M, Peak:0.00M | 烟雨江南 · 雪月江南, 视图层 | Synchronizing object | JN_院墙黛瓦_筒瓦.032
帧:80 内存:353.88M (峰值 353.88M) | 时间:00:00.30 | Mem:0.00M, Peak:0.00M | 烟雨江南 · 雪月江南, 视图层 | Synchronizing object | JN_院墙黛瓦_筒瓦.033
帧:80 内存:353.97M (峰值 353.97M) | 时间:00:00.30 | Mem:0.00M, Peak:0.00M | 烟雨江南 · 雪月江南, 视图层 | Synchronizing object | JN_院墙黛瓦_筒瓦.034
帧:80 内存:354.06M (峰值 354.06M) | 时间:00:00.30 | Mem:0.00M, Peak:0.00M | 烟雨江南 · 雪月江南, 视图层 | Synchronizing object | JN_院墙黛瓦_筒瓦.035
帧:80 内存:354.15M (峰值 354.15M) | 时间:00:00.30 | Mem:0.00M, Peak:0.00M | 烟雨江南 · 雪月江南, 视图层 | Synchronizing object | JN_院墙黛瓦_筒瓦.036
帧:80 内存:354.24M (峰值 354.24M) | 时间:00:00.30 | Mem:0.00M, Peak:0.00M | 烟雨江南 · 雪月江南, 视图层 | Synchronizing object | JN_院墙黛瓦_筒瓦.037
帧:80 内存:354.33M (峰值 354.33M) | 时间:00:00.30 | Mem:0.00M, Peak:0.00M | 烟雨江南 · 雪月江南, 视图层 | Synchronizing object | JN_院墙黛瓦_筒瓦.038
帧:80 内存:354.42M (峰值 354.42M) | 时间:00:00.30 | Mem:0.00M, Peak:0.00M | 烟雨江南 · 雪月江南, 视图层 | Synchronizing object | JN_院墙黛瓦_筒瓦.039
帧:80 内存:354.52M (峰值 354.52M) | 时间:00:00.30 | Mem:0.00M, Peak:0.00M | 烟雨江南 · 雪月江南, 视图层 | Synchronizing object | JN_院墙黛瓦_筒瓦.040
帧:80 内存:354.61M (峰值 354.61M) | 时间:00:00.30 | Mem:0.00M, Peak:0.00M | 烟雨江南 · 雪月江南, 视图层 | Synchronizing object | JN_院墙黛瓦_筒瓦.041
帧:80 内存:354.70M (峰值 354.70M) | 时间:00:00.30 | Mem:0.00M, Peak:0.00M | 烟雨江南 · 雪月江南, 视图层 | Synchronizing object | JN_院墙黛瓦_筒瓦.042
帧:80 内存:354.79M (峰值 354.79M) | 时间:00:00.30 | Mem:0.00M, Peak:0.00M | 烟雨江南 · 雪月江南, 视图层 | Synchronizing object | JN_院墙黛瓦_筒瓦.043
帧:80 内存:354.88M (峰值 354.88M) | 时间:00:00.30 | Mem:0.00M, Peak:0.00M | 烟雨江南 · 雪月江南, 视图层 | Synchronizing object | JN_院墙黛瓦_筒瓦.044
帧:80 内存:354.97M (峰值 354.97M) | 时间:00:00.30 | Mem:0.00M, Peak:0.00M | 烟雨江南 · 雪月江南, 视图层 | Synchronizing object | JN_院墙黛瓦_筒瓦.045
帧:80 内存:355.06M (峰值 355.06M) | 时间:00:00.30 | Mem:0.00M, Peak:0.00M | 烟雨江南 · 雪月江南, 视图层 | Synchronizing object | JN_院墙黛瓦_筒瓦.046
帧:80 内存:355.15M (峰值 355.15M) | 时间:00:00.30 | Mem:0.00M, Peak:0.00M | 烟雨江南 · 雪月江南, 视图层 | Synchronizing object | JN_院墙黛瓦_筒瓦.047
帧:80 内存:355.25M (峰值 355.25M) | 时间:00:00.30 | Mem:0.00M, Peak:0.00M | 烟雨江南 · 雪月江南, 视图层 | Synchronizing object | JN_院墙黛瓦_筒瓦.048
帧:80 内存:355.34M (峰值 355.34M) | 时间:00:00.30 | Mem:0.00M, Peak:0.00M | 烟雨江南 · 雪月江南, 视图层 | Synchronizing object | JN_院墙黛瓦_筒瓦.049
帧:80 内存:355.43M (峰值 355.43M) | 时间:00:00.30 | Mem:0.00M, Peak:0.00M | 烟雨江南 · 雪月江南, 视图层 | Synchronizing object | JN_院墙黛瓦_筒瓦.050
帧:80 内存:355.52M (峰值 355.52M) | 时间:00:00.30 | Mem:0.00M, Peak:0.00M | 烟雨江南 · 雪月江南, 视图层 | Synchronizing object | JN_院墙黛瓦_筒瓦.051
帧:80 内存:355.61M (峰值 355.61M) | 时间:00:00.30 | Mem:0.00M, Peak:0.00M | 烟雨江南 · 雪月江南, 视图层 | Synchronizing object | JN_院墙黛瓦_筒瓦.052
帧:80 内存:355.70M (峰值 355.70M) | 时间:00:00.30 | Mem:0.00M, Peak:0.00M | 烟雨江南 · 雪月江南, 视图层 | Synchronizing object | JN_院墙黛瓦_筒瓦.053
帧:80 内存:355.79M (峰值 355.79M) | 时间:00:00.31 | Mem:0.00M, Peak:0.00M | 烟雨江南 · 雪月江南, 视图层 | Synchronizing object | JN_院墙黛瓦_筒瓦.054
帧:80 内存:355.89M (峰值 355.89M) | 时间:00:00.31 | Mem:0.00M, Peak:0.00M | 烟雨江南 · 雪月江南, 视图层 | Synchronizing object | JN_院墙黛瓦_筒瓦.055
帧:80 内存:355.98M (峰值 355.98M) | 时间:00:00.31 | Mem:0.00M, Peak:0.00M | 烟雨江南 · 雪月江南, 视图层 | Synchronizing object | JN_院墙黛瓦_筒瓦.056
帧:80 内存:356.07M (峰值 356.07M) | 时间:00:00.31 | Mem:0.00M, Peak:0.00M | 烟雨江南 · 雪月江南, 视图层 | Synchronizing object | JN_院墙黛瓦_筒瓦.057
帧:80 内存:356.16M (峰值 356.16M) | 时间:00:00.31 | Mem:0.00M, Peak:0.00M | 烟雨江南 · 雪月江南, 视图层 | Synchronizing object | JN_院墙黛瓦_筒瓦.058
帧:80 内存:356.25M (峰值 356.25M) | 时间:00:00.31 | Mem:0.00M, Peak:0.00M | 烟雨江南 · 雪月江南, 视图层 | Synchronizing object | JN_院墙黛瓦_筒瓦.059
帧:80 内存:356.34M (峰值 356.34M) | 时间:00:00.31 | Mem:0.00M, Peak:0.00M | 烟雨江南 · 雪月江南, 视图层 | Synchronizing object | JN_院墙黛瓦_筒瓦.060
帧:80 内存:356.43M (峰值 356.43M) | 时间:00:00.31 | Mem:0.00M, Peak:0.00M | 烟雨江南 · 雪月江南, 视图层 | Synchronizing object | JN_院墙黛瓦_筒瓦.061
帧:80 内存:356.52M (峰值 356.52M) | 时间:00:00.31 | Mem:0.00M, Peak:0.00M | 烟雨江南 · 雪月江南, 视图层 | Synchronizing object | JN_院墙黛瓦_筒瓦.062
帧:80 内存:356.62M (峰值 356.62M) | 时间:00:00.31 | Mem:0.00M, Peak:0.00M | 烟雨江南 · 雪月江南, 视图层 | Synchronizing object | JN_院墙黛瓦_筒瓦.063
帧:80 内存:356.71M (峰值 356.71M) | 时间:00:00.31 | Mem:0.00M, Peak:0.00M | 烟雨江南 · 雪月江南, 视图层 | Synchronizing object | JN_院墙黛瓦_筒瓦.064
帧:80 内存:356.80M (峰值 356.80M) | 时间:00:00.31 | Mem:0.00M, Peak:0.00M | 烟雨江南 · 雪月江南, 视图层 | Synchronizing object | JN_院墙黛瓦_筒瓦.065
帧:80 内存:356.89M (峰值 356.89M) | 时间:00:00.31 | Mem:0.00M, Peak:0.00M | 烟雨江南 · 雪月江南, 视图层 | Synchronizing object | JN_院墙黛瓦_筒瓦.066
帧:80 内存:356.98M (峰值 356.98M) | 时间:00:00.31 | Mem:0.00M, Peak:0.00M | 烟雨江南 · 雪月江南, 视图层 | Synchronizing object | JN_院墙黛瓦_筒瓦.067
帧:80 内存:357.07M (峰值 357.07M) | 时间:00:00.31 | Mem:0.00M, Peak:0.00M | 烟雨江南 · 雪月江南, 视图层 | Synchronizing object | JN_院墙黛瓦_筒瓦.068
帧:80 内存:357.16M (峰值 357.16M) | 时间:00:00.31 | Mem:0.00M, Peak:0.00M | 烟雨江南 · 雪月江南, 视图层 | Synchronizing object | JN_院墙黛瓦_筒瓦.069
帧:80 内存:357.25M (峰值 357.25M) | 时间:00:00.31 | Mem:0.00M, Peak:0.00M | 烟雨江南 · 雪月江南, 视图层 | Synchronizing object | JN_院墙黛瓦_筒瓦.070
帧:80 内存:357.35M (峰值 357.35M) | 时间:00:00.31 | Mem:0.00M, Peak:0.00M | 烟雨江南 · 雪月江南, 视图层 | Synchronizing object | JN_院墙黛瓦_筒瓦.071
帧:80 内存:357.44M (峰值 357.44M) | 时间:00:00.31 | Mem:0.00M, Peak:0.00M | 烟雨江南 · 雪月江南, 视图层 | Synchronizing object | JN_院墙黛瓦_筒瓦.072
帧:80 内存:357.53M (峰值 357.53M) | 时间:00:00.31 | Mem:0.00M, Peak:0.00M | 烟雨江南 · 雪月江南, 视图层 | Synchronizing object | JN_院墙黛瓦_筒瓦.073
帧:80 内存:357.62M (峰值 357.62M) | 时间:00:00.31 | Mem:0.00M, Peak:0.00M | 烟雨江南 · 雪月江南, 视图层 | Synchronizing object | JN_院墙黛瓦_筒瓦.074
帧:80 内存:357.71M (峰值 357.71M) | 时间:00:00.31 | Mem:0.00M, Peak:0.00M | 烟雨江南 · 雪月江南, 视图层 | Synchronizing object | JN_院墙黛瓦_筒瓦.075
帧:80 内存:357.80M (峰值 357.80M) | 时间:00:00.31 | Mem:0.00M, Peak:0.00M | 烟雨江南 · 雪月江南, 视图层 | Synchronizing object | JN_院墙黛瓦_筒瓦.076
帧:80 内存:357.89M (峰值 357.89M) | 时间:00:00.31 | Mem:0.00M, Peak:0.00M | 烟雨江南 · 雪月江南, 视图层 | Synchronizing object | JN_院墙黛瓦_筒瓦.077
帧:80 内存:357.99M (峰值 357.99M) | 时间:00:00.31 | Mem:0.00M, Peak:0.00M | 烟雨江南 · 雪月江南, 视图层 | Synchronizing object | JN_院墙黛瓦_筒瓦.078
帧:80 内存:358.08M (峰值 358.08M) | 时间:00:00.31 | Mem:0.00M, Peak:0.00M | 烟雨江南 · 雪月江南, 视图层 | Synchronizing object | JN_院墙黛瓦_筒瓦.079
帧:80 内存:358.17M (峰值 358.17M) | 时间:00:00.31 | Mem:0.00M, Peak:0.00M | 烟雨江南 · 雪月江南, 视图层 | Synchronizing object | JN_院墙黛瓦_筒瓦.080
帧:80 内存:358.26M (峰值 358.26M) | 时间:00:00.31 | Mem:0.00M, Peak:0.00M | 烟雨江南 · 雪月江南, 视图层 | Synchronizing object | JN_院墙黛瓦_筒瓦.081
帧:80 内存:358.35M (峰值 358.35M) | 时间:00:00.31 | Mem:0.00M, Peak:0.00M | 烟雨江南 · 雪月江南, 视图层 | Synchronizing object | JN_院墙黛瓦_筒瓦.082
帧:80 内存:358.44M (峰值 358.44M) | 时间:00:00.31 | Mem:0.00M, Peak:0.00M | 烟雨江南 · 雪月江南, 视图层 | Synchronizing object | JN_院墙黛瓦_筒瓦.083
帧:80 内存:358.53M (峰值 358.53M) | 时间:00:00.31 | Mem:0.00M, Peak:0.00M | 烟雨江南 · 雪月江南, 视图层 | Synchronizing object | JN_院墙黛瓦_筒瓦.084
帧:80 内存:358.62M (峰值 358.62M) | 时间:00:00.31 | Mem:0.00M, Peak:0.00M | 烟雨江南 · 雪月江南, 视图层 | Synchronizing object | JN_院墙黛瓦_筒瓦.085
帧:80 内存:358.72M (峰值 358.72M) | 时间:00:00.31 | Mem:0.00M, Peak:0.00M | 烟雨江南 · 雪月江南, 视图层 | Synchronizing object | JN_院墙黛瓦_筒瓦.086
帧:80 内存:358.81M (峰值 358.81M) | 时间:00:00.31 | Mem:0.00M, Peak:0.00M | 烟雨江南 · 雪月江南, 视图层 | Synchronizing object | JN_院墙黛瓦_筒瓦.087
帧:80 内存:358.90M (峰值 358.90M) | 时间:00:00.31 | Mem:0.00M, Peak:0.00M | 烟雨江南 · 雪月江南, 视图层 | Synchronizing object | JN_院墙黛瓦_筒瓦.088
帧:80 内存:358.99M (峰值 358.99M) | 时间:00:00.31 | Mem:0.00M, Peak:0.00M | 烟雨江南 · 雪月江南, 视图层 | Synchronizing object | JN_院墙黛瓦_筒瓦.089
帧:80 内存:359.08M (峰值 359.08M) | 时间:00:00.32 | Mem:0.00M, Peak:0.00M | 烟雨江南 · 雪月江南, 视图层 | Synchronizing object | JN_院墙黛瓦_筒瓦.090
帧:80 内存:359.17M (峰值 359.17M) | 时间:00:00.32 | Mem:0.00M, Peak:0.00M | 烟雨江南 · 雪月江南, 视图层 | Synchronizing object | JN_院墙黛瓦_筒瓦.091
帧:80 内存:359.26M (峰值 359.26M) | 时间:00:00.32 | Mem:0.00M, Peak:0.00M | 烟雨江南 · 雪月江南, 视图层 | Synchronizing object | JN_院墙黛瓦_筒瓦.092
帧:80 内存:359.36M (峰值 359.36M) | 时间:00:00.32 | Mem:0.00M, Peak:0.00M | 烟雨江南 · 雪月江南, 视图层 | Synchronizing object | JN_院墙黛瓦_筒瓦.093
帧:80 内存:359.45M (峰值 359.45M) | 时间:00:00.32 | Mem:0.00M, Peak:0.00M | 烟雨江南 · 雪月江南, 视图层 | Synchronizing object | JN_院墙黛瓦_筒瓦.094
帧:80 内存:359.54M (峰值 359.54M) | 时间:00:00.32 | Mem:0.00M, Peak:0.00M | 烟雨江南 · 雪月江南, 视图层 | Synchronizing object | JN_院墙黛瓦_筒瓦.095
帧:80 内存:359.63M (峰值 359.63M) | 时间:00:00.32 | Mem:0.00M, Peak:0.00M | 烟雨江南 · 雪月江南, 视图层 | Synchronizing object | JN_院墙黛瓦_筒瓦.096
帧:80 内存:359.72M (峰值 359.72M) | 时间:00:00.32 | Mem:0.00M, Peak:0.00M | 烟雨江南 · 雪月江南, 视图层 | Synchronizing object | JN_院墙黛瓦_筒瓦.097
帧:80 内存:359.81M (峰值 359.81M) | 时间:00:00.32 | Mem:0.00M, Peak:0.00M | 烟雨江南 · 雪月江南, 视图层 | Synchronizing object | JN_院墙黛瓦_筒瓦.098
帧:80 内存:359.90M (峰值 359.90M) | 时间:00:00.32 | Mem:0.00M, Peak:0.00M | 烟雨江南 · 雪月江南, 视图层 | Synchronizing object | JN_院墙黛瓦_筒瓦.099
帧:80 内存:359.99M (峰值 359.99M) | 时间:00:00.32 | Mem:0.00M, Peak:0.00M | 烟雨江南 · 雪月江南, 视图层 | Synchronizing object | JN_院墙黛瓦_筒瓦.100
帧:80 内存:360.09M (峰值 360.09M) | 时间:00:00.32 | Mem:0.00M, Peak:0.00M | 烟雨江南 · 雪月江南, 视图层 | Synchronizing object | JN_院墙黛瓦_筒瓦.101
帧:80 内存:360.18M (峰值 360.18M) | 时间:00:00.32 | Mem:0.00M, Peak:0.00M | 烟雨江南 · 雪月江南, 视图层 | Synchronizing object | JN_院墙黛瓦_筒瓦.102
帧:80 内存:360.27M (峰值 360.27M) | 时间:00:00.32 | Mem:0.00M, Peak:0.00M | 烟雨江南 · 雪月江南, 视图层 | Synchronizing object | JN_院墙黛瓦_筒瓦.103
帧:80 内存:360.36M (峰值 360.36M) | 时间:00:00.32 | Mem:0.00M, Peak:0.00M | 烟雨江南 · 雪月江南, 视图层 | Synchronizing object | JN_院墙黛瓦_筒瓦.104
帧:80 内存:360.45M (峰值 360.45M) | 时间:00:00.32 | Mem:0.00M, Peak:0.00M | 烟雨江南 · 雪月江南, 视图层 | Synchronizing object | JN_院墙黛瓦_筒瓦.105
帧:80 内存:360.54M (峰值 360.54M) | 时间:00:00.32 | Mem:0.00M, Peak:0.00M | 烟雨江南 · 雪月江南, 视图层 | Synchronizing object | JN_院墙黛瓦_筒瓦.106
帧:80 内存:360.63M (峰值 360.63M) | 时间:00:00.32 | Mem:0.00M, Peak:0.00M | 烟雨江南 · 雪月江南, 视图层 | Synchronizing object | JN_院墙黛瓦_筒瓦.107
帧:80 内存:360.72M (峰值 360.72M) | 时间:00:00.32 | Mem:0.00M, Peak:0.00M | 烟雨江南 · 雪月江南, 视图层 | Synchronizing object | JN_院墙黛瓦_筒瓦.108
帧:80 内存:360.82M (峰值 360.82M) | 时间:00:00.32 | Mem:0.00M, Peak:0.00M | 烟雨江南 · 雪月江南, 视图层 | Synchronizing object | JN_院墙黛瓦_筒瓦.109
帧:80 内存:360.91M (峰值 360.91M) | 时间:00:00.32 | Mem:0.00M, Peak:0.00M | 烟雨江南 · 雪月江南, 视图层 | Synchronizing object | JN_院墙黛瓦_筒瓦.110
帧:80 内存:361.00M (峰值 361.00M) | 时间:00:00.32 | Mem:0.00M, Peak:0.00M | 烟雨江南 · 雪月江南, 视图层 | Synchronizing object | JN_院墙黛瓦_筒瓦.111
帧:80 内存:361.09M (峰值 361.09M) | 时间:00:00.32 | Mem:0.00M, Peak:0.00M | 烟雨江南 · 雪月江南, 视图层 | Synchronizing object | JN_院墙黛瓦_筒瓦.112
帧:80 内存:361.18M (峰值 361.18M) | 时间:00:00.32 | Mem:0.00M, Peak:0.00M | 烟雨江南 · 雪月江南, 视图层 | Synchronizing object | JN_院墙黛瓦_筒瓦.113
帧:80 内存:361.27M (峰值 361.27M) | 时间:00:00.32 | Mem:0.00M, Peak:0.00M | 烟雨江南 · 雪月江南, 视图层 | Synchronizing object | JN_院墙黛瓦_筒瓦.114
帧:80 内存:361.36M (峰值 361.36M) | 时间:00:00.32 | Mem:0.00M, Peak:0.00M | 烟雨江南 · 雪月江南, 视图层 | Synchronizing object | JN_院墙黛瓦_筒瓦.115
帧:80 内存:361.45M (峰值 361.45M) | 时间:00:00.32 | Mem:0.00M, Peak:0.00M | 烟雨江南 · 雪月江南, 视图层 | Synchronizing object | JN_院墙黛瓦_筒瓦.116
帧:80 内存:361.55M (峰值 361.55M) | 时间:00:00.32 | Mem:0.00M, Peak:0.00M | 烟雨江南 · 雪月江南, 视图层 | Synchronizing object | JN_院墙黛瓦_筒瓦.117
帧:80 内存:361.64M (峰值 361.64M) | 时间:00:00.32 | Mem:0.00M, Peak:0.00M | 烟雨江南 · 雪月江南, 视图层 | Synchronizing object | JN_院墙黛瓦_筒瓦.118
帧:80 内存:361.73M (峰值 361.73M) | 时间:00:00.32 | Mem:0.00M, Peak:0.00M | 烟雨江南 · 雪月江南, 视图层 | Synchronizing object | JN_院墙黛瓦_筒瓦.119
帧:80 内存:361.82M (峰值 361.82M) | 时间:00:00.32 | Mem:0.00M, Peak:0.00M | 烟雨江南 · 雪月江南, 视图层 | Synchronizing object | JN_院墙黛瓦_筒瓦.120
帧:80 内存:361.91M (峰值 361.91M) | 时间:00:00.32 | Mem:0.00M, Peak:0.00M | 烟雨江南 · 雪月江南, 视图层 | Synchronizing object | JN_院墙黛瓦_筒瓦.121
帧:80 内存:362.00M (峰值 362.00M) | 时间:00:00.32 | Mem:0.00M, Peak:0.00M | 烟雨江南 · 雪月江南, 视图层 | Synchronizing object | JN_院墙黛瓦_筒瓦.122
帧:80 内存:362.09M (峰值 362.09M) | 时间:00:00.32 | Mem:0.00M, Peak:0.00M | 烟雨江南 · 雪月江南, 视图层 | Synchronizing object | JN_院墙黛瓦_筒瓦.123
帧:80 内存:362.19M (峰值 362.19M) | 时间:00:00.32 | Mem:0.00M, Peak:0.00M | 烟雨江南 · 雪月江南, 视图层 | Synchronizing object | JN_院墙黛瓦_筒瓦.124
帧:80 内存:362.28M (峰值 362.28M) | 时间:00:00.32 | Mem:0.00M, Peak:0.00M | 烟雨江南 · 雪月江南, 视图层 | Synchronizing object | JN_院墙黛瓦_筒瓦.125
帧:80 内存:362.37M (峰值 362.37M) | 时间:00:00.32 | Mem:0.00M, Peak:0.00M | 烟雨江南 · 雪月江南, 视图层 | Synchronizing object | JN_院墙黛瓦_筒瓦.126
帧:80 内存:362.46M (峰值 362.46M) | 时间:00:00.32 | Mem:0.00M, Peak:0.00M | 烟雨江南 · 雪月江南, 视图层 | Synchronizing object | JN_院墙黛瓦_筒瓦.127
帧:80 内存:362.55M (峰值 362.55M) | 时间:00:00.32 | Mem:0.00M, Peak:0.00M | 烟雨江南 · 雪月江南, 视图层 | Synchronizing object | JN_院墙黛瓦_筒瓦.128
帧:80 内存:362.64M (峰值 362.64M) | 时间:00:00.32 | Mem:0.00M, Peak:0.00M | 烟雨江南 · 雪月江南, 视图层 | Synchronizing object | JN_院墙黛瓦_筒瓦.129
帧:80 内存:362.73M (峰值 362.73M) | 时间:00:00.33 | Mem:0.00M, Peak:0.00M | 烟雨江南 · 雪月江南, 视图层 | Synchronizing object | JN_院墙黛瓦_筒瓦.130
帧:80 内存:362.82M (峰值 362.82M) | 时间:00:00.33 | Mem:0.00M, Peak:0.00M | 烟雨江南 · 雪月江南, 视图层 | Synchronizing object | JN_院墙黛瓦_筒瓦.131
帧:80 内存:362.92M (峰值 362.92M) | 时间:00:00.33 | Mem:0.00M, Peak:0.00M | 烟雨江南 · 雪月江南, 视图层 | Synchronizing object | JN_院墙黛瓦_筒瓦.132
帧:80 内存:363.01M (峰值 363.01M) | 时间:00:00.33 | Mem:0.00M, Peak:0.00M | 烟雨江南 · 雪月江南, 视图层 | Synchronizing object | JN_院墙黛瓦_筒瓦.133
帧:80 内存:363.10M (峰值 363.10M) | 时间:00:00.33 | Mem:0.00M, Peak:0.00M | 烟雨江南 · 雪月江南, 视图层 | Synchronizing object | JN_院墙黛瓦_筒瓦.134
帧:80 内存:363.19M (峰值 363.19M) | 时间:00:00.33 | Mem:0.00M, Peak:0.00M | 烟雨江南 · 雪月江南, 视图层 | Synchronizing object | JN_院墙黛瓦_筒瓦.135
帧:80 内存:363.28M (峰值 363.28M) | 时间:00:00.33 | Mem:0.00M, Peak:0.00M | 烟雨江南 · 雪月江南, 视图层 | Synchronizing object | JN_院墙黛瓦_筒瓦.136
帧:80 内存:363.37M (峰值 363.37M) | 时间:00:00.33 | Mem:0.00M, Peak:0.00M | 烟雨江南 · 雪月江南, 视图层 | Synchronizing object | JN_院墙黛瓦_筒瓦.137
帧:80 内存:363.46M (峰值 363.46M) | 时间:00:00.33 | Mem:0.00M, Peak:0.00M | 烟雨江南 · 雪月江南, 视图层 | Synchronizing object | JN_院墙黛瓦_筒瓦.138
帧:80 内存:363.55M (峰值 363.55M) | 时间:00:00.33 | Mem:0.00M, Peak:0.00M | 烟雨江南 · 雪月江南, 视图层 | Synchronizing object | JN_院墙黛瓦_筒瓦.139
帧:80 内存:363.65M (峰值 363.65M) | 时间:00:00.33 | Mem:0.00M, Peak:0.00M | 烟雨江南 · 雪月江南, 视图层 | Synchronizing object | JN_院墙黛瓦_筒瓦.140
帧:80 内存:363.74M (峰值 363.74M) | 时间:00:00.33 | Mem:0.00M, Peak:0.00M | 烟雨江南 · 雪月江南, 视图层 | Synchronizing object | JN_院墙黛瓦_筒瓦.141
帧:80 内存:363.83M (峰值 363.83M) | 时间:00:00.33 | Mem:0.00M, Peak:0.00M | 烟雨江南 · 雪月江南, 视图层 | Synchronizing object | JN_院墙黛瓦_筒瓦.142
帧:80 内存:363.92M (峰值 363.92M) | 时间:00:00.33 | Mem:0.00M, Peak:0.00M | 烟雨江南 · 雪月江南, 视图层 | Synchronizing object | JN_院墙黛瓦_筒瓦.143
帧:80 内存:364.01M (峰值 364.01M) | 时间:00:00.33 | Mem:0.00M, Peak:0.00M | 烟雨江南 · 雪月江南, 视图层 | Synchronizing object | JN_院墙黛瓦_筒瓦.144
帧:80 内存:364.10M (峰值 364.10M) | 时间:00:00.33 | Mem:0.00M, Peak:0.00M | 烟雨江南 · 雪月江南, 视图层 | Synchronizing object | JN_院墙黛瓦_筒瓦.145
帧:80 内存:364.20M (峰值 364.20M) | 时间:00:00.33 | Mem:0.00M, Peak:0.00M | 烟雨江南 · 雪月江南, 视图层 | Synchronizing object | JN_院墙黛瓦_筒瓦.146
帧:80 内存:364.29M (峰值 364.29M) | 时间:00:00.33 | Mem:0.00M, Peak:0.00M | 烟雨江南 · 雪月江南, 视图层 | Synchronizing object | JN_院墙黛瓦_筒瓦.147
帧:80 内存:364.38M (峰值 364.38M) | 时间:00:00.33 | Mem:0.00M, Peak:0.00M | 烟雨江南 · 雪月江南, 视图层 | Synchronizing object | JN_院墙黛瓦_筒瓦.148
帧:80 内存:364.47M (峰值 364.47M) | 时间:00:00.33 | Mem:0.00M, Peak:0.00M | 烟雨江南 · 雪月江南, 视图层 | Synchronizing object | JN_院墙黛瓦_筒瓦.149
帧:80 内存:364.56M (峰值 364.56M) | 时间:00:00.33 | Mem:0.00M, Peak:0.00M | 烟雨江南 · 雪月江南, 视图层 | Synchronizing object | JN_院墙黛瓦_筒瓦.150
帧:80 内存:364.65M (峰值 364.65M) | 时间:00:00.33 | Mem:0.00M, Peak:0.00M | 烟雨江南 · 雪月江南, 视图层 | Synchronizing object | JN_院墙黛瓦_筒瓦.151
帧:80 内存:364.74M (峰值 364.74M) | 时间:00:00.33 | Mem:0.00M, Peak:0.00M | 烟雨江南 · 雪月江南, 视图层 | Synchronizing object | JN_院墙黛瓦_筒瓦.152
帧:80 内存:364.83M (峰值 364.83M) | 时间:00:00.33 | Mem:0.00M, Peak:0.00M | 烟雨江南 · 雪月江南, 视图层 | Synchronizing object | JN_院墙黛瓦_筒瓦.153
帧:80 内存:364.93M (峰值 364.93M) | 时间:00:00.33 | Mem:0.00M, Peak:0.00M | 烟雨江南 · 雪月江南, 视图层 | Synchronizing object | JN_院墙黛瓦_筒瓦.154
帧:80 内存:365.02M (峰值 365.02M) | 时间:00:00.33 | Mem:0.00M, Peak:0.00M | 烟雨江南 · 雪月江南, 视图层 | Synchronizing object | JN_院墙黛瓦_筒瓦.155
帧:80 内存:365.11M (峰值 365.11M) | 时间:00:00.33 | Mem:0.00M, Peak:0.00M | 烟雨江南 · 雪月江南, 视图层 | Synchronizing object | JN_院墙黛瓦_筒瓦.156
帧:80 内存:365.20M (峰值 365.20M) | 时间:00:00.33 | Mem:0.00M, Peak:0.00M | 烟雨江南 · 雪月江南, 视图层 | Synchronizing object | JN_院墙黛瓦_筒瓦.157
帧:80 内存:365.29M (峰值 365.29M) | 时间:00:00.33 | Mem:0.00M, Peak:0.00M | 烟雨江南 · 雪月江南, 视图层 | Synchronizing object | JN_院墙黛瓦_筒瓦.158
帧:80 内存:365.38M (峰值 365.38M) | 时间:00:00.33 | Mem:0.00M, Peak:0.00M | 烟雨江南 · 雪月江南, 视图层 | Synchronizing object | JN_院墙黛瓦_筒瓦.159
帧:80 内存:365.47M (峰值 365.47M) | 时间:00:00.33 | Mem:0.00M, Peak:0.00M | 烟雨江南 · 雪月江南, 视图层 | Synchronizing object | JN_院墙黛瓦_筒瓦.160
帧:80 内存:365.56M (峰值 365.56M) | 时间:00:00.33 | Mem:0.00M, Peak:0.00M | 烟雨江南 · 雪月江南, 视图层 | Synchronizing object | JN_院墙黛瓦_筒瓦.161
帧:80 内存:365.66M (峰值 365.66M) | 时间:00:00.33 | Mem:0.00M, Peak:0.00M | 烟雨江南 · 雪月江南, 视图层 | Synchronizing object | JN_院墙黛瓦_筒瓦.162
帧:80 内存:365.75M (峰值 365.75M) | 时间:00:00.33 | Mem:0.00M, Peak:0.00M | 烟雨江南 · 雪月江南, 视图层 | Synchronizing object | JN_院墙黛瓦_筒瓦.163
帧:80 内存:365.84M (峰值 365.84M) | 时间:00:00.33 | Mem:0.00M, Peak:0.00M | 烟雨江南 · 雪月江南, 视图层 | Synchronizing object | JN_院墙黛瓦_筒瓦.164
帧:80 内存:365.93M (峰值 365.93M) | 时间:00:00.33 | Mem:0.00M, Peak:0.00M | 烟雨江南 · 雪月江南, 视图层 | Synchronizing object | JN_院墙黛瓦_筒瓦.165
帧:80 内存:366.02M (峰值 366.02M) | 时间:00:00.33 | Mem:0.00M, Peak:0.00M | 烟雨江南 · 雪月江南, 视图层 | Synchronizing object | JN_院墙黛瓦_筒瓦.166
帧:80 内存:366.11M (峰值 366.11M) | 时间:00:00.34 | Mem:0.00M, Peak:0.00M | 烟雨江南 · 雪月江南, 视图层 | Synchronizing object | JN_院墙黛瓦_筒瓦.167
帧:80 内存:366.20M (峰值 366.20M) | 时间:00:00.34 | Mem:0.00M, Peak:0.00M | 烟雨江南 · 雪月江南, 视图层 | Synchronizing object | JN_院墙黛瓦_筒瓦.168
帧:80 内存:366.29M (峰值 366.29M) | 时间:00:00.34 | Mem:0.00M, Peak:0.00M | 烟雨江南 · 雪月江南, 视图层 | Synchronizing object | JN_院墙黛瓦_筒瓦.169
帧:80 内存:366.39M (峰值 366.39M) | 时间:00:00.34 | Mem:0.00M, Peak:0.00M | 烟雨江南 · 雪月江南, 视图层 | Synchronizing object | JN_院墙黛瓦_筒瓦.170
帧:80 内存:366.48M (峰值 366.48M) | 时间:00:00.34 | Mem:0.00M, Peak:0.00M | 烟雨江南 · 雪月江南, 视图层 | Synchronizing object | JN_院墙黛瓦_筒瓦.171
帧:80 内存:366.57M (峰值 366.57M) | 时间:00:00.34 | Mem:0.00M, Peak:0.00M | 烟雨江南 · 雪月江南, 视图层 | Synchronizing object | JN_院墙黛瓦_筒瓦.172
帧:80 内存:366.66M (峰值 366.66M) | 时间:00:00.34 | Mem:0.00M, Peak:0.00M | 烟雨江南 · 雪月江南, 视图层 | Synchronizing object | JN_院墙黛瓦_筒瓦.173
帧:80 内存:366.75M (峰值 366.75M) | 时间:00:00.34 | Mem:0.00M, Peak:0.00M | 烟雨江南 · 雪月江南, 视图层 | Synchronizing object | JN_院墙黛瓦_筒瓦.174
帧:80 内存:366.84M (峰值 366.84M) | 时间:00:00.34 | Mem:0.00M, Peak:0.00M | 烟雨江南 · 雪月江南, 视图层 | Synchronizing object | JN_院墙黛瓦_筒瓦.175
帧:80 内存:366.93M (峰值 366.93M) | 时间:00:00.34 | Mem:0.00M, Peak:0.00M | 烟雨江南 · 雪月江南, 视图层 | Synchronizing object | JN_院墙黛瓦_筒瓦.176
帧:80 内存:367.03M (峰值 367.03M) | 时间:00:00.34 | Mem:0.00M, Peak:0.00M | 烟雨江南 · 雪月江南, 视图层 | Synchronizing object | JN_院墙黛瓦_筒瓦.177
帧:80 内存:367.12M (峰值 367.12M) | 时间:00:00.34 | Mem:0.00M, Peak:0.00M | 烟雨江南 · 雪月江南, 视图层 | Synchronizing object | JN_院墙黛瓦_筒瓦.178
帧:80 内存:367.21M (峰值 367.21M) | 时间:00:00.34 | Mem:0.00M, Peak:0.00M | 烟雨江南 · 雪月江南, 视图层 | Synchronizing object | JN_院墙黛瓦_筒瓦.179
帧:80 内存:367.30M (峰值 367.30M) | 时间:00:00.34 | Mem:0.00M, Peak:0.00M | 烟雨江南 · 雪月江南, 视图层 | Synchronizing object | JN_院墙黛瓦_筒瓦.180
帧:80 内存:367.39M (峰值 367.39M) | 时间:00:00.34 | Mem:0.00M, Peak:0.00M | 烟雨江南 · 雪月江南, 视图层 | Synchronizing object | JN_院墙黛瓦_筒瓦.181
帧:80 内存:367.48M (峰值 367.48M) | 时间:00:00.34 | Mem:0.00M, Peak:0.00M | 烟雨江南 · 雪月江南, 视图层 | Synchronizing object | JN_院墙黛瓦_筒瓦.182
帧:80 内存:367.57M (峰值 367.57M) | 时间:00:00.34 | Mem:0.00M, Peak:0.00M | 烟雨江南 · 雪月江南, 视图层 | Synchronizing object | JN_院墙黛瓦_筒瓦.183
帧:80 内存:367.66M (峰值 367.66M) | 时间:00:00.34 | Mem:0.00M, Peak:0.00M | 烟雨江南 · 雪月江南, 视图层 | Synchronizing object | JN_院墙黛瓦_筒瓦.184
帧:80 内存:367.76M (峰值 367.76M) | 时间:00:00.34 | Mem:0.00M, Peak:0.00M | 烟雨江南 · 雪月江南, 视图层 | Synchronizing object | JN_院墙黛瓦_筒瓦.185
帧:80 内存:367.85M (峰值 367.85M) | 时间:00:00.34 | Mem:0.00M, Peak:0.00M | 烟雨江南 · 雪月江南, 视图层 | Synchronizing object | JN_院墙黛瓦_筒瓦.186
帧:80 内存:367.94M (峰值 367.94M) | 时间:00:00.34 | Mem:0.00M, Peak:0.00M | 烟雨江南 · 雪月江南, 视图层 | Synchronizing object | JN_院墙黛瓦_筒瓦.187
帧:80 内存:368.03M (峰值 368.03M) | 时间:00:00.34 | Mem:0.00M, Peak:0.00M | 烟雨江南 · 雪月江南, 视图层 | Synchronizing object | JN_院墙黛瓦_筒瓦.188
帧:80 内存:368.12M (峰值 368.12M) | 时间:00:00.34 | Mem:0.00M, Peak:0.00M | 烟雨江南 · 雪月江南, 视图层 | Synchronizing object | JN_院墙黛瓦_筒瓦.189
帧:80 内存:368.21M (峰值 368.21M) | 时间:00:00.34 | Mem:0.00M, Peak:0.00M | 烟雨江南 · 雪月江南, 视图层 | Synchronizing object | JN_院墙黛瓦_筒瓦.190
帧:80 内存:368.30M (峰值 368.30M) | 时间:00:00.34 | Mem:0.00M, Peak:0.00M | 烟雨江南 · 雪月江南, 视图层 | Synchronizing object | JN_院墙黛瓦_筒瓦.191
帧:80 内存:368.39M (峰值 368.39M) | 时间:00:00.34 | Mem:0.00M, Peak:0.00M | 烟雨江南 · 雪月江南, 视图层 | Synchronizing object | JN_院墙黛瓦_筒瓦.192
帧:80 内存:368.49M (峰值 368.49M) | 时间:00:00.34 | Mem:0.00M, Peak:0.00M | 烟雨江南 · 雪月江南, 视图层 | Synchronizing object | JN_院墙黛瓦_筒瓦.193
帧:80 内存:368.58M (峰值 368.58M) | 时间:00:00.34 | Mem:0.00M, Peak:0.00M | 烟雨江南 · 雪月江南, 视图层 | Synchronizing object | JN_院墙黛瓦_筒瓦.194
帧:80 内存:368.67M (峰值 368.67M) | 时间:00:00.34 | Mem:0.00M, Peak:0.00M | 烟雨江南 · 雪月江南, 视图层 | Synchronizing object | JN_院墙黛瓦_筒瓦.195
帧:80 内存:368.76M (峰值 368.76M) | 时间:00:00.34 | Mem:0.00M, Peak:0.00M | 烟雨江南 · 雪月江南, 视图层 | Synchronizing object | JN_院墙黛瓦_筒瓦.196
帧:80 内存:368.85M (峰值 368.85M) | 时间:00:00.34 | Mem:0.00M, Peak:0.00M | 烟雨江南 · 雪月江南, 视图层 | Synchronizing object | JN_院墙黛瓦_筒瓦.197
帧:80 内存:368.94M (峰值 368.94M) | 时间:00:00.34 | Mem:0.00M, Peak:0.00M | 烟雨江南 · 雪月江南, 视图层 | Synchronizing object | JN_院墙黛瓦_筒瓦.198
帧:80 内存:369.03M (峰值 369.03M) | 时间:00:00.34 | Mem:0.00M, Peak:0.00M | 烟雨江南 · 雪月江南, 视图层 | Synchronizing object | JN_院墙黛瓦_筒瓦.199
帧:80 内存:369.12M (峰值 369.12M) | 时间:00:00.34 | Mem:0.00M, Peak:0.00M | 烟雨江南 · 雪月江南, 视图层 | Synchronizing object | JN_院墙黛瓦_筒瓦.200
帧:80 内存:369.22M (峰值 369.22M) | 时间:00:00.34 | Mem:0.00M, Peak:0.00M | 烟雨江南 · 雪月江南, 视图层 | Synchronizing object | JN_院墙黛瓦_筒瓦.201
帧:80 内存:369.31M (峰值 369.31M) | 时间:00:00.34 | Mem:0.00M, Peak:0.00M | 烟雨江南 · 雪月江南, 视图层 | Synchronizing object | JN_院墙黛瓦_正脊
Fra:80 Mem:369.31M (Peak 369.31M) | Time:00:00.35 | Mem:0.00M, Peak:0.00M | 烟雨江南 · 雪月江南, 视图层 | Synchronizing object | JN_院墙黛瓦_瓦面
帧:80 内存:369.41M (峰值 369.41M) | 时间:00:00.35 | Mem:0.00M, Peak:0.00M | 烟雨江南 · 雪月江南, 视图层 | Synchronizing object | JN_院墙黛瓦_檐口
帧:80 内存:369.85M (峰值 369.85M) | 时间:00:00.35 | Mem:0.00M, Peak:0.00M | 烟雨江南 · 雪月江南, 视图层 | Synchronizing object | JN_院墙黛瓦_檐口.001
Fra:80 Mem:369.93M (Peak 369.93M) | Time:00:00.35 | Mem:0.00M, Peak:0.00M | 烟雨江南 · 雪月江南, 视图层 | Synchronizing object | JN_东墙
Fra:80 Mem:369.93M (Peak 369.93M) | Time:00:00.35 | Mem:0.00M, Peak:0.00M | 烟雨江南 · 雪月江南, 视图层 | Synchronizing object | JN_漏窗格.004
帧:80 内存:369.94M (峰值 369.94M) | 时间:00:00.35 | Mem:0.00M, Peak:0.00M | 烟雨江南 · 雪月江南, 视图层 | Synchronizing object | JN_木柱
Fra:80 Mem:369.96M (Peak 369.96M) | Time:00:00.35 | Mem:0.00M, Peak:0.00M | 烟雨江南 · 雪月江南, 视图层 | Synchronizing object | JN_漏窗格.006
Fra:80 Mem:369.97M (Peak 369.97M) | Time:00:00.35 | Mem:0.00M, Peak:0.00M | 烟雨江南 · 雪月江南, 视图层 | Synchronizing object | JN_漏窗格.007
Fra:80 Mem:369.99M (Peak 369.99M) | Time:00:00.35 | Mem:0.00M, Peak:0.00M | 烟雨江南 · 雪月江南, 视图层 | Synchronizing object | JN_漏窗格.008
Fra:80 Mem:370.00M (Peak 370.00M) | Time:00:00.35 | Mem:0.00M, Peak:0.00M | 烟雨江南 · 雪月江南, 视图层 | Synchronizing object | JN_漏窗暗底.001
Fra:80 Mem:370.00M (Peak 370.00M) | Time:00:00.35 | Mem:0.00M, Peak:0.00M | 烟雨江南 · 雪月江南, 视图层 | Synchronizing object | JN_漏窗格.010
帧:80 内存:370.01M (峰值 370.01M) | 时间:00:00.35 | Mem:0.00M, Peak:0.00M | 烟雨江南 · 雪月江南, 视图层 | Synchronizing object | JN_漏窗格.011
Fra:80 Mem:370.03M (Peak 370.03M) | Time:00:00.35 | Mem:0.00M, Peak:0.00M | 烟雨江南 · 雪月江南, 视图层 | Synchronizing object | JN_漏窗格.012
Fra:80 Mem:370.03M (Peak 370.03M) | Time:00:00.35 | Mem:0.00M, Peak:0.00M | 烟雨江南 · 雪月江南, 视图层 | Synchronizing object | JN_木柱.002
Fra:80 Mem:370.05M (Peak 370.05M) | Time:00:00.35 | Mem:0.00M, Peak:0.00M | 烟雨江南 · 雪月江南, 视图层 | Synchronizing object | JN_漏窗格.014
Fra:80 Mem:370.06M (Peak 370.06M) | Time:00:00.35 | Mem:0.00M, Peak:0.00M | 烟雨江南 · 雪月江南, 视图层 | Synchronizing object | JN_漏窗格.015
Fra:80 Mem:370.07M (Peak 370.07M) | Time:00:00.35 | Mem:0.00M, Peak:0.00M | 烟雨江南 · 雪月江南, 视图层 | Synchronizing object | JN_漏窗格.016
Fra:80 Mem:370.07M (Peak 370.07M) | Time:00:00.35 | Mem:0.00M, Peak:0.00M | 烟雨江南 · 雪月江南, 视图层 | Synchronizing object | JN_漏窗格.017
Fra:80 Mem:370.08M (Peak 370.08M) | Time:00:00.35 | Mem:0.00M, Peak:0.00M | 烟雨江南 · 雪月江南, 视图层 | Synchronizing object | JN_漏窗格.018
Fra:80 Mem:370.09M (Peak 370.09M) | Time:00:00.35 | Mem:0.00M, Peak:0.00M | 烟雨江南 · 雪月江南, 视图层 | Synchronizing object | JN_漏窗格.019
Fra:80 Mem:370.10M (Peak 370.10M) | Time:00:00.35 | Mem:0.00M, Peak:0.00M | 烟雨江南 · 雪月江南, 视图层 | Synchronizing object | JN_听雨轩台基
Fra:80 Mem:370.11M (Peak 370.11M) | Time:00:00.35 | Mem:0.00M, Peak:0.00M | 烟雨江南 · 雪月江南, 视图层 | Synchronizing object | JN_柱础
Fra:80 Mem:370.12M (Peak 370.12M) | Time:00:00.35 | Mem:0.00M, Peak:0.00M | 烟雨江南 · 雪月江南, 视图层 | Synchronizing object | JN_柱础.001
Fra:80 Mem:370.12M (Peak 370.12M) | Time:00:00.35 | Mem:0.00M, Peak:0.00M | 烟雨江南 · 雪月江南, 视图层 | Synchronizing object | JN_柱础.002
Fra:80 Mem:370.20M (Peak 370.20M) | Time:00:00.35 | Mem:0.00M, Peak:0.00M | 烟雨江南 · 雪月江南, 视图层 | Synchronizing object | JN_柱础.003
帧:80 内存:370.20M (峰值 370.20M) | 时间:00:00.35 | Mem:0.00M, Peak:0.00M | 烟雨江南 · 雪月江南, 视图层 | Synchronizing object | JN_木柱.003
Fra:80 Mem:370.23M (Peak 370.23M) | Time:00:00.35 | Mem:0.00M, Peak:0.00M | 烟雨江南 · 雪月江南, 视图层 | Synchronizing object | JN_轩梁
Fra:80 Mem:370.23M (Peak 370.23M) | Time:00:00.35 | Mem:0.00M, Peak:0.00M | 烟雨江南 · 雪月江南, 视图层 | Synchronizing object | JN_听雨轩_筒瓦
帧:80 内存:370.35M (峰值 370.35M) | 时间:00:00.35 | Mem:0.00M, Peak:0.00M | 烟雨江南 · 雪月江南, 视图层 | Synchronizing object | JN_听雨轩_筒瓦.001
帧:80 内存:370.44M (峰值 370.44M) | 时间:00:00.35 | Mem:0.00M, Peak:0.00M | 烟雨江南 · 雪月江南, 视图层 | Synchronizing object | JN_听雨轩_筒瓦.002
帧:80 内存:370.54M (峰值 370.54M) | 时间:00:00.35 | Mem:0.00M, Peak:0.00M | 烟雨江南 · 雪月江南, 视图层 | Synchronizing object | JN_听雨轩_筒瓦.003
帧:80 内存:370.63M (峰值 370.63M) | 时间:00:00.35 | Mem:0.00M, Peak:0.00M | 烟雨江南 · 雪月江南, 视图层 | Synchronizing object | JN_听雨轩_筒瓦.004
帧:80 内存:370.72M (峰值 370.72M) | 时间:00:00.35 | Mem:0.00M, Peak:0.00M | 烟雨江南 · 雪月江南, 视图层 | Synchronizing object | JN_听雨轩_筒瓦.005
帧:80 内存:370.81M (峰值 370.81M) | 时间:00:00.35 | Mem:0.00M, Peak:0.00M | 烟雨江南 · 雪月江南, 视图层 | Synchronizing object | JN_听雨轩_筒瓦.006
帧:80 内存:370.90M (峰值 370.90M) | 时间:00:00.35 | Mem:0.00M, Peak:0.00M | 烟雨江南 · 雪月江南, 视图层 | Synchronizing object | JN_听雨轩_筒瓦.007
帧:80 内存:370.99M (峰值 370.99M) | 时间:00:00.35 | Mem:0.00M, Peak:0.00M | 烟雨江南 · 雪月江南, 视图层 | Synchronizing object | JN_听雨轩_筒瓦.008
帧:80 内存:371.09M (峰值 371.09M) | 时间:00:00.35 | Mem:0.00M, Peak:0.00M | 烟雨江南 · 雪月江南, 视图层 | Synchronizing object | JN_听雨轩_筒瓦.009
帧:80 内存:371.18M (峰值 371.18M) | 时间:00:00.35 | Mem:0.00M, Peak:0.00M | 烟雨江南 · 雪月江南, 视图层 | Synchronizing object | JN_听雨轩_筒瓦.010
帧:80 内存:371.27M (峰值 371.27M) | 时间:00:00.35 | Mem:0.00M, Peak:0.00M | 烟雨江南 · 雪月江南, 视图层 | Synchronizing object | JN_听雨轩_筒瓦.011
帧:80 内存:371.36M (峰值 371.36M) | 时间:00:00.35 | Mem:0.00M, Peak:0.00M | 烟雨江南 · 雪月江南, 视图层 | Synchronizing object | JN_听雨轩_筒瓦.012
帧:80 内存:371.45M (峰值 371.45M) | 时间:00:00.35 | Mem:0.00M, Peak:0.00M | 烟雨江南 · 雪月江南, 视图层 | Synchronizing object | JN_听雨轩_筒瓦.013
帧:80 内存:371.54M (峰值 371.54M) | 时间:00:00.35 | Mem:0.00M, Peak:0.00M | 烟雨江南 · 雪月江南, 视图层 | Synchronizing object | JN_听雨轩_筒瓦.014
帧:80 内存:371.63M (峰值 371.63M) | 时间:00:00.35 | Mem:0.00M, Peak:0.00M | 烟雨江南 · 雪月江南, 视图层 | Synchronizing object | JN_听雨轩_筒瓦.015
帧:80 内存:371.73M (峰值 371.73M) | 时间:00:00.36 | Mem:0.00M, Peak:0.00M | 烟雨江南 · 雪月江南, 视图层 | Synchronizing object | JN_听雨轩_筒瓦.016
帧:80 内存:371.82M (峰值 371.82M) | 时间:00:00.36 | Mem:0.00M, Peak:0.00M | 烟雨江南 · 雪月江南, 视图层 | Synchronizing object | JN_听雨轩_筒瓦.017
帧:80 内存:371.91M (峰值 371.91M) | 时间:00:00.36 | Mem:0.00M, Peak:0.00M | 烟雨江南 · 雪月江南, 视图层 | Synchronizing object | JN_听雨轩_筒瓦.018
帧:80 内存:372.00M (峰值 372.00M) | 时间:00:00.36 | Mem:0.00M, Peak:0.00M | 烟雨江南 · 雪月江南, 视图层 | Synchronizing object | JN_听雨轩_筒瓦.019
帧:80 内存:372.09M (峰值 372.09M) | 时间:00:00.36 | Mem:0.00M, Peak:0.00M | 烟雨江南 · 雪月江南, 视图层 | Synchronizing object | JN_听雨轩_筒瓦.020
帧:80 内存:372.18M (峰值 372.18M) | 时间:00:00.36 | Mem:0.00M, Peak:0.00M | 烟雨江南 · 雪月江南, 视图层 | Synchronizing object | JN_听雨轩_筒瓦.021
帧:80 内存:372.27M (峰值 372.27M) | 时间:00:00.36 | Mem:0.00M, Peak:0.00M | 烟雨江南 · 雪月江南, 视图层 | Synchronizing object | JN_听雨轩_筒瓦.022
帧:80 内存:372.36M (峰值 372.36M) | 时间:00:00.36 | Mem:0.00M, Peak:0.00M | 烟雨江南 · 雪月江南, 视图层 | Synchronizing object | JN_听雨轩_筒瓦.023
帧:80 内存:372.46M (峰值 372.46M) | 时间:00:00.36 | Mem:0.00M, Peak:0.00M | 烟雨江南 · 雪月江南, 视图层 | Synchronizing object | JN_听雨轩_筒瓦.024
帧:80 内存:372.55M (峰值 372.55M) | 时间:00:00.36 | Mem:0.00M, Peak:0.00M | 烟雨江南 · 雪月江南, 视图层 | Synchronizing object | JN_听雨轩_筒瓦.025
帧:80 内存:372.64M (峰值 372.64M) | 时间:00:00.36 | Mem:0.00M, Peak:0.00M | 烟雨江南 · 雪月江南, 视图层 | Synchronizing object | JN_听雨轩_筒瓦.026
帧:80 内存:372.73M (峰值 372.73M) | 时间:00:00.36 | Mem:0.00M, Peak:0.00M | 烟雨江南 · 雪月江南, 视图层 | Synchronizing object | JN_听雨轩_筒瓦.027
帧:80 内存:372.82M (峰值 372.82M) | 时间:00:00.36 | Mem:0.00M, Peak:0.00M | 烟雨江南 · 雪月江南, 视图层 | Synchronizing object | JN_听雨轩_筒瓦.028
帧:80 内存:372.91M (峰值 372.91M) | 时间:00:00.36 | Mem:0.00M, Peak:0.00M | 烟雨江南 · 雪月江南, 视图层 | Synchronizing object | JN_听雨轩_筒瓦.029
帧:80 内存:373.00M (峰值 373.00M) | 时间:00:00.36 | Mem:0.00M, Peak:0.00M | 烟雨江南 · 雪月江南, 视图层 | Synchronizing object | JN_听雨轩_筒瓦.030
帧:80 内存:373.09M (峰值 373.09M) | 时间:00:00.36 | Mem:0.00M, Peak:0.00M | 烟雨江南 · 雪月江南, 视图层 | Synchronizing object | JN_听雨轩_筒瓦.031
帧:80 内存:373.19M (峰值 373.19M) | 时间:00:00.36 | Mem:0.00M, Peak:0.00M | 烟雨江南 · 雪月江南, 视图层 | Synchronizing object | JN_听雨轩_筒瓦.032
帧:80 内存:373.28M (峰值 373.28M) | 时间:00:00.36 | Mem:0.00M, Peak:0.00M | 烟雨江南 · 雪月江南, 视图层 | Synchronizing object | JN_听雨轩_筒瓦.033
帧:80 内存:373.37M (峰值 373.37M) | 时间:00:00.36 | Mem:0.00M, Peak:0.00M | 烟雨江南 · 雪月江南, 视图层 | Synchronizing object | JN_听雨轩_筒瓦.034
帧:80 内存:373.46M (峰值 373.46M) | 时间:00:00.36 | Mem:0.00M, Peak:0.00M | 烟雨江南 · 雪月江南, 视图层 | Synchronizing object | JN_听雨轩_筒瓦.035
帧:80 内存:373.55M (峰值 373.55M) | 时间:00:00.36 | Mem:0.00M, Peak:0.00M | 烟雨江南 · 雪月江南, 视图层 | Synchronizing object | JN_听雨轩_筒瓦.036
帧:80 内存:373.64M (峰值 373.64M) | 时间:00:00.36 | Mem:0.00M, Peak:0.00M | 烟雨江南 · 雪月江南, 视图层 | Synchronizing object | JN_听雨轩_筒瓦.037
帧:80 内存:373.73M (峰值 373.73M) | 时间:00:00.36 | Mem:0.00M, Peak:0.00M | 烟雨江南 · 雪月江南, 视图层 | Synchronizing object | JN_听雨轩_筒瓦.038
帧:80 内存:373.82M (峰值 373.82M) | 时间:00:00.36 | Mem:0.00M, Peak:0.00M | 烟雨江南 · 雪月江南, 视图层 | Synchronizing object | JN_听雨轩_筒瓦.039
帧:80 内存:373.92M (峰值 373.92M) | 时间:00:00.36 | Mem:0.00M, Peak:0.00M | 烟雨江南 · 雪月江南, 视图层 | Synchronizing object | JN_听雨轩_筒瓦.040
帧:80 内存:374.01M (峰值 374.01M) | 时间:00:00.36 | Mem:0.00M, Peak:0.00M | 烟雨江南 · 雪月江南, 视图层 | Synchronizing object | JN_听雨轩_筒瓦.041
帧:80 内存:374.10M (峰值 374.10M) | 时间:00:00.36 | Mem:0.00M, Peak:0.00M | 烟雨江南 · 雪月江南, 视图层 | Synchronizing object | JN_听雨轩_筒瓦.042
帧:80 内存:374.19M (峰值 374.19M) | 时间:00:00.36 | Mem:0.00M, Peak:0.00M | 烟雨江南 · 雪月江南, 视图层 | Synchronizing object | JN_听雨轩_筒瓦.043
帧:80 内存:374.28M (峰值 374.28M) | 时间:00:00.36 | Mem:0.00M, Peak:0.00M | 烟雨江南 · 雪月江南, 视图层 | Synchronizing object | JN_听雨轩_筒瓦.044
帧:80 内存:374.37M (峰值 374.37M) | 时间:00:00.36 | Mem:0.00M, Peak:0.00M | 烟雨江南 · 雪月江南, 视图层 | Synchronizing object | JN_听雨轩_筒瓦.045
帧:80 内存:374.46M (峰值 374.46M) | 时间:00:00.36 | Mem:0.00M, Peak:0.00M | 烟雨江南 · 雪月江南, 视图层 | Synchronizing object | JN_听雨轩_筒瓦.046
帧:80 内存:374.56M (峰值 374.56M) | 时间:00:00.36 | Mem:0.00M, Peak:0.00M | 烟雨江南 · 雪月江南, 视图层 | Synchronizing object | JN_听雨轩_筒瓦.047
帧:80 内存:374.65M (峰值 374.65M) | 时间:00:00.36 | Mem:0.00M, Peak:0.00M | 烟雨江南 · 雪月江南, 视图层 | Synchronizing object | JN_听雨轩_筒瓦.048
帧:80 内存:374.74M (峰值 374.74M) | 时间:00:00.36 | Mem:0.00M, Peak:0.00M | 烟雨江南 · 雪月江南, 视图层 | Synchronizing object | JN_听雨轩_筒瓦.049
帧:80 内存:374.83M (峰值 374.83M) | 时间:00:00.36 | Mem:0.00M, Peak:0.00M | 烟雨江南 · 雪月江南, 视图层 | Synchronizing object | JN_听雨轩_筒瓦.050
帧:80 内存:374.92M (峰值 374.92M) | 时间:00:00.36 | Mem:0.00M, Peak:0.00M | 烟雨江南 · 雪月江南, 视图层 | Synchronizing object | JN_听雨轩_筒瓦.051
帧:80 内存:375.01M (峰值 375.01M) | 时间:00:00.37 | Mem:0.00M, Peak:0.00M | 烟雨江南 · 雪月江南, 视图层 | Synchronizing object | JN_听雨轩_筒瓦.052
帧:80 内存:375.10M (峰值 375.10M) | 时间:00:00.37 | Mem:0.00M, Peak:0.00M | 烟雨江南 · 雪月江南, 视图层 | Synchronizing object | JN_听雨轩_筒瓦.053
帧:80 内存:375.19M (峰值 375.19M) | 时间:00:00.37 | Mem:0.00M, Peak:0.00M | 烟雨江南 · 雪月江南, 视图层 | Synchronizing object | JN_听雨轩_筒瓦.054
帧:80 内存:375.29M (峰值 375.29M) | 时间:00:00.37 | Mem:0.00M, Peak:0.00M | 烟雨江南 · 雪月江南, 视图层 | Synchronizing object | JN_听雨轩_筒瓦.055
帧:80 内存:375.38M (峰值 375.38M) | 时间:00:00.37 | Mem:0.00M, Peak:0.00M | 烟雨江南 · 雪月江南, 视图层 | Synchronizing object | JN_听雨轩_正脊
Fra:80 Mem:375.43M (Peak 375.43M) | Time:00:00.37 | Mem:0.00M, Peak:0.00M | 烟雨江南 · 雪月江南, 视图层 | Synchronizing object | JN_听雨轩_瓦面
帧:80 内存:375.45M (峰值 375.45M) | 时间:00:00.37 | Mem:0.00M, Peak:0.00M | 烟雨江南 · 雪月江南, 视图层 | Synchronizing object | JN_听雨轩_檐口
帧:80 内存:375.87M (峰值 375.87M) | 时间:00:00.37 | Mem:0.00M, Peak:0.00M | 烟雨江南 · 雪月江南, 视图层 | Synchronizing object | JN_听雨轩_檐口.001
Fra:80 Mem:375.94M (Peak 375.94M) | Time:00:00.37 | Mem:0.00M, Peak:0.00M | 烟雨江南 · 雪月江南, 视图层 | Synchronizing object | JN_轩后竹格
Fra:80 Mem:375.95M (Peak 375.95M) | Time:00:00.37 | Mem:0.00M, Peak:0.00M | 烟雨江南 · 雪月江南, 视图层 | Synchronizing object | JN_轩后竹格.006
Fra:80 Mem:375.97M (Peak 375.97M) | Time:00:00.37 | Mem:0.00M, Peak:0.00M | 烟雨江南 · 雪月江南, 视图层 | Synchronizing object | JN_轩后竹格.008
帧:80 内存:375.98M (峰值 375.98M) | 时间:00:00.37 | Mem:0.00M, Peak:0.00M | 烟雨江南 · 雪月江南, 视图层 | Synchronizing object | JN_纱灯悬绳
Fra:80 Mem:376.00M (Peak 376.00M) | Time:00:00.37 | Mem:0.00M, Peak:0.00M | 烟雨江南 · 雪月江南, 视图层 | Synchronizing object | JN_轩后竹格.009
Fra:80 Mem:376.01M (Peak 376.01M) | Time:00:00.37 | Mem:0.00M, Peak:0.00M | 烟雨江南 · 雪月江南, 视图层 | Synchronizing object | JN_轩后竹格.010
Fra:80 Mem:376.02M (Peak 376.02M) | Time:00:00.37 | Mem:0.00M, Peak:0.00M | 烟雨江南 · 雪月江南, 视图层 | Synchronizing object | JN_轩后竹格.011
Fra:80 Mem:376.03M (Peak 376.03M) | Time:00:00.37 | Mem:0.00M, Peak:0.00M | 烟雨江南 · 雪月江南, 视图层 | Synchronizing object | JN_轩后竹格.012
Fra:80 Mem:376.04M (Peak 376.04M) | Time:00:00.37 | Mem:0.00M, Peak:0.00M | 烟雨江南 · 雪月江南, 视图层 | Synchronizing object | JN_轩后竹格.013
Fra:80 Mem:376.04M (Peak 376.04M) | Time:00:00.37 | Mem:0.00M, Peak:0.00M | 烟雨江南 · 雪月江南, 视图层 | Synchronizing object | JN_轩后竹格.014
Fra:80 Mem:376.05M (Peak 376.05M) | Time:00:00.37 | Mem:0.00M, Peak:0.00M | 烟雨江南 · 雪月江南, 视图层 | Synchronizing object | JN_茶案
Fra:80 Mem:376.06M (Peak 376.06M) | Time:00:00.37 | Mem:0.00M, Peak:0.00M | 烟雨江南 · 雪月江南, 视图层 | Synchronizing object | JN_茶案脚
Fra:80 Mem:376.07M (Peak 376.07M) | Time:00:00.37 | Mem:0.00M, Peak:0.00M | 烟雨江南 · 雪月江南, 视图层 | Synchronizing object | JN_茶案脚.001
Fra:80 Mem:376.08M (Peak 376.08M) | Time:00:00.37 | Mem:0.00M, Peak:0.00M | 烟雨江南 · 雪月江南, 视图层 | Synchronizing object | JN_茶壶
Fra:80 Mem:376.11M (Peak 376.11M) | Time:00:00.37 | Mem:0.00M, Peak:0.00M | 烟雨江南 · 雪月江南, 视图层 | Synchronizing object | JN_茶盏.001
Fra:80 Mem:376.13M (Peak 376.13M) | Time:00:00.37 | Mem:0.00M, Peak:0.00M | 烟雨江南 · 雪月江南, 视图层 | Synchronizing object | JN_石灯_座
Fra:80 Mem:376.15M (Peak 376.15M) | Time:00:00.37 | Mem:0.00M, Peak:0.00M | 烟雨江南 · 雪月江南, 视图层 | Synchronizing object | JN_石灯_座.002
Fra:80 Mem:376.15M (Peak 376.15M) | Time:00:00.37 | Mem:0.00M, Peak:0.00M | 烟雨江南 · 雪月江南, 视图层 | Synchronizing object | JN_石灯_座.003
Fra:80 Mem:376.16M (Peak 376.16M) | Time:00:00.37 | Mem:0.00M, Peak:0.00M | 烟雨江南 · 雪月江南, 视图层 | Synchronizing object | JN_石灯_座.004
Fra:80 Mem:376.19M (Peak 376.19M) | Time:00:00.37 | Mem:0.00M, Peak:0.00M | 烟雨江南 · 雪月江南, 视图层 | Synchronizing object | JN_石灯_暖芯
Fra:80 Mem:376.19M (Peak 376.19M) | Time:00:00.37 | Mem:0.00M, Peak:0.00M | 烟雨江南 · 雪月江南, 视图层 | Synchronizing object | JN_石灯_立柱
Fra:80 Mem:376.20M (Peak 376.20M) | Time:00:00.37 | Mem:0.00M, Peak:0.00M | 烟雨江南 · 雪月江南, 视图层 | Synchronizing object | JN_石灯_立柱.001
Fra:80 Mem:376.21M (Peak 376.21M) | Time:00:00.37 | Mem:0.00M, Peak:0.00M | 烟雨江南 · 雪月江南, 视图层 | Synchronizing object | JN_石灯_立柱.003
Fra:80 Mem:376.22M (Peak 376.22M) | Time:00:00.37 | Mem:0.00M, Peak:0.00M | 烟雨江南 · 雪月江南, 视图层 | Synchronizing object | JN_石灯_攒尖顶
Fra:80 Mem:376.22M (Peak 376.22M) | Time:00:00.37 | Mem:0.00M, Peak:0.00M | 烟雨江南 · 雪月江南, 视图层 | Synchronizing object | JN_石灯_宝珠
Fra:80 Mem:376.24M (Peak 376.24M) | Time:00:00.37 | Mem:0.00M, Peak:0.00M | 烟雨江南 · 雪月江南, 视图层 | Synchronizing object | JN_石灯_座.005
Fra:80 Mem:376.25M (Peak 376.25M) | Time:00:00.37 | Mem:0.00M, Peak:0.00M | 烟雨江南 · 雪月江南, 视图层 | Synchronizing object | JN_石灯_座.006
Fra:80 Mem:376.26M (Peak 376.26M) | Time:00:00.37 | Mem:0.00M, Peak:0.00M | 烟雨江南 · 雪月江南, 视图层 | Synchronizing object | JN_石灯_座.007
Fra:80 Mem:376.27M (Peak 376.27M) | Time:00:00.37 | Mem:0.00M, Peak:0.00M | 烟雨江南 · 雪月江南, 视图层 | Synchronizing object | JN_石灯_座.008
Fra:80 Mem:376.27M (Peak 376.27M) | Time:00:00.37 | Mem:0.00M, Peak:0.00M | 烟雨江南 · 雪月江南, 视图层 | Synchronizing object | JN_石灯_座.009
Fra:80 Mem:376.28M (Peak 376.28M) | Time:00:00.37 | Mem:0.00M, Peak:0.00M | 烟雨江南 · 雪月江南, 视图层 | Synchronizing object | JN_石灯_暖芯.001
Fra:80 Mem:376.29M (Peak 376.29M) | Time:00:00.37 | Mem:0.00M, Peak:0.00M | 烟雨江南 · 雪月江南, 视图层 | Synchronizing object | JN_石灯_立柱.004
Fra:80 Mem:376.30M (Peak 376.30M) | Time:00:00.37 | Mem:0.00M, Peak:0.00M | 烟雨江南 · 雪月江南, 视图层 | Synchronizing object | JN_石灯_立柱.005
Fra:80 Mem:376.31M (Peak 376.31M) | Time:00:00.37 | Mem:0.00M, Peak:0.00M | 烟雨江南 · 雪月江南, 视图层 | Synchronizing object | JN_石灯_立柱.006
Fra:80 Mem:376.32M (Peak 376.32M) | Time:00:00.37 | Mem:0.00M, Peak:0.00M | 烟雨江南 · 雪月江南, 视图层 | Synchronizing object | JN_石灯_立柱.007
Fra:80 Mem:376.32M (Peak 376.32M) | Time:00:00.37 | Mem:0.00M, Peak:0.00M | 烟雨江南 · 雪月江南, 视图层 | Synchronizing object | JN_石灯_攒尖顶.001
Fra:80 Mem:376.32M (Peak 376.32M) | Time:00:00.37 | Mem:0.00M, Peak:0.00M | 烟雨江南 · 雪月江南, 视图层 | Synchronizing object | JN_石灯_宝珠.001
Fra:80 Mem:376.35M (Peak 376.35M) | Time:00:00.37 | Mem:0.00M, Peak:0.00M | 烟雨江南 · 雪月江南, 视图层 | Synchronizing object | JN_石灯_座.010
Fra:80 Mem:376.35M (Peak 376.35M) | Time:00:00.37 | Mem:0.00M, Peak:0.00M | 烟雨江南 · 雪月江南, 视图层 | Synchronizing object | JN_石灯_座.011
Fra:80 Mem:376.36M (Peak 376.36M) | Time:00:00.37 | Mem:0.00M, Peak:0.00M | 烟雨江南 · 雪月江南, 视图层 | Synchronizing object | JN_石灯_座.012
Fra:80 Mem:376.37M (Peak 376.37M) | Time:00:00.37 | Mem:0.00M, Peak:0.00M | 烟雨江南 · 雪月江南, 视图层 | Synchronizing object | JN_石灯_座.013
Fra:80 Mem:376.38M (Peak 376.38M) | Time:00:00.37 | Mem:0.00M, Peak:0.00M | 烟雨江南 · 雪月江南, 视图层 | Synchronizing object | JN_石灯_座.014
Fra:80 Mem:376.39M (Peak 376.39M) | Time:00:00.37 | Mem:0.00M, Peak:0.00M | 烟雨江南 · 雪月江南, 视图层 | Synchronizing object | JN_石灯_暖芯.002
Fra:80 Mem:376.39M (Peak 376.39M) | Time:00:00.37 | Mem:0.00M, Peak:0.00M | 烟雨江南 · 雪月江南, 视图层 | Synchronizing object | JN_石灯_立柱.008
Fra:80 Mem:376.41M (Peak 376.41M) | Time:00:00.37 | Mem:0.00M, Peak:0.00M | 烟雨江南 · 雪月江南, 视图层 | Synchronizing object | JN_石灯_立柱.009
Fra:80 Mem:376.42M (Peak 376.42M) | Time:00:00.37 | Mem:0.00M, Peak:0.00M | 烟雨江南 · 雪月江南, 视图层 | Synchronizing object | JN_石灯_立柱.011
Fra:80 Mem:376.43M (Peak 376.43M) | Time:00:00.37 | Mem:0.00M, Peak:0.00M | 烟雨江南 · 雪月江南, 视图层 | Synchronizing object | JN_石灯_攒尖顶.002
Fra:80 Mem:376.44M (Peak 376.44M) | Time:00:00.37 | Mem:0.00M, Peak:0.00M | 烟雨江南 · 雪月江南, 视图层 | Synchronizing object | JN_石灯_座.015
Fra:80 Mem:376.55M (Peak 376.55M) | Time:00:00.37 | Mem:0.00M, Peak:0.00M | 烟雨江南 · 雪月江南, 视图层 | Synchronizing object | JN_石灯_座.016
Fra:80 Mem:376.99M (Peak 376.99M) | Time:00:00.37 | Mem:0.00M, Peak:0.00M | 烟雨江南 · 雪月江南, 视图层 | Synchronizing object | JN_石灯_座.017
Fra:80 Mem:377.18M (Peak 377.18M) | Time:00:00.37 | Mem:0.00M, Peak:0.00M | 烟雨江南 · 雪月江南, 视图层 | Synchronizing object | JN_石灯_座.018
Fra:80 Mem:377.23M (Peak 377.23M) | Time:00:00.37 | Mem:0.00M, Peak:0.00M | 烟雨江南 · 雪月江南, 视图层 | Synchronizing object | JN_石灯_座.019
Fra:80 Mem:377.35M (Peak 377.35M) | Time:00:00.37 | Mem:0.00M, Peak:0.00M | 烟雨江南 · 雪月江南, 视图层 | Synchronizing object | JN_石灯_暖芯.003
Fra:80 Mem:377.33M (Peak 377.35M) | Time:00:00.37 | Mem:0.00M, Peak:0.00M | 烟雨江南 · 雪月江南, 视图层 | Synchronizing object | JN_石灯_立柱.013
Fra:80 Mem:377.35M (Peak 377.35M) | Time:00:00.37 | Mem:0.00M, Peak:0.00M | 烟雨江南 · 雪月江南, 视图层 | Synchronizing object | JN_石灯_立柱.014
Fra:80 Mem:377.36M (Peak 377.36M) | Time:00:00.37 | Mem:0.00M, Peak:0.00M | 烟雨江南 · 雪月江南, 视图层 | Synchronizing object | JN_石灯_立柱.015
Fra:80 Mem:377.53M (Peak 377.53M) | Time:00:00.37 | Mem:0.00M, Peak:0.00M | 烟雨江南 · 雪月江南, 视图层 | Synchronizing object | JN_石灯_攒尖顶.003
Fra:80 Mem:377.55M (Peak 377.55M) | Time:00:00.38 | Mem:0.00M, Peak:0.00M | 烟雨江南 · 雪月江南, 视图层 | Synchronizing object | JN_观水石榻
Fra:80 Mem:377.55M (Peak 377.55M) | Time:00:00.38 | Mem:0.00M, Peak:0.00M | 烟雨江南 · 雪月江南, 视图层 | Synchronizing object | JN_柱联
Fra:80 Mem:377.56M (Peak 377.56M) | Time:00:00.38 | Mem:0.00M, Peak:0.00M | 烟雨江南 · 雪月江南, 视图层 | Synchronizing object | JN_石榻脚
Fra:80 Mem:377.56M (Peak 377.56M) | Time:00:00.38 | Mem:0.00M, Peak:0.00M | 烟雨江南 · 雪月江南, 视图层 | Synchronizing object | JN_石榻脚.001
Fra:80 Mem:377.58M (Peak 377.58M) | Time:00:00.38 | Mem:0.00M, Peak:0.00M | 烟雨江南 · 雪月江南, 视图层 | Synchronizing object | JN_轩内纱灯
Fra:80 Mem:377.58M (Peak 377.58M) | Time:00:00.38 | Mem:0.00M, Peak:0.00M | 烟雨江南 · 雪月江南, 视图层 | Synchronizing object | JN_纱灯铜口.001
Fra:80 Mem:377.77M (Peak 377.77M) | Time:00:00.38 | Mem:0.00M, Peak:0.00M | 烟雨江南 · 雪月江南, 视图层 | Synchronizing object | JN_听雨轩匾
帧:80 内存:378.18M (峰值 378.18M) | 时间:00:00.38 | Mem:0.00M, Peak:0.00M | 烟雨江南 · 雪月江南, 视图层 | Synchronizing object | JN_柱联.001
帧:80 内存:378.67M (峰值 378.67M) | 时间:00:00.38 | Mem:0.00M, Peak:0.00M | 烟雨江南 · 雪月江南, 视图层 | Synchronizing object | JN_柱联.002
帧:80 内存:379.07M (峰值 379.07M) | 时间:00:00.38 | Mem:0.00M, Peak:0.00M | 烟雨江南 · 雪月江南, 视图层 | Synchronizing object | JN_柱联.003
帧:80 内存:379.34M (峰值 379.34M) | 时间:00:00.38 | Mem:0.00M, Peak:0.00M | 烟雨江南 · 雪月江南, 视图层 | Synchronizing object | JN_柱联.004
帧:80 内存:380.00M (峰值 380.00M) | 时间:00:00.38 | Mem:0.00M, Peak:0.00M | 烟雨江南 · 雪月江南, 视图层 | Synchronizing object | JN_柱联.005
Fra:80 Mem:380.52M (Peak 380.52M) | Time:00:00.38 | Mem:0.00M, Peak:0.00M | 烟雨江南 · 雪月江南, 视图层 | Synchronizing object | JN_庭土
Fra:80 Mem:380.53M (Peak 380.53M) | Time:00:00.38 | Mem:0.00M, Peak:0.00M | 烟雨江南 · 雪月江南, 视图层 | Synchronizing object | JN_池岸石.004
Fra:80 Mem:380.55M (Peak 380.55M) | Time:00:00.38 | Mem:0.00M, Peak:0.00M | 烟雨江南 · 雪月江南, 视图层 | Synchronizing object | JN_池岸石.005
Fra:80 Mem:380.56M (Peak 380.56M) | Time:00:00.38 | Mem:0.00M, Peak:0.00M | 烟雨江南 · 雪月江南, 视图层 | Synchronizing object | JN_池岸石.007
Fra:80 Mem:380.57M (Peak 380.57M) | Time:00:00.38 | Mem:0.00M, Peak:0.00M | 烟雨江南 · 雪月江南, 视图层 | Synchronizing object | JN_池岸石.008
Fra:80 Mem:380.59M (Peak 380.59M) | Time:00:00.38 | Mem:0.00M, Peak:0.00M | 烟雨江南 · 雪月江南, 视图层 | Synchronizing object | JN_池岸石.009
Fra:80 Mem:380.61M (Peak 380.61M) | Time:00:00.38 | Mem:0.00M, Peak:0.00M | 烟雨江南 · 雪月江南, 视图层 | Synchronizing object | JN_池岸石.011
Fra:80 Mem:380.62M (Peak 380.62M) | Time:00:00.38 | Mem:0.00M, Peak:0.00M | 烟雨江南 · 雪月江南, 视图层 | Synchronizing object | JN_池岸石.012
Fra:80 Mem:380.63M (Peak 380.63M) | Time:00:00.38 | Mem:0.00M, Peak:0.00M | 烟雨江南 · 雪月江南, 视图层 | Synchronizing object | JN_池岸石.013
Fra:80 Mem:380.65M (Peak 380.65M) | Time:00:00.38 | Mem:0.00M, Peak:0.00M | 烟雨江南 · 雪月江南, 视图层 | Synchronizing object | JN_池岸石.014
Fra:80 Mem:380.66M (Peak 380.66M) | Time:00:00.38 | Mem:0.00M, Peak:0.00M | 烟雨江南 · 雪月江南, 视图层 | Synchronizing object | JN_池岸石.015
Fra:80 Mem:380.68M (Peak 380.68M) | Time:00:00.38 | Mem:0.00M, Peak:0.00M | 烟雨江南 · 雪月江南, 视图层 | Synchronizing object | JN_池岸石.017
Fra:80 Mem:380.70M (Peak 380.70M) | Time:00:00.38 | Mem:0.00M, Peak:0.00M | 烟雨江南 · 雪月江南, 视图层 | Synchronizing object | JN_池岸石.019
Fra:80 Mem:380.72M (Peak 380.72M) | Time:00:00.38 | Mem:0.00M, Peak:0.00M | 烟雨江南 · 雪月江南, 视图层 | Synchronizing object | JN_池岸石.020
Fra:80 Mem:380.74M (Peak 380.74M) | Time:00:00.38 | Mem:0.00M, Peak:0.00M | 烟雨江南 · 雪月江南, 视图层 | Synchronizing object | JN_池岸石.021
帧:80 内存:380.75M (峰值 380.75M) | 时间:00:00.38 | Mem:0.00M, Peak:0.00M | 烟雨江南 · 雪月江南, 视图层 | Synchronizing object | JN_老梅_苍干
Fra:80 Mem:380.82M (Peak 380.82M) | Time:00:00.38 | Mem:0.00M, Peak:0.00M | 烟雨江南 · 雪月江南, 视图层 | Synchronizing object | JN_池岸石.023
帧:80 内存:380.85M (峰值 380.85M) | 时间:00:00.38 | Mem:0.00M, Peak:0.00M | 烟雨江南 · 雪月江南, 视图层 | Synchronizing object | JN_梅根
Fra:80 Mem:380.88M (Peak 380.88M) | Time:00:00.38 | Mem:0.00M, Peak:0.00M | 烟雨江南 · 雪月江南, 视图层 | Synchronizing object | JN_池岸石.024
Fra:80 Mem:380.89M (Peak 380.89M) | Time:00:00.38 | Mem:0.00M, Peak:0.00M | 烟雨江南 · 雪月江南, 视图层 | Synchronizing object | JN_梅根.001
Fra:80 Mem:380.91M (Peak 380.91M) | Time:00:00.38 | Mem:0.00M, Peak:0.00M | 烟雨江南 · 雪月江南, 视图层 | Synchronizing object | JN_池岸石.026
Fra:80 Mem:380.92M (Peak 380.92M) | Time:00:00.38 | Mem:0.00M, Peak:0.00M | 烟雨江南 · 雪月江南, 视图层 | Synchronizing object | JN_池岸石.027
Fra:80 Mem:380.93M (Peak 380.93M) | Time:00:00.38 | Mem:0.00M, Peak:0.00M | 烟雨江南 · 雪月江南, 视图层 | Synchronizing object | JN_池岸石.029
Fra:80 Mem:380.94M (Peak 380.94M) | Time:00:00.38 | Mem:0.00M, Peak:0.00M | 烟雨江南 · 雪月江南, 视图层 | Synchronizing object | JN_池沿
Fra:80 Mem:380.98M (Peak 380.98M) | Time:00:00.38 | Mem:0.00M, Peak:0.00M | 烟雨江南 · 雪月江南, 视图层 | Synchronizing object | JN_池沿.001
Fra:80 Mem:380.99M (Peak 380.99M) | Time:00:00.38 | Mem:0.00M, Peak:0.00M | 烟雨江南 · 雪月江南, 视图层 | Synchronizing object | JN_池沿.002
Fra:80 Mem:381.01M (Peak 381.01M) | Time:00:00.38 | Mem:0.00M, Peak:0.00M | 烟雨江南 · 雪月江南, 视图层 | Synchronizing object | JN_池沿.003
Fra:80 Mem:381.02M (Peak 381.02M) | Time:00:00.38 | Mem:0.00M, Peak:0.00M | 烟雨江南 · 雪月江南, 视图层 | Synchronizing object | JN_池沿.005
Fra:80 Mem:381.03M (Peak 381.03M) | Time:00:00.38 | Mem:0.00M, Peak:0.00M | 烟雨江南 · 雪月江南, 视图层 | Synchronizing object | JN_池沿.006
Fra:80 Mem:381.04M (Peak 381.04M) | Time:00:00.38 | Mem:0.00M, Peak:0.00M | 烟雨江南 · 雪月江南, 视图层 | Synchronizing object | JN_池沿.007
Fra:80 Mem:381.04M (Peak 381.04M) | Time:00:00.38 | Mem:0.00M, Peak:0.00M | 烟雨江南 · 雪月江南, 视图层 | Synchronizing object | JN_池沿.008
Fra:80 Mem:381.06M (Peak 381.06M) | Time:00:00.39 | Mem:0.00M, Peak:0.00M | 烟雨江南 · 雪月江南, 视图层 | Synchronizing object | JN_池沿.010
Fra:80 Mem:381.08M (Peak 381.08M) | Time:00:00.39 | Mem:0.00M, Peak:0.00M | 烟雨江南 · 雪月江南, 视图层 | Synchronizing object | JN_池沿.011
Fra:80 Mem:381.09M (Peak 381.09M) | Time:00:00.39 | Mem:0.00M, Peak:0.00M | 烟雨江南 · 雪月江南, 视图层 | Synchronizing object | JN_池沿.014
Fra:80 Mem:381.12M (Peak 381.12M) | Time:00:00.39 | Mem:0.00M, Peak:0.00M | 烟雨江南 · 雪月江南, 视图层 | Synchronizing object | JN_池沿.015
Fra:80 Mem:381.13M (Peak 381.13M) | Time:00:00.39 | Mem:0.00M, Peak:0.00M | 烟雨江南 · 雪月江南, 视图层 | Synchronizing object | JN_池沿.018
Fra:80 Mem:381.14M (Peak 381.14M) | Time:00:00.39 | Mem:0.00M, Peak:0.00M | 烟雨江南 · 雪月江南, 视图层 | Synchronizing object | JN_池沿.020
Fra:80 Mem:381.15M (Peak 381.15M) | Time:00:00.39 | Mem:0.00M, Peak:0.00M | 烟雨江南 · 雪月江南, 视图层 | Synchronizing object | JN_池沿.021
Fra:80 Mem:381.16M (Peak 381.16M) | Time:00:00.39 | Mem:0.00M, Peak:0.00M | 烟雨江南 · 雪月江南, 视图层 | Synchronizing object | JN_池沿.022
Fra:80 Mem:381.18M (Peak 381.18M) | Time:00:00.39 | Mem:0.00M, Peak:0.00M | 烟雨江南 · 雪月江南, 视图层 | Synchronizing object | JN_池沿.024
Fra:80 Mem:381.18M (Peak 381.18M) | Time:00:00.39 | Mem:0.00M, Peak:0.00M | 烟雨江南 · 雪月江南, 视图层 | Synchronizing object | JN_池沿.025
Fra:80 Mem:381.19M (Peak 381.19M) | Time:00:00.39 | Mem:0.00M, Peak:0.00M | 烟雨江南 · 雪月江南, 视图层 | Synchronizing object | JN_池沿.026
帧:80 内存:381.21M (峰值 381.21M) | 时间:00:00.39 | Mem:0.00M, Peak:0.00M | 烟雨江南 · 雪月江南, 视图层 | Synchronizing object | JN_池沿.027
Fra:80 Mem:381.21M (Peak 381.21M) | Time:00:00.39 | Mem:0.00M, Peak:0.00M | 烟雨江南 · 雪月江南, 视图层 | Synchronizing object | JN_池沿.028
Fra:80 Mem:381.26M (Peak 381.26M) | Time:00:00.39 | Mem:0.00M, Peak:0.00M | 烟雨江南 · 雪月江南, 视图层 | Synchronizing object | JN_池沿.029
Fra:80 Mem:381.28M (Peak 381.28M) | Time:00:00.39 | Mem:0.00M, Peak:0.00M | 烟雨江南 · 雪月江南, 视图层 | Synchronizing object | JN_庭院青石
Fra:80 Mem:381.29M (Peak 381.29M) | Time:00:00.39 | Mem:0.00M, Peak:0.00M | 烟雨江南 · 雪月江南, 视图层 | Synchronizing object | JN_庭院青石.001
Fra:80 Mem:381.30M (Peak 381.30M) | Time:00:00.39 | Mem:0.00M, Peak:0.00M | 烟雨江南 · 雪月江南, 视图层 | Synchronizing object | JN_庭院青石.003
Fra:80 Mem:381.31M (Peak 381.31M) | Time:00:00.39 | Mem:0.00M, Peak:0.00M | 烟雨江南 · 雪月江南, 视图层 | Synchronizing object | JN_庭院青石.004
Fra:80 Mem:381.33M (Peak 381.33M) | Time:00:00.39 | Mem:0.00M, Peak:0.00M | 烟雨江南 · 雪月江南, 视图层 | Synchronizing object | JN_庭院青石.005
Fra:80 Mem:381.33M (Peak 381.33M) | Time:00:00.39 | Mem:0.00M, Peak:0.00M | 烟雨江南 · 雪月江南, 视图层 | Synchronizing object | JN_庭院青石.006
Fra:80 Mem:381.34M (Peak 381.34M) | Time:00:00.39 | Mem:0.00M, Peak:0.00M | 烟雨江南 · 雪月江南, 视图层 | Synchronizing object | JN_庭院青石.007
Fra:80 Mem:381.35M (Peak 381.35M) | Time:00:00.39 | Mem:0.00M, Peak:0.00M | 烟雨江南 · 雪月江南, 视图层 | Synchronizing object | JN_庭院青石.008
帧:80 内存:381.36M (峰值 381.36M) | 时间:00:00.39 | Mem:0.00M, Peak:0.00M | 烟雨江南 · 雪月江南, 视图层 | Synchronizing object | JN_庭院青石.009
Fra:80 Mem:381.36M (Peak 381.36M) | Time:00:00.39 | Mem:0.00M, Peak:0.00M | 烟雨江南 · 雪月江南, 视图层 | Synchronizing object | JN_庭院青石.010
帧:80 内存:381.41M (峰值 381.41M) | 时间:00:00.39 | Mem:0.00M, Peak:0.00M | 烟雨江南 · 雪月江南, 视图层 | Synchronizing object | JN_梅根.004
Fra:80 Mem:381.44M (Peak 381.44M) | Time:00:00.39 | Mem:0.00M, Peak:0.00M | 烟雨江南 · 雪月江南, 视图层 | Synchronizing object | JN_庭院青石.011
Fra:80 Mem:381.45M (Peak 381.45M) | Time:00:00.39 | Mem:0.00M, Peak:0.00M | 烟雨江南 · 雪月江南, 视图层 | Synchronizing object | JN_梅根.005
Fra:80 Mem:381.46M (Peak 381.46M) | Time:00:00.39 | Mem:0.00M, Peak:0.00M | 烟雨江南 · 雪月江南, 视图层 | Synchronizing object | JN_庭院青石.012
Fra:80 Mem:381.47M (Peak 381.47M) | Time:00:00.39 | Mem:0.00M, Peak:0.00M | 烟雨江南 · 雪月江南, 视图层 | Synchronizing object | JN_庭院青石.013
Fra:80 Mem:381.47M (Peak 381.47M) | Time:00:00.39 | Mem:0.00M, Peak:0.00M | 烟雨江南 · 雪月江南, 视图层 | Synchronizing object | JN_庭院青石.014
Fra:80 Mem:381.48M (Peak 381.48M) | Time:00:00.39 | Mem:0.00M, Peak:0.00M | 烟雨江南 · 雪月江南, 视图层 | Synchronizing object | JN_庭院青石.015
Fra:80 Mem:381.49M (Peak 381.49M) | Time:00:00.39 | Mem:0.00M, Peak:0.00M | 烟雨江南 · 雪月江南, 视图层 | Synchronizing object | JN_庭院青石.016
帧:80 内存:381.49M (峰值 381.49M) | 时间:00:00.39 | Mem:0.00M, Peak:0.00M | 烟雨江南 · 雪月江南, 视图层 | Synchronizing object | JN_庭院青石.017
帧:80 内存:381.54M (峰值 381.54M) | 时间:00:00.39 | Mem:0.00M, Peak:0.00M | 烟雨江南 · 雪月江南, 视图层 | Synchronizing object | JN_梅根.006
Fra:80 Mem:381.58M (Peak 381.58M) | Time:00:00.39 | Mem:0.00M, Peak:0.00M | 烟雨江南 · 雪月江南, 视图层 | Synchronizing object | JN_庭院青石.019
Fra:80 Mem:381.59M (Peak 381.59M) | Time:00:00.39 | Mem:0.00M, Peak:0.00M | 烟雨江南 · 雪月江南, 视图层 | Synchronizing object | JN_老梅_横斜枝
Fra:80 Mem:381.59M (Peak 381.59M) | Time:00:00.39 | Mem:0.00M, Peak:0.00M | 烟雨江南 · 雪月江南, 视图层 | Synchronizing object | JN_庭院青石.020
Fra:80 Mem:381.60M (Peak 381.60M) | Time:00:00.39 | Mem:0.00M, Peak:0.00M | 烟雨江南 · 雪月江南, 视图层 | Synchronizing object | JN_庭院青石.021
Fra:80 Mem:381.62M (Peak 381.62M) | Time:00:00.39 | Mem:0.00M, Peak:0.00M | 烟雨江南 · 雪月江南, 视图层 | Synchronizing object | JN_庭院青石.023
Fra:80 Mem:381.63M (Peak 381.63M) | Time:00:00.39 | Mem:0.00M, Peak:0.00M | 烟雨江南 · 雪月江南, 视图层 | Synchronizing object | JN_庭院青石.024
帧:80 内存:381.64M (峰值 381.64M) | 时间:00:00.39 | Mem:0.00M, Peak:0.00M | 烟雨江南 · 雪月江南, 视图层 | Synchronizing object | JN_庭院青石.025
Fra:80 Mem:381.65M (Peak 381.65M) | Time:00:00.39 | Mem:0.00M, Peak:0.00M | 烟雨江南 · 雪月江南, 视图层 | Synchronizing object | JN_庭院青石.026
帧:80 内存:381.68M (峰值 381.68M) | 时间:00:00.39 | Mem:0.00M, Peak:0.00M | 烟雨江南 · 雪月江南, 视图层 | Synchronizing object | JN_老梅_花梢
Fra:80 Mem:381.69M (Peak 381.69M) | Time:00:00.39 | Mem:0.00M, Peak:0.00M | 烟雨江南 · 雪月江南, 视图层 | Synchronizing object | JN_庭院青石.027
Fra:80 Mem:381.73M (Peak 381.73M) | Time:00:00.39 | Mem:0.00M, Peak:0.00M | 烟雨江南 · 雪月江南, 视图层 | Synchronizing object | JN_老梅_花梢.001
Fra:80 Mem:381.73M (Peak 381.73M) | Time:00:00.39 | Mem:0.00M, Peak:0.00M | 烟雨江南 · 雪月江南, 视图层 | Synchronizing object | JN_庭院青石.028
Fra:80 Mem:381.75M (Peak 381.75M) | Time:00:00.39 | Mem:0.00M, Peak:0.00M | 烟雨江南 · 雪月江南, 视图层 | Synchronizing object | JN_庭院青石.030
Fra:80 Mem:381.77M (Peak 381.77M) | Time:00:00.39 | Mem:0.00M, Peak:0.00M | 烟雨江南 · 雪月江南, 视图层 | Synchronizing object | JN_庭院青石.032
帧:80 内存:381.78M (峰值 381.78M) | 时间:00:00.39 | Mem:0.00M, Peak:0.00M | 烟雨江南 · 雪月江南, 视图层 | Synchronizing object | JN_庭院青石.033
Fra:80 Mem:381.78M (Peak 381.78M) | Time:00:00.39 | Mem:0.00M, Peak:0.00M | 烟雨江南 · 雪月江南, 视图层 | Synchronizing object | JN_庭院青石.034
Fra:80 Mem:381.82M (Peak 381.82M) | Time:00:00.39 | Mem:0.00M, Peak:0.00M | 烟雨江南 · 雪月江南, 视图层 | Synchronizing object | JN_老梅_花梢.002
Fra:80 Mem:381.84M (Peak 381.84M) | Time:00:00.39 | Mem:0.00M, Peak:0.00M | 烟雨江南 · 雪月江南, 视图层 | Synchronizing object | JN_庭院青石.036
Fra:80 Mem:381.85M (Peak 381.85M) | Time:00:00.39 | Mem:0.00M, Peak:0.00M | 烟雨江南 · 雪月江南, 视图层 | Synchronizing object | JN_庭院青石.037
Fra:80 Mem:381.86M (Peak 381.86M) | Time:00:00.39 | Mem:0.00M, Peak:0.00M | 烟雨江南 · 雪月江南, 视图层 | Synchronizing object | JN_庭院青石.038
Fra:80 Mem:381.87M (Peak 381.87M) | Time:00:00.39 | Mem:0.00M, Peak:0.00M | 烟雨江南 · 雪月江南, 视图层 | Synchronizing object | JN_庭院青石.039
帧:80 内存:381.87M (峰值 381.87M) | 时间:00:00.39 | Mem:0.00M, Peak:0.00M | 烟雨江南 · 雪月江南, 视图层 | Synchronizing object | JN_庭院青石.040
Fra:80 Mem:381.88M (Peak 381.88M) | Time:00:00.39 | Mem:0.00M, Peak:0.00M | 烟雨江南 · 雪月江南, 视图层 | Synchronizing object | JN_庭院青石.041
Fra:80 Mem:381.92M (Peak 381.92M) | Time:00:00.39 | Mem:0.00M, Peak:0.00M | 烟雨江南 · 雪月江南, 视图层 | Synchronizing object | JN_庭院青石.042
Fra:80 Mem:381.93M (Peak 381.93M) | Time:00:00.39 | Mem:0.00M, Peak:0.00M | 烟雨江南 · 雪月江南, 视图层 | Synchronizing object | JN_庭院青石.043
Fra:80 Mem:381.94M (Peak 381.94M) | Time:00:00.39 | Mem:0.00M, Peak:0.00M | 烟雨江南 · 雪月江南, 视图层 | Synchronizing object | JN_庭院青石.044
Fra:80 Mem:381.95M (Peak 381.95M) | Time:00:00.39 | Mem:0.00M, Peak:0.00M | 烟雨江南 · 雪月江南, 视图层 | Synchronizing object | JN_庭院青石.045
Fra:80 Mem:381.96M (Peak 381.96M) | Time:00:00.39 | Mem:0.00M, Peak:0.00M | 烟雨江南 · 雪月江南, 视图层 | Synchronizing object | JN_庭院青石.046
帧:80 内存:381.97M (峰值 381.97M) | 时间:00:00.39 | Mem:0.00M, Peak:0.00M | 烟雨江南 · 雪月江南, 视图层 | Synchronizing object | JN_庭院青石.047
Fra:80 Mem:382.00M (Peak 382.00M) | Time:00:00.39 | Mem:0.00M, Peak:0.00M | 烟雨江南 · 雪月江南, 视图层 | Synchronizing object | JN_庭院青石.048
Fra:80 Mem:382.01M (Peak 382.01M) | Time:00:00.39 | Mem:0.00M, Peak:0.00M | 烟雨江南 · 雪月江南, 视图层 | Synchronizing object | JN_老梅_花梢.004
Fra:80 Mem:382.02M (Peak 382.02M) | Time:00:00.39 | Mem:0.00M, Peak:0.00M | 烟雨江南 · 雪月江南, 视图层 | Synchronizing object | JN_庭院青石.049
Fra:80 Mem:382.03M (Peak 382.03M) | Time:00:00.39 | Mem:0.00M, Peak:0.00M | 烟雨江南 · 雪月江南, 视图层 | Synchronizing object | JN_庭院青石.050
Fra:80 Mem:382.04M (Peak 382.04M) | Time:00:00.39 | Mem:0.00M, Peak:0.00M | 烟雨江南 · 雪月江南, 视图层 | Synchronizing object | JN_庭院青石.051
Fra:80 Mem:382.04M (Peak 382.04M) | Time:00:00.39 | Mem:0.00M, Peak:0.00M | 烟雨江南 · 雪月江南, 视图层 | Synchronizing object | JN_庭院青石.052
Fra:80 Mem:382.06M (Peak 382.06M) | Time:00:00.39 | Mem:0.00M, Peak:0.00M | 烟雨江南 · 雪月江南, 视图层 | Synchronizing object | JN_庭院青石.053
帧:80 内存:382.06M (峰值 382.06M) | 时间:00:00.39 | Mem:0.00M, Peak:0.00M | 烟雨江南 · 雪月江南, 视图层 | Synchronizing object | JN_庭院青石.054
Fra:80 Mem:382.10M (Peak 382.10M) | Time:00:00.39 | Mem:0.00M, Peak:0.00M | 烟雨江南 · 雪月江南, 视图层 | Synchronizing object | JN_庭院青石.055
Fra:80 Mem:382.11M (Peak 382.11M) | Time:00:00.39 | Mem:0.00M, Peak:0.00M | 烟雨江南 · 雪月江南, 视图层 | Synchronizing object | JN_老梅_花梢.005
Fra:80 Mem:382.12M (Peak 382.12M) | Time:00:00.39 | Mem:0.00M, Peak:0.00M | 烟雨江南 · 雪月江南, 视图层 | Synchronizing object | JN_庭院青石.056
Fra:80 Mem:382.13M (Peak 382.13M) | Time:00:00.39 | Mem:0.00M, Peak:0.00M | 烟雨江南 · 雪月江南, 视图层 | Synchronizing object | JN_庭院青石.057
Fra:80 Mem:382.13M (Peak 382.13M) | Time:00:00.39 | Mem:0.00M, Peak:0.00M | 烟雨江南 · 雪月江南, 视图层 | Synchronizing object | JN_庭院青石.058
Fra:80 Mem:382.14M (Peak 382.14M) | Time:00:00.39 | Mem:0.00M, Peak:0.00M | 烟雨江南 · 雪月江南, 视图层 | Synchronizing object | JN_庭院青石.059
Fra:80 Mem:382.15M (Peak 382.15M) | Time:00:00.39 | Mem:0.00M, Peak:0.00M | 烟雨江南 · 雪月江南, 视图层 | Synchronizing object | JN_庭院青石.060
帧:80 内存:382.16M (峰值 382.16M) | 时间:00:00.39 | Mem:0.00M, Peak:0.00M | 烟雨江南 · 雪月江南, 视图层 | Synchronizing object | JN_庭院青石.061
Fra:80 Mem:382.16M (Peak 382.16M) | Time:00:00.39 | Mem:0.00M, Peak:0.00M | 烟雨江南 · 雪月江南, 视图层 | Synchronizing object | JN_庭院青石.062
Fra:80 Mem:382.22M (Peak 382.22M) | Time:00:00.40 | Mem:0.00M, Peak:0.00M | 烟雨江南 · 雪月江南, 视图层 | Synchronizing object | JN_庭院青石.063
Fra:80 Mem:382.23M (Peak 382.23M) | Time:00:00.40 | Mem:0.00M, Peak:0.00M | 烟雨江南 · 雪月江南, 视图层 | Synchronizing object | JN_庭院青石.066
Fra:80 Mem:382.25M (Peak 382.25M) | Time:00:00.40 | Mem:0.00M, Peak:0.00M | 烟雨江南 · 雪月江南, 视图层 | Synchronizing object | JN_庭院青石.067
Fra:80 Mem:382.25M (Peak 382.25M) | Time:00:00.40 | Mem:0.00M, Peak:0.00M | 烟雨江南 · 雪月江南, 视图层 | Synchronizing object | JN_庭院青石.068
Fra:80 Mem:382.26M (Peak 382.26M) | Time:00:00.40 | Mem:0.00M, Peak:0.00M | 烟雨江南 · 雪月江南, 视图层 | Synchronizing object | JN_庭院青石.069
帧:80 内存:382.27M (峰值 382.27M) | 时间:00:00.40 | Mem:0.00M, Peak:0.00M | 烟雨江南 · 雪月江南, 视图层 | Synchronizing object | JN_庭院青石.070
Fra:80 Mem:382.27M (Peak 382.27M) | Time:00:00.40 | Mem:0.00M, Peak:0.00M | 烟雨江南 · 雪月江南, 视图层 | Synchronizing object | JN_庭院青石.071
帧:80 内存:382.33M (峰值 382.33M) | 时间:00:00.40 | Mem:0.00M, Peak:0.00M | 烟雨江南 · 雪月江南, 视图层 | Synchronizing object | JN_老梅_横斜枝.001
Fra:80 Mem:382.34M (Peak 382.34M) | Time:00:00.40 | Mem:0.00M, Peak:0.00M | 烟雨江南 · 雪月江南, 视图层 | Synchronizing object | JN_庭院青石.074
帧:80 内存:382.37M (峰值 382.37M) | 时间:00:00.40 | Mem:0.00M, Peak:0.00M | 烟雨江南 · 雪月江南, 视图层 | Synchronizing object | JN_老梅_花梢.007
Fra:80 Mem:382.39M (Peak 382.39M) | Time:00:00.40 | Mem:0.00M, Peak:0.00M | 烟雨江南 · 雪月江南, 视图层 | Synchronizing object | JN_庭院青石.075
帧:80 内存:382.42M (峰值 382.42M) | 时间:00:00.40 | Mem:0.00M, Peak:0.00M | 烟雨江南 · 雪月江南, 视图层 | Synchronizing object | JN_老梅_花梢.008
Fra:80 Mem:382.43M (Peak 382.43M) | Time:00:00.40 | Mem:0.00M, Peak:0.00M | 烟雨江南 · 雪月江南, 视图层 | Synchronizing object | JN_庭院青石.076
帧:80 内存:382.46M (峰值 382.46M) | 时间:00:00.40 | Mem:0.00M, Peak:0.00M | 烟雨江南 · 雪月江南, 视图层 | Synchronizing object | JN_老梅_花梢.009
Fra:80 Mem:382.48M (Peak 382.48M) | Time:00:00.40 | Mem:0.00M, Peak:0.00M | 烟雨江南 · 雪月江南, 视图层 | Synchronizing object | JN_庭院青石.077
Fra:80 Mem:382.52M (Peak 382.52M) | Time:00:00.40 | Mem:0.00M, Peak:0.00M | 烟雨江南 · 雪月江南, 视图层 | Synchronizing object | JN_老梅_花梢.010
Fra:80 Mem:382.52M (Peak 382.52M) | Time:00:00.40 | Mem:0.00M, Peak:0.00M | 烟雨江南 · 雪月江南, 视图层 | Synchronizing object | JN_庭院青石.078
Fra:80 Mem:382.53M (Peak 382.53M) | Time:00:00.40 | Mem:0.00M, Peak:0.00M | 烟雨江南 · 雪月江南, 视图层 | Synchronizing object | JN_庭院青石.079
Fra:80 Mem:382.54M (Peak 382.54M) | Time:00:00.40 | Mem:0.00M, Peak:0.00M | 烟雨江南 · 雪月江南, 视图层 | Synchronizing object | JN_庭院青石.080
Fra:80 Mem:382.55M (Peak 382.55M) | Time:00:00.40 | Mem:0.00M, Peak:0.00M | 烟雨江南 · 雪月江南, 视图层 | Synchronizing object | JN_庭院青石.081
Fra:80 Mem:382.56M (Peak 382.56M) | Time:00:00.40 | Mem:0.00M, Peak:0.00M | 烟雨江南 · 雪月江南, 视图层 | Synchronizing object | JN_庭院青石.082
帧:80 内存:382.56M (峰值 382.56M) | 时间:00:00.40 | Mem:0.00M, Peak:0.00M | 烟雨江南 · 雪月江南, 视图层 | Synchronizing object | JN_庭院青石.083
Fra:80 Mem:382.57M (Peak 382.57M) | Time:00:00.40 | Mem:0.00M, Peak:0.00M | 烟雨江南 · 雪月江南, 视图层 | Synchronizing object | JN_庭院青石.084
帧:80 内存:382.60M (峰值 382.60M) | 时间:00:00.40 | Mem:0.00M, Peak:0.00M | 烟雨江南 · 雪月江南, 视图层 | Synchronizing object | JN_老梅_花梢.011
Fra:80 Mem:382.62M (Peak 382.62M) | Time:00:00.40 | Mem:0.00M, Peak:0.00M | 烟雨江南 · 雪月江南, 视图层 | Synchronizing object | JN_庭院青石.085
Fra:80 Mem:382.65M (Peak 382.65M) | Time:00:00.40 | Mem:0.00M, Peak:0.00M | 烟雨江南 · 雪月江南, 视图层 | Synchronizing object | JN_老梅_花梢.012
Fra:80 Mem:382.66M (Peak 382.66M) | Time:00:00.40 | Mem:0.00M, Peak:0.00M | 烟雨江南 · 雪月江南, 视图层 | Synchronizing object | JN_庭院青石.086
Fra:80 Mem:382.67M (Peak 382.67M) | Time:00:00.40 | Mem:0.00M, Peak:0.00M | 烟雨江南 · 雪月江南, 视图层 | Synchronizing object | JN_庭院青石.087
Fra:80 Mem:382.68M (Peak 382.68M) | Time:00:00.40 | Mem:0.00M, Peak:0.00M | 烟雨江南 · 雪月江南, 视图层 | Synchronizing object | JN_庭院青石.088
Fra:80 Mem:382.69M (Peak 382.69M) | Time:00:00.40 | Mem:0.00M, Peak:0.00M | 烟雨江南 · 雪月江南, 视图层 | Synchronizing object | JN_庭院青石.089
Fra:80 Mem:382.70M (Peak 382.70M) | Time:00:00.40 | Mem:0.00M, Peak:0.00M | 烟雨江南 · 雪月江南, 视图层 | Synchronizing object | JN_庭院青石.090
帧:80 内存:382.70M (峰值 382.70M) | 时间:00:00.40 | Mem:0.00M, Peak:0.00M | 烟雨江南 · 雪月江南, 视图层 | Synchronizing object | JN_庭院青石.091
Fra:80 Mem:382.71M (Peak 382.71M) | Time:00:00.40 | Mem:0.00M, Peak:0.00M | 烟雨江南 · 雪月江南, 视图层 | Synchronizing object | JN_庭院青石.092
Fra:80 Mem:382.75M (Peak 382.75M) | Time:00:00.40 | Mem:0.00M, Peak:0.00M | 烟雨江南 · 雪月江南, 视图层 | Synchronizing object | JN_老梅_花梢.013
Fra:80 Mem:382.76M (Peak 382.76M) | Time:00:00.40 | Mem:0.00M, Peak:0.00M | 烟雨江南 · 雪月江南, 视图层 | Synchronizing object | JN_庭院青石.093
Fra:80 Mem:382.76M (Peak 382.76M) | Time:00:00.40 | Mem:0.00M, Peak:0.00M | 烟雨江南 · 雪月江南, 视图层 | Synchronizing object | JN_庭院青石.094
Fra:80 Mem:382.78M (Peak 382.78M) | Time:00:00.40 | Mem:0.00M, Peak:0.00M | 烟雨江南 · 雪月江南, 视图层 | Synchronizing object | JN_庭院青石.095
Fra:80 Mem:382.79M (Peak 382.79M) | Time:00:00.40 | Mem:0.00M, Peak:0.00M | 烟雨江南 · 雪月江南, 视图层 | Synchronizing object | JN_庭院青石.096
Fra:80 Mem:382.79M (Peak 382.79M) | Time:00:00.40 | Mem:0.00M, Peak:0.00M | 烟雨江南 · 雪月江南, 视图层 | Synchronizing object | JN_庭院青石.098
Fra:80 Mem:382.85M (Peak 382.85M) | Time:00:00.40 | Mem:0.00M, Peak:0.00M | 烟雨江南 · 雪月江南, 视图层 | Synchronizing object | JN_庭院青石.099
Fra:80 Mem:382.86M (Peak 382.86M) | Time:00:00.40 | Mem:0.00M, Peak:0.00M | 烟雨江南 · 雪月江南, 视图层 | Synchronizing object | JN_老梅_横斜枝.002
Fra:80 Mem:382.86M (Peak 382.86M) | Time:00:00.40 | Mem:0.00M, Peak:0.00M | 烟雨江南 · 雪月江南, 视图层 | Synchronizing object | JN_庭院青石.102
Fra:80 Mem:382.87M (Peak 382.87M) | Time:00:00.40 | Mem:0.00M, Peak:0.00M | 烟雨江南 · 雪月江南, 视图层 | Synchronizing object | JN_庭院青石.103
Fra:80 Mem:382.88M (Peak 382.88M) | Time:00:00.40 | Mem:0.00M, Peak:0.00M | 烟雨江南 · 雪月江南, 视图层 | Synchronizing object | JN_庭院青石.104
Fra:80 Mem:382.89M (Peak 382.89M) | Time:00:00.40 | Mem:0.00M, Peak:0.00M | 烟雨江南 · 雪月江南, 视图层 | Synchronizing object | JN_庭院青石.105
Fra:80 Mem:382.90M (Peak 382.90M) | Time:00:00.40 | Mem:0.00M, Peak:0.00M | 烟雨江南 · 雪月江南, 视图层 | Synchronizing object | JN_庭院青石.106
帧:80 内存:382.91M (峰值 382.91M) | 时间:00:00.40 | Mem:0.00M, Peak:0.00M | 烟雨江南 · 雪月江南, 视图层 | Synchronizing object | JN_庭院青石.107
Fra:80 Mem:382.92M (Peak 382.92M) | Time:00:00.40 | Mem:0.00M, Peak:0.00M | 烟雨江南 · 雪月江南, 视图层 | Synchronizing object | JN_庭院青石.108
Fra:80 Mem:382.96M (Peak 382.96M) | Time:00:00.40 | Mem:0.00M, Peak:0.00M | 烟雨江南 · 雪月江南, 视图层 | Synchronizing object | JN_老梅_花梢.014
Fra:80 Mem:382.96M (Peak 382.96M) | Time:00:00.40 | Mem:0.00M, Peak:0.00M | 烟雨江南 · 雪月江南, 视图层 | Synchronizing object | JN_庭院青石.109
Fra:80 Mem:382.97M (Peak 382.97M) | Time:00:00.40 | Mem:0.00M, Peak:0.00M | 烟雨江南 · 雪月江南, 视图层 | Synchronizing object | JN_庭院青石.110
Fra:80 Mem:382.98M (Peak 382.98M) | Time:00:00.40 | Mem:0.00M, Peak:0.00M | 烟雨江南 · 雪月江南, 视图层 | Synchronizing object | JN_庭院青石.111
Fra:80 Mem:382.99M (Peak 382.99M) | Time:00:00.40 | Mem:0.00M, Peak:0.00M | 烟雨江南 · 雪月江南, 视图层 | Synchronizing object | JN_庭院青石.112
Fra:80 Mem:382.99M (Peak 382.99M) | Time:00:00.40 | Mem:0.00M, Peak:0.00M | 烟雨江南 · 雪月江南, 视图层 | Synchronizing object | JN_庭院青石.113
帧:80 内存:383.01M (峰值 383.01M) | 时间:00:00.40 | Mem:0.00M, Peak:0.00M | 烟雨江南 · 雪月江南, 视图层 | Synchronizing object | JN_庭院青石.114
Fra:80 Mem:383.01M (Peak 383.01M) | Time:00:00.40 | Mem:0.00M, Peak:0.00M | 烟雨江南 · 雪月江南, 视图层 | Synchronizing object | JN_庭院青石.115
Fra:80 Mem:383.05M (Peak 383.05M) | Time:00:00.40 | Mem:0.00M, Peak:0.00M | 烟雨江南 · 雪月江南, 视图层 | Synchronizing object | JN_老梅_花梢.015
Fra:80 Mem:383.05M (Peak 383.05M) | Time:00:00.40 | Mem:0.00M, Peak:0.00M | 烟雨江南 · 雪月江南, 视图层 | Synchronizing object | JN_庭院青石.116
Fra:80 Mem:383.07M (Peak 383.07M) | Time:00:00.40 | Mem:0.00M, Peak:0.00M | 烟雨江南 · 雪月江南, 视图层 | Synchronizing object | JN_庭院青石.117
Fra:80 Mem:383.08M (Peak 383.08M) | Time:00:00.40 | Mem:0.00M, Peak:0.00M | 烟雨江南 · 雪月江南, 视图层 | Synchronizing object | JN_庭院青石.118
Fra:80 Mem:383.08M (Peak 383.08M) | Time:00:00.40 | Mem:0.00M, Peak:0.00M | 烟雨江南 · 雪月江南, 视图层 | Synchronizing object | JN_庭院青石.119
Fra:80 Mem:383.09M (Peak 383.09M) | Time:00:00.40 | Mem:0.00M, Peak:0.00M | 烟雨江南 · 雪月江南, 视图层 | Synchronizing object | JN_庭院青石.120
帧:80 内存:383.10M (峰值 383.10M) | 时间:00:00.40 | Mem:0.00M, Peak:0.00M | 烟雨江南 · 雪月江南, 视图层 | Synchronizing object | JN_庭院青石.121
Fra:80 Mem:383.11M (Peak 383.11M) | Time:00:00.40 | Mem:0.00M, Peak:0.00M | 烟雨江南 · 雪月江南, 视图层 | Synchronizing object | JN_庭院青石.122
Fra:80 Mem:383.14M (Peak 383.14M) | Time:00:00.40 | Mem:0.00M, Peak:0.00M | 烟雨江南 · 雪月江南, 视图层 | Synchronizing object | JN_老梅_花梢.016
Fra:80 Mem:383.15M (Peak 383.15M) | Time:00:00.40 | Mem:0.00M, Peak:0.00M | 烟雨江南 · 雪月江南, 视图层 | Synchronizing object | JN_庭院青石.123
Fra:80 Mem:383.16M (Peak 383.16M) | Time:00:00.40 | Mem:0.00M, Peak:0.00M | 烟雨江南 · 雪月江南, 视图层 | Synchronizing object | JN_庭院青石.124
Fra:80 Mem:383.17M (Peak 383.17M) | Time:00:00.40 | Mem:0.00M, Peak:0.00M | 烟雨江南 · 雪月江南, 视图层 | Synchronizing object | JN_庭院青石.125
Fra:80 Mem:383.18M (Peak 383.18M) | Time:00:00.40 | Mem:0.00M, Peak:0.00M | 烟雨江南 · 雪月江南, 视图层 | Synchronizing object | JN_庭院青石.126
Fra:80 Mem:383.18M (Peak 383.18M) | Time:00:00.40 | Mem:0.00M, Peak:0.00M | 烟雨江南 · 雪月江南, 视图层 | Synchronizing object | JN_庭院青石.127
帧:80 内存:383.19M (峰值 383.19M) | 时间:00:00.40 | Mem:0.00M, Peak:0.00M | 烟雨江南 · 雪月江南, 视图层 | Synchronizing object | JN_庭院青石.128
Fra:80 Mem:383.20M (Peak 383.20M) | Time:00:00.40 | Mem:0.00M, Peak:0.00M | 烟雨江南 · 雪月江南, 视图层 | Synchronizing object | JN_庭院青石.129
Fra:80 Mem:383.24M (Peak 383.24M) | Time:00:00.40 | Mem:0.00M, Peak:0.00M | 烟雨江南 · 雪月江南, 视图层 | Synchronizing object | JN_老梅_花梢.017
Fra:80 Mem:383.24M (Peak 383.24M) | Time:00:00.40 | Mem:0.00M, Peak:0.00M | 烟雨江南 · 雪月江南, 视图层 | Synchronizing object | JN_庭院青石.130
Fra:80 Mem:383.25M (Peak 383.25M) | Time:00:00.40 | Mem:0.00M, Peak:0.00M | 烟雨江南 · 雪月江南, 视图层 | Synchronizing object | JN_庭院青石.131
Fra:80 Mem:383.27M (Peak 383.27M) | Time:00:00.40 | Mem:0.00M, Peak:0.00M | 烟雨江南 · 雪月江南, 视图层 | Synchronizing object | JN_庭院青石.132
Fra:80 Mem:383.27M (Peak 383.27M) | Time:00:00.40 | Mem:0.00M, Peak:0.00M | 烟雨江南 · 雪月江南, 视图层 | Synchronizing object | JN_庭院青石.133
Fra:80 Mem:383.28M (Peak 383.28M) | Time:00:00.40 | Mem:0.00M, Peak:0.00M | 烟雨江南 · 雪月江南, 视图层 | Synchronizing object | JN_庭院青石.134
帧:80 内存:383.29M (峰值 383.29M) | 时间:00:00.40 | Mem:0.00M, Peak:0.00M | 烟雨江南 · 雪月江南, 视图层 | Synchronizing object | JN_庭院青石.135
Fra:80 Mem:383.30M (Peak 383.30M) | Time:00:00.40 | Mem:0.00M, Peak:0.00M | 烟雨江南 · 雪月江南, 视图层 | Synchronizing object | JN_庭院青石.136
Fra:80 Mem:383.33M (Peak 383.33M) | Time:00:00.40 | Mem:0.00M, Peak:0.00M | 烟雨江南 · 雪月江南, 视图层 | Synchronizing object | JN_老梅_花梢.018
Fra:80 Mem:383.34M (Peak 383.34M) | Time:00:00.40 | Mem:0.00M, Peak:0.00M | 烟雨江南 · 雪月江南, 视图层 | Synchronizing object | JN_庭院青石.137
Fra:80 Mem:383.35M (Peak 383.35M) | Time:00:00.40 | Mem:0.00M, Peak:0.00M | 烟雨江南 · 雪月江南, 视图层 | Synchronizing object | JN_庭院青石.138
Fra:80 Mem:383.36M (Peak 383.36M) | Time:00:00.40 | Mem:0.00M, Peak:0.00M | 烟雨江南 · 雪月江南, 视图层 | Synchronizing object | JN_庭院青石.139
Fra:80 Mem:383.37M (Peak 383.37M) | Time:00:00.40 | Mem:0.00M, Peak:0.00M | 烟雨江南 · 雪月江南, 视图层 | Synchronizing object | JN_庭院青石.140
Fra:80 Mem:383.37M (Peak 383.37M) | Time:00:00.40 | Mem:0.00M, Peak:0.00M | 烟雨江南 · 雪月江南, 视图层 | Synchronizing object | JN_庭院青石.141
帧:80 内存:383.39M (峰值 383.39M) | 时间:00:00.40 | Mem:0.00M, Peak:0.00M | 烟雨江南 · 雪月江南, 视图层 | Synchronizing object | JN_庭院青石.142
Fra:80 Mem:383.39M (Peak 383.39M) | Time:00:00.40 | Mem:0.00M, Peak:0.00M | 烟雨江南 · 雪月江南, 视图层 | Synchronizing object | JN_庭院青石.143
Fra:80 Mem:383.43M (Peak 383.43M) | Time:00:00.41 | Mem:0.00M, Peak:0.00M | 烟雨江南 · 雪月江南, 视图层 | Synchronizing object | JN_老梅_花梢.019
Fra:80 Mem:383.43M (Peak 383.43M) | Time:00:00.41 | Mem:0.00M, Peak:0.00M | 烟雨江南 · 雪月江南, 视图层 | Synchronizing object | JN_庭院青石.144
Fra:80 Mem:383.44M (Peak 383.44M) | Time:00:00.41 | Mem:0.00M, Peak:0.00M | 烟雨江南 · 雪月江南, 视图层 | Synchronizing object | JN_庭院青石.145
Fra:80 Mem:383.46M (Peak 383.46M) | Time:00:00.41 | Mem:0.00M, Peak:0.00M | 烟雨江南 · 雪月江南, 视图层 | Synchronizing object | JN_庭院青石.146
Fra:80 Mem:383.46M (Peak 383.46M) | Time:00:00.41 | Mem:0.00M, Peak:0.00M | 烟雨江南 · 雪月江南, 视图层 | Synchronizing object | JN_庭院青石.147
Fra:80 Mem:383.47M (Peak 383.47M) | Time:00:00.41 | Mem:0.00M, Peak:0.00M | 烟雨江南 · 雪月江南, 视图层 | Synchronizing object | JN_庭院青石.148
帧:80 内存:383.48M (峰值 383.48M) | 时间:00:00.41 | Mem:0.00M, Peak:0.00M | 烟雨江南 · 雪月江南, 视图层 | Synchronizing object | JN_庭院青石.149
Fra:80 Mem:383.49M (Peak 383.49M) | Time:00:00.41 | Mem:0.00M, Peak:0.00M | 烟雨江南 · 雪月江南, 视图层 | Synchronizing object | JN_庭院青石.150
Fra:80 Mem:383.53M (Peak 383.53M) | Time:00:00.41 | Mem:0.00M, Peak:0.00M | 烟雨江南 · 雪月江南, 视图层 | Synchronizing object | JN_老梅_花梢.020
Fra:80 Mem:383.53M (Peak 383.53M) | Time:00:00.41 | Mem:0.00M, Peak:0.00M | 烟雨江南 · 雪月江南, 视图层 | Synchronizing object | JN_庭院青石.151
Fra:80 Mem:383.54M (Peak 383.54M) | Time:00:00.41 | Mem:0.00M, Peak:0.00M | 烟雨江南 · 雪月江南, 视图层 | Synchronizing object | JN_庭院青石.152
Fra:80 Mem:383.55M (Peak 383.55M) | Time:00:00.41 | Mem:0.00M, Peak:0.00M | 烟雨江南 · 雪月江南, 视图层 | Synchronizing object | JN_庭院青石.153
Fra:80 Mem:383.56M (Peak 383.56M) | Time:00:00.41 | Mem:0.00M, Peak:0.00M | 烟雨江南 · 雪月江南, 视图层 | Synchronizing object | JN_庭院青石.154
Fra:80 Mem:383.56M (Peak 383.56M) | Time:00:00.41 | Mem:0.00M, Peak:0.00M | 烟雨江南 · 雪月江南, 视图层 | Synchronizing object | JN_庭院青石.155
帧:80 内存:383.57M (峰值 383.57M) | 时间:00:00.41 | Mem:0.00M, Peak:0.00M | 烟雨江南 · 雪月江南, 视图层 | Synchronizing object | JN_曲水汀步
Fra:80 Mem:383.58M (Peak 383.58M) | Time:00:00.41 | Mem:0.00M, Peak:0.00M | 烟雨江南 · 雪月江南, 视图层 | Synchronizing object | JN_曲水汀步.001
帧:80 内存:383.61M (峰值 383.61M) | 时间:00:00.41 | Mem:0.00M, Peak:0.00M | 烟雨江南 · 雪月江南, 视图层 | Synchronizing object | JN_老梅_横斜枝.003
Fra:80 Mem:383.62M (Peak 383.62M) | Time:00:00.41 | Mem:0.00M, Peak:0.00M | 烟雨江南 · 雪月江南, 视图层 | Synchronizing object | JN_曲水汀步.002
Fra:80 Mem:383.67M (Peak 383.67M) | Time:00:00.41 | Mem:0.00M, Peak:0.00M | 烟雨江南 · 雪月江南, 视图层 | Synchronizing object | JN_老梅_花梢.021
Fra:80 Mem:383.67M (Peak 383.67M) | Time:00:00.41 | Mem:0.00M, Peak:0.00M | 烟雨江南 · 雪月江南, 视图层 | Synchronizing object | JN_曲水汀步.003
Fra:80 Mem:383.68M (Peak 383.68M) | Time:00:00.41 | Mem:0.00M, Peak:0.00M | 烟雨江南 · 雪月江南, 视图层 | Synchronizing object | JN_曲水汀步.004
Fra:80 Mem:383.69M (Peak 383.69M) | Time:00:00.41 | Mem:0.00M, Peak:0.00M | 烟雨江南 · 雪月江南, 视图层 | Synchronizing object | JN_曲水汀步.005
Fra:80 Mem:383.69M (Peak 383.69M) | Time:00:00.41 | Mem:0.00M, Peak:0.00M | 烟雨江南 · 雪月江南, 视图层 | Synchronizing object | JN_曲水汀步.006
Fra:80 Mem:383.71M (Peak 383.71M) | Time:00:00.41 | Mem:0.00M, Peak:0.00M | 烟雨江南 · 雪月江南, 视图层 | Synchronizing object | JN_曲水汀步.007
帧:80 内存:383.71M (峰值 383.71M) | 时间:00:00.41 | Mem:0.00M, Peak:0.00M | 烟雨江南 · 雪月江南, 视图层 | Synchronizing object | JN_曲水汀步.008
Fra:80 Mem:383.72M (Peak 383.72M) | Time:00:00.41 | Mem:0.00M, Peak:0.00M | 烟雨江南 · 雪月江南, 视图层 | Synchronizing object | JN_曲水汀步.009
帧:80 内存:383.76M (峰值 383.76M) | 时间:00:00.41 | Mem:0.00M, Peak:0.00M | 烟雨江南 · 雪月江南, 视图层 | Synchronizing object | JN_老梅_花梢.022
Fra:80 Mem:383.77M (Peak 383.77M) | Time:00:00.41 | Mem:0.00M, Peak:0.00M | 烟雨江南 · 雪月江南, 视图层 | Synchronizing object | JN_曲水汀步.010
Fra:80 Mem:383.80M (Peak 383.80M) | Time:00:00.41 | Mem:0.00M, Peak:0.00M | 烟雨江南 · 雪月江南, 视图层 | Synchronizing object | JN_老梅_花梢.023
Fra:80 Mem:383.81M (Peak 383.81M) | Time:00:00.41 | Mem:0.00M, Peak:0.00M | 烟雨江南 · 雪月江南, 视图层 | Synchronizing object | JN_曲水汀步.011
Fra:80 Mem:383.82M (Peak 383.82M) | Time:00:00.41 | Mem:0.00M, Peak:0.00M | 烟雨江南 · 雪月江南, 视图层 | Synchronizing object | JN_门后石径
Fra:80 Mem:383.83M (Peak 383.83M) | Time:00:00.41 | Mem:0.00M, Peak:0.00M | 烟雨江南 · 雪月江南, 视图层 | Synchronizing object | JN_门后石径.001
Fra:80 Mem:383.84M (Peak 383.84M) | Time:00:00.41 | Mem:0.00M, Peak:0.00M | 烟雨江南 · 雪月江南, 视图层 | Synchronizing object | JN_门后石径.002
Fra:80 Mem:383.84M (Peak 383.84M) | Time:00:00.41 | Mem:0.00M, Peak:0.00M | 烟雨江南 · 雪月江南, 视图层 | Synchronizing object | JN_门后石径.003
帧:80 内存:383.85M (峰值 383.85M) | 时间:00:00.41 | Mem:0.00M, Peak:0.00M | 烟雨江南 · 雪月江南, 视图层 | Synchronizing object | JN_门后石径.004
Fra:80 Mem:383.88M (Peak 383.88M) | Time:00:00.41 | Mem:0.00M, Peak:0.00M | 烟雨江南 · 雪月江南, 视图层 | Synchronizing object | JN_门后石径.005
Fra:80 Mem:383.90M (Peak 383.90M) | Time:00:00.41 | Mem:0.00M, Peak:0.00M | 烟雨江南 · 雪月江南, 视图层 | Synchronizing object | JN_老梅_花梢.024
Fra:80 Mem:383.90M (Peak 383.90M) | Time:00:00.41 | Mem:0.00M, Peak:0.00M | 烟雨江南 · 雪月江南, 视图层 | Synchronizing object | JN_门后石径.006
Fra:80 Mem:383.91M (Peak 383.91M) | Time:00:00.41 | Mem:0.00M, Peak:0.00M | 烟雨江南 · 雪月江南, 视图层 | Synchronizing object | JN_太湖叠石
Fra:80 Mem:383.92M (Peak 383.92M) | Time:00:00.41 | Mem:0.00M, Peak:0.00M | 烟雨江南 · 雪月江南, 视图层 | Synchronizing object | JN_太湖叠石.001
Fra:80 Mem:383.93M (Peak 383.93M) | Time:00:00.41 | Mem:0.00M, Peak:0.00M | 烟雨江南 · 雪月江南, 视图层 | Synchronizing object | JN_太湖叠石.002
Fra:80 Mem:383.94M (Peak 383.94M) | Time:00:00.41 | Mem:0.00M, Peak:0.00M | 烟雨江南 · 雪月江南, 视图层 | Synchronizing object | JN_太湖叠石.003
帧:80 内存:383.95M (峰值 383.95M) | 时间:00:00.41 | Mem:0.00M, Peak:0.00M | 烟雨江南 · 雪月江南, 视图层 | Synchronizing object | JN_太湖叠石.004
Fra:80 Mem:383.99M (Peak 383.99M) | Time:00:00.41 | Mem:0.00M, Peak:0.00M | 烟雨江南 · 雪月江南, 视图层 | Synchronizing object | JN_太湖叠石.005
Fra:80 Mem:383.99M (Peak 383.99M) | Time:00:00.41 | Mem:0.00M, Peak:0.00M | 烟雨江南 · 雪月江南, 视图层 | Synchronizing object | JN_老梅_花梢.025
Fra:80 Mem:384.00M (Peak 384.00M) | Time:00:00.41 | Mem:0.00M, Peak:0.00M | 烟雨江南 · 雪月江南, 视图层 | Synchronizing object | JN_太湖叠石.006
Fra:80 Mem:384.01M (Peak 384.01M) | Time:00:00.41 | Mem:0.00M, Peak:0.00M | 烟雨江南 · 雪月江南, 视图层 | Synchronizing object | JN_太湖叠石.007
Fra:80 Mem:384.03M (Peak 384.03M) | Time:00:00.41 | Mem:0.00M, Peak:0.00M | 烟雨江南 · 雪月江南, 视图层 | Synchronizing object | JN_太湖叠石.008
Fra:80 Mem:384.05M (Peak 384.05M) | Time:00:00.41 | Mem:0.00M, Peak:0.00M | 烟雨江南 · 雪月江南, 视图层 | Synchronizing object | JN_太湖叠石.009
Fra:80 Mem:384.06M (Peak 384.06M) | Time:00:00.41 | Mem:0.00M, Peak:0.00M | 烟雨江南 · 雪月江南, 视图层 | Synchronizing object | JN_太湖叠石.010
帧:80 内存:384.07M (峰值 384.07M) | 时间:00:00.41 | Mem:0.00M, Peak:0.00M | 烟雨江南 · 雪月江南, 视图层 | Synchronizing object | JN_太湖叠石.011
Fra:80 Mem:384.12M (Peak 384.12M) | Time:00:00.41 | Mem:0.00M, Peak:0.00M | 烟雨江南 · 雪月江南, 视图层 | Synchronizing object | JN_树脚苔石
Fra:80 Mem:384.13M (Peak 384.13M) | Time:00:00.41 | Mem:0.00M, Peak:0.00M | 烟雨江南 · 雪月江南, 视图层 | Synchronizing object | JN_老梅_花梢.026
Fra:80 Mem:384.14M (Peak 384.14M) | Time:00:00.41 | Mem:0.00M, Peak:0.00M | 烟雨江南 · 雪月江南, 视图层 | Synchronizing object | JN_树脚苔石.001
Fra:80 Mem:384.16M (Peak 384.16M) | Time:00:00.41 | Mem:0.00M, Peak:0.00M | 烟雨江南 · 雪月江南, 视图层 | Synchronizing object | JN_树脚苔石.002
Fra:80 Mem:384.18M (Peak 384.18M) | Time:00:00.41 | Mem:0.00M, Peak:0.00M | 烟雨江南 · 雪月江南, 视图层 | Synchronizing object | JN_树脚苔石.003
Fra:80 Mem:384.19M (Peak 384.19M) | Time:00:00.41 | Mem:0.00M, Peak:0.00M | 烟雨江南 · 雪月江南, 视图层 | Synchronizing object | JN_树脚苔石.004
Fra:80 Mem:384.20M (Peak 384.20M) | Time:00:00.41 | Mem:0.00M, Peak:0.00M | 烟雨江南 · 雪月江南, 视图层 | Synchronizing object | JN_树脚苔石.005
帧:80 内存:384.22M (峰值 384.22M) | 时间:00:00.41 | Mem:0.00M, Peak:0.00M | 烟雨江南 · 雪月江南, 视图层 | Synchronizing object | JN_树脚苔石.006
Fra:80 Mem:384.23M (Peak 384.23M) | Time:00:00.41 | Mem:0.00M, Peak:0.00M | 烟雨江南 · 雪月江南, 视图层 | Synchronizing object | JN_树脚苔石.007
Fra:80 Mem:384.29M (Peak 384.29M) | Time:00:00.41 | Mem:0.00M, Peak:0.00M | 烟雨江南 · 雪月江南, 视图层 | Synchronizing object | JN_树脚苔石.008
Fra:80 Mem:384.30M (Peak 384.30M) | Time:00:00.41 | Mem:0.00M, Peak:0.00M | 烟雨江南 · 雪月江南, 视图层 | Synchronizing object | JN_树脚苔石.010
Fra:80 Mem:384.32M (Peak 384.32M) | Time:00:00.41 | Mem:0.00M, Peak:0.00M | 烟雨江南 · 雪月江南, 视图层 | Synchronizing object | JN_树脚苔石.011
Fra:80 Mem:384.33M (Peak 384.33M) | Time:00:00.41 | Mem:0.00M, Peak:0.00M | 烟雨江南 · 雪月江南, 视图层 | Synchronizing object | JN_树脚苔石.012
Fra:80 Mem:384.34M (Peak 384.34M) | Time:00:00.41 | Mem:0.00M, Peak:0.00M | 烟雨江南 · 雪月江南, 视图层 | Synchronizing object | JN_树脚苔石.013
Fra:80 Mem:384.35M (Peak 384.35M) | Time:00:00.41 | Mem:0.00M, Peak:0.00M | 烟雨江南 · 雪月江南, 视图层 | Synchronizing object | JN_树脚苔石.014
帧:80 内存:384.37M (峰值 384.37M) | 时间:00:00.41 | Mem:0.00M, Peak:0.00M | 烟雨江南 · 雪月江南, 视图层 | Synchronizing object | JN_树脚苔石.015
Fra:80 Mem:384.37M (Peak 384.37M) | Time:00:00.41 | Mem:0.00M, Peak:0.00M | 烟雨江南 · 雪月江南, 视图层 | Synchronizing object | JN_树脚苔石.016
Fra:80 Mem:384.42M (Peak 384.42M) | Time:00:00.41 | Mem:0.00M, Peak:0.00M | 烟雨江南 · 雪月江南, 视图层 | Synchronizing object | JN_老梅_横斜枝.004
Fra:80 Mem:384.43M (Peak 384.43M) | Time:00:00.41 | Mem:0.00M, Peak:0.00M | 烟雨江南 · 雪月江南, 视图层 | Synchronizing object | JN_树脚苔石.018
Fra:80 Mem:384.44M (Peak 384.44M) | Time:00:00.41 | Mem:0.00M, Peak:0.00M | 烟雨江南 · 雪月江南, 视图层 | Synchronizing object | JN_树脚苔石.019
Fra:80 Mem:384.46M (Peak 384.46M) | Time:00:00.41 | Mem:0.00M, Peak:0.00M | 烟雨江南 · 雪月江南, 视图层 | Synchronizing object | JN_树脚苔石.020
Fra:80 Mem:384.47M (Peak 384.47M) | Time:00:00.41 | Mem:0.00M, Peak:0.00M | 烟雨江南 · 雪月江南, 视图层 | Synchronizing object | JN_树脚苔石.021
帧:80 内存:384.48M (峰值 384.48M) | 时间:00:00.41 | Mem:0.00M, Peak:0.00M | 烟雨江南 · 雪月江南, 视图层 | Synchronizing object | JN_树脚苔石.022
Fra:80 Mem:384.49M (Peak 384.49M) | Time:00:00.41 | Mem:0.00M, Peak:0.00M | 烟雨江南 · 雪月江南, 视图层 | Synchronizing object | JN_树脚苔石.023
帧:80 内存:384.54M (峰值 384.54M) | 时间:00:00.41 | Mem:0.00M, Peak:0.00M | 烟雨江南 · 雪月江南, 视图层 | Synchronizing object | JN_老梅_花梢.028
Fra:80 Mem:384.57M (Peak 384.57M) | Time:00:00.41 | Mem:0.00M, Peak:0.00M | 烟雨江南 · 雪月江南, 视图层 | Synchronizing object | JN_水上落梅
Fra:80 Mem:384.58M (Peak 384.58M) | Time:00:00.41 | Mem:0.00M, Peak:0.00M | 烟雨江南 · 雪月江南, 视图层 | Synchronizing object | JN_老梅_花梢.029
Fra:80 Mem:384.59M (Peak 384.59M) | Time:00:00.41 | Mem:0.00M, Peak:0.00M | 烟雨江南 · 雪月江南, 视图层 | Synchronizing object | JN_五瓣梅_枝组
Fra:80 Mem:384.60M (Peak 384.60M) | Time:00:00.41 | Mem:0.00M, Peak:0.00M | 烟雨江南 · 雪月江南, 视图层 | Synchronizing object | JN_五瓣梅_枝组.001
Fra:80 Mem:384.61M (Peak 384.61M) | Time:00:00.41 | Mem:0.00M, Peak:0.00M | 烟雨江南 · 雪月江南, 视图层 | Synchronizing object | JN_五瓣梅_枝组.002
Fra:80 Mem:384.63M (Peak 384.63M) | Time:00:00.41 | Mem:0.00M, Peak:0.00M | 烟雨江南 · 雪月江南, 视图层 | Synchronizing object | JN_五瓣梅_枝组.003
帧:80 内存:385.61M (峰值 385.61M) | 时间:00:00.41 | Mem:0.00M, Peak:0.00M | 烟雨江南 · 雪月江南, 视图层 | Synchronizing object | JN_老梅_花梢.030
帧:80 内存:385.98M (峰值 385.98M) | 时间:00:00.42 | Mem:0.00M, Peak:0.00M | 烟雨江南 · 雪月江南, 视图层 | Synchronizing object | JN_老梅_花梢.031
帧:80 内存:386.06M (峰值 386.06M) | 时间:00:00.42 | Mem:0.00M, Peak:0.00M | 烟雨江南 · 雪月江南, 视图层 | Synchronizing object | JN_老梅_花梢.032
帧:80 内存:386.11M (峰值 386.11M) | 时间:00:00.42 | Mem:0.00M, Peak:0.00M | 烟雨江南 · 雪月江南, 视图层 | Synchronizing object | JN_老梅_花梢.033
帧:80 内存:386.15M (峰值 386.15M) | 时间:00:00.42 | Mem:0.00M, Peak:0.00M | 烟雨江南 · 雪月江南, 视图层 | Synchronizing object | JN_老梅_花梢.034
Fra:80 Mem:386.18M (Peak 386.18M) | Time:00:00.42 | Mem:0.00M, Peak:0.00M | 烟雨江南 · 雪月江南, 视图层 | Synchronizing object | JN_五瓣梅_枝组.004
帧:80 内存:386.18M (峰值 386.18M) | 时间:00:00.42 | Mem:0.00M, Peak:0.00M | 烟雨江南 · 雪月江南, 视图层 | Synchronizing object | JN_老梅_横斜枝.005
帧:80 内存:386.39M (峰值 386.39M) | 时间:00:00.42 | Mem:0.00M, Peak:0.00M | 烟雨江南 · 雪月江南, 视图层 | Synchronizing object | JN_老梅_花梢.035
帧:80 内存:386.47M (峰值 386.47M) | 时间:00:00.42 | Mem:0.00M, Peak:0.00M | 烟雨江南 · 雪月江南, 视图层 | Synchronizing object | JN_老梅_花梢.036
帧:80 内存:386.50M (峰值 386.50M) | 时间:00:00.42 | Mem:0.00M, Peak:0.00M | 烟雨江南 · 雪月江南, 视图层 | Synchronizing object | JN_老梅_花梢.037
帧:80 内存:386.54M (峰值 386.54M) | 时间:00:00.42 | Mem:0.00M, Peak:0.00M | 烟雨江南 · 雪月江南, 视图层 | Synchronizing object | JN_老梅_花梢.038
帧:80 内存:386.58M (峰值 386.58M) | 时间:00:00.42 | Mem:0.00M, Peak:0.00M | 烟雨江南 · 雪月江南, 视图层 | Synchronizing object | JN_老梅_花梢.039
帧:80 内存:386.62M (峰值 386.62M) | 时间:00:00.42 | Mem:0.00M, Peak:0.00M | 烟雨江南 · 雪月江南, 视图层 | Synchronizing object | JN_老梅_花梢.040
帧:80 内存:386.65M (峰值 386.65M) | 时间:00:00.42 | Mem:0.00M, Peak:0.00M | 烟雨江南 · 雪月江南, 视图层 | Synchronizing object | JN_老梅_花梢.041
帧:80 内存:386.69M (峰值 386.69M) | 时间:00:00.42 | Mem:0.00M, Peak:0.00M | 烟雨江南 · 雪月江南, 视图层 | Synchronizing object | JN_老梅_横斜枝.006
Fra:80 Mem:386.69M (Peak 386.69M) | Time:00:00.42 | Mem:0.00M, Peak:0.00M | 烟雨江南 · 雪月江南, 视图层 | Synchronizing object | JN_五瓣梅_枝组.005
帧:80 内存:386.74M (峰值 386.74M) | 时间:00:00.42 | Mem:0.00M, Peak:0.00M | 烟雨江南 · 雪月江南, 视图层 | Synchronizing object | JN_老梅_花梢.042
帧:80 内存:386.97M (峰值 386.97M) | 时间:00:00.42 | Mem:0.00M, Peak:0.00M | 烟雨江南 · 雪月江南, 视图层 | Synchronizing object | JN_老梅_花梢.043
帧:80 内存:387.01M (峰值 387.01M) | 时间:00:00.42 | Mem:0.00M, Peak:0.00M | 烟雨江南 · 雪月江南, 视图层 | Synchronizing object | JN_老梅_花梢.044
帧:80 内存:387.05M (峰值 387.05M) | 时间:00:00.42 | Mem:0.00M, Peak:0.00M | 烟雨江南 · 雪月江南, 视图层 | Synchronizing object | JN_老梅_花梢.045
帧:80 内存:387.08M (峰值 387.08M) | 时间:00:00.42 | Mem:0.00M, Peak:0.00M | 烟雨江南 · 雪月江南, 视图层 | Synchronizing object | JN_老梅_花梢.046
帧:80 内存:387.12M (峰值 387.12M) | 时间:00:00.42 | Mem:0.00M, Peak:0.00M | 烟雨江南 · 雪月江南, 视图层 | Synchronizing object | JN_老梅_花梢.047
帧:80 内存:387.16M (峰值 387.16M) | 时间:00:00.42 | Mem:0.00M, Peak:0.00M | 烟雨江南 · 雪月江南, 视图层 | Synchronizing object | JN_老梅_花梢.048
帧:80 内存:387.20M (峰值 387.20M) | 时间:00:00.42 | Mem:0.00M, Peak:0.00M | 烟雨江南 · 雪月江南, 视图层 | Synchronizing object | JN_老梅_横斜枝.007
Fra:80 Mem:387.20M (Peak 387.20M) | Time:00:00.42 | Mem:0.00M, Peak:0.00M | 烟雨江南 · 雪月江南, 视图层 | Synchronizing object | JN_五瓣梅_枝组.006
帧:80 内存:387.23M (峰值 387.23M) | 时间:00:00.42 | Mem:0.00M, Peak:0.00M | 烟雨江南 · 雪月江南, 视图层 | Synchronizing object | JN_老梅_花梢.049
帧:80 内存:387.48M (峰值 387.48M) | 时间:00:00.42 | Mem:0.00M, Peak:0.00M | 烟雨江南 · 雪月江南, 视图层 | Synchronizing object | JN_老梅_花梢.050
帧:80 内存:387.52M (峰值 387.52M) | 时间:00:00.42 | Mem:0.00M, Peak:0.00M | 烟雨江南 · 雪月江南, 视图层 | Synchronizing object | JN_老梅_花梢.051
帧:80 内存:387.56M (峰值 387.56M) | 时间:00:00.42 | Mem:0.00M, Peak:0.00M | 烟雨江南 · 雪月江南, 视图层 | Synchronizing object | JN_老梅_花梢.052
帧:80 内存:387.59M (峰值 387.59M) | 时间:00:00.42 | Mem:0.00M, Peak:0.00M | 烟雨江南 · 雪月江南, 视图层 | Synchronizing object | JN_老梅_花梢.053
帧:80 内存:387.63M (峰值 387.63M) | 时间:00:00.42 | Mem:0.00M, Peak:0.00M | 烟雨江南 · 雪月江南, 视图层 | Synchronizing object | JN_老梅_花梢.054
帧:80 内存:387.67M (峰值 387.67M) | 时间:00:00.42 | Mem:0.00M, Peak:0.00M | 烟雨江南 · 雪月江南, 视图层 | Synchronizing object | JN_老梅_花梢.055
帧:80 内存:387.71M (峰值 387.71M) | 时间:00:00.42 | Mem:0.00M, Peak:0.00M | 烟雨江南 · 雪月江南, 视图层 | Synchronizing object | JN_老梅_横斜枝.008
Fra:80 Mem:387.71M (Peak 387.71M) | Time:00:00.42 | Mem:0.00M, Peak:0.00M | 烟雨江南 · 雪月江南, 视图层 | Synchronizing object | JN_五瓣梅_枝组.007
帧:80 内存:387.74M (峰值 387.74M) | 时间:00:00.42 | Mem:0.00M, Peak:0.00M | 烟雨江南 · 雪月江南, 视图层 | Synchronizing object | JN_老梅_花梢.056
帧:80 内存:387.97M (峰值 387.97M) | 时间:00:00.42 | Mem:0.00M, Peak:0.00M | 烟雨江南 · 雪月江南, 视图层 | Synchronizing object | JN_老梅_花梢.057
帧:80 内存:388.02M (峰值 388.02M) | 时间:00:00.42 | Mem:0.00M, Peak:0.00M | 烟雨江南 · 雪月江南, 视图层 | Synchronizing object | JN_老梅_花梢.058
帧:80 内存:388.05M (峰值 388.05M) | 时间:00:00.42 | Mem:0.00M, Peak:0.00M | 烟雨江南 · 雪月江南, 视图层 | Synchronizing object | JN_老梅_花梢.059
帧:80 内存:388.09M (峰值 388.09M) | 时间:00:00.42 | Mem:0.00M, Peak:0.00M | 烟雨江南 · 雪月江南, 视图层 | Synchronizing object | JN_老梅_花梢.060
帧:80 内存:388.13M (峰值 388.13M) | 时间:00:00.42 | Mem:0.00M, Peak:0.00M | 烟雨江南 · 雪月江南, 视图层 | Synchronizing object | JN_老梅_花梢.061
帧:80 内存:388.16M (峰值 388.16M) | 时间:00:00.42 | Mem:0.00M, Peak:0.00M | 烟雨江南 · 雪月江南, 视图层 | Synchronizing object | JN_老梅_花梢.062
帧:80 内存:388.20M (峰值 388.20M) | 时间:00:00.42 | Mem:0.00M, Peak:0.00M | 烟雨江南 · 雪月江南, 视图层 | Synchronizing object | JN_老梅_横斜枝.009
Fra:80 Mem:388.20M (Peak 388.20M) | Time:00:00.42 | Mem:0.00M, Peak:0.00M | 烟雨江南 · 雪月江南, 视图层 | Synchronizing object | JN_五瓣梅_枝组.008
帧:80 内存:388.26M (峰值 388.26M) | 时间:00:00.42 | Mem:0.00M, Peak:0.00M | 烟雨江南 · 雪月江南, 视图层 | Synchronizing object | JN_老梅_花梢.063
帧:80 内存:388.53M (峰值 388.53M) | 时间:00:00.42 | Mem:0.00M, Peak:0.00M | 烟雨江南 · 雪月江南, 视图层 | Synchronizing object | JN_老梅_花梢.064
帧:80 内存:388.53M (峰值 388.53M) | 时间:00:00.42 | Mem:0.00M, Peak:0.00M | 烟雨江南 · 雪月江南, 视图层 | Synchronizing object | JN_老梅_花梢.065
帧:80 内存:388.57M (峰值 388.57M) | 时间:00:00.42 | Mem:0.00M, Peak:0.00M | 烟雨江南 · 雪月江南, 视图层 | Synchronizing object | JN_老梅_花梢.066
帧:80 内存:388.61M (峰值 388.61M) | 时间:00:00.42 | Mem:0.00M, Peak:0.00M | 烟雨江南 · 雪月江南, 视图层 | Synchronizing object | JN_老梅_花梢.067
帧:80 内存:388.64M (峰值 388.64M) | 时间:00:00.42 | Mem:0.00M, Peak:0.00M | 烟雨江南 · 雪月江南, 视图层 | Synchronizing object | JN_老梅_花梢.068
帧:80 内存:388.68M (峰值 388.68M) | 时间:00:00.42 | Mem:0.00M, Peak:0.00M | 烟雨江南 · 雪月江南, 视图层 | Synchronizing object | JN_老梅_花梢.069
帧:80 内存:388.72M (峰值 388.72M) | 时间:00:00.43 | Mem:0.00M, Peak:0.00M | 烟雨江南 · 雪月江南, 视图层 | Synchronizing object | JN_老梅_横斜枝.010
Fra:80 Mem:388.72M (Peak 388.72M) | Time:00:00.43 | Mem:0.00M, Peak:0.00M | 烟雨江南 · 雪月江南, 视图层 | Synchronizing object | JN_五瓣梅_枝组.009
帧:80 内存:388.75M (峰值 388.75M) | 时间:00:00.43 | Mem:0.00M, Peak:0.00M | 烟雨江南 · 雪月江南, 视图层 | Synchronizing object | JN_老梅_花梢.070
帧:80 内存:388.96M (峰值 388.96M) | 时间:00:00.43 | Mem:0.00M, Peak:0.00M | 烟雨江南 · 雪月江南, 视图层 | Synchronizing object | JN_老梅_花梢.071
帧:80 内存:389.04M (峰值 389.04M) | 时间:00:00.43 | Mem:0.00M, Peak:0.00M | 烟雨江南 · 雪月江南, 视图层 | Synchronizing object | JN_老梅_花梢.072
帧:80 内存:389.07M (峰值 389.07M) | 时间:00:00.43 | Mem:0.00M, Peak:0.00M | 烟雨江南 · 雪月江南, 视图层 | Synchronizing object | JN_老梅_花梢.073
帧:80 内存:389.11M (峰值 389.11M) | 时间:00:00.43 | Mem:0.00M, Peak:0.00M | 烟雨江南 · 雪月江南, 视图层 | Synchronizing object | JN_老梅_花梢.074
帧:80 内存:389.15M (峰值 389.15M) | 时间:00:00.43 | Mem:0.00M, Peak:0.00M | 烟雨江南 · 雪月江南, 视图层 | Synchronizing object | JN_老梅_花梢.075
帧:80 内存:389.19M (峰值 389.19M) | 时间:00:00.43 | Mem:0.00M, Peak:0.00M | 烟雨江南 · 雪月江南, 视图层 | Synchronizing object | JN_老梅_花梢.076
Fra:80 Mem:389.22M (Peak 389.22M) | Time:00:00.43 | Mem:0.00M, Peak:0.00M | 烟雨江南 · 雪月江南, 视图层 | Synchronizing object | JN_五瓣梅_枝组.010
帧:80 内存:389.22M (峰值 389.22M) | 时间:00:00.43 | Mem:0.00M, Peak:0.00M | 烟雨江南 · 雪月江南, 视图层 | Synchronizing object | JN_老梅_苍干.001
帧:80 内存:389.52M (峰值 389.52M) | 时间:00:00.43 | Mem:0.00M, Peak:0.00M | 烟雨江南 · 雪月江南, 视图层 | Synchronizing object | JN_梅根.007
帧:80 内存:389.56M (峰值 389.56M) | 时间:00:00.43 | Mem:0.00M, Peak:0.00M | 烟雨江南 · 雪月江南, 视图层 | Synchronizing object | JN_梅根.008
帧:80 内存:389.59M (峰值 389.59M) | 时间:00:00.43 | Mem:0.00M, Peak:0.00M | 烟雨江南 · 雪月江南, 视图层 | Synchronizing object | JN_梅根.009
帧:80 内存:389.63M (峰值 389.63M) | 时间:00:00.43 | Mem:0.00M, Peak:0.00M | 烟雨江南 · 雪月江南, 视图层 | Synchronizing object | JN_梅根.010
帧:80 内存:389.67M (峰值 389.67M) | 时间:00:00.43 | Mem:0.00M, Peak:0.00M | 烟雨江南 · 雪月江南, 视图层 | Synchronizing object | JN_梅根.011
帧:80 内存:389.70M (峰值 389.70M) | 时间:00:00.43 | Mem:0.00M, Peak:0.00M | 烟雨江南 · 雪月江南, 视图层 | Synchronizing object | JN_梅根.012
帧:80 内存:389.74M (峰值 389.74M) | 时间:00:00.43 | Mem:0.00M, Peak:0.00M | 烟雨江南 · 雪月江南, 视图层 | Synchronizing object | JN_梅根.013
帧:80 内存:389.78M (峰值 389.78M) | 时间:00:00.43 | Mem:0.00M, Peak:0.00M | 烟雨江南 · 雪月江南, 视图层 | Synchronizing object | JN_老梅_横斜枝.011
帧:80 内存:389.81M (峰值 389.81M) | 时间:00:00.43 | Mem:0.00M, Peak:0.00M | 烟雨江南 · 雪月江南, 视图层 | Synchronizing object | JN_老梅_花梢.077
帧:80 内存:389.85M (峰值 389.85M) | 时间:00:00.43 | Mem:0.00M, Peak:0.00M | 烟雨江南 · 雪月江南, 视图层 | Synchronizing object | JN_老梅_花梢.078
帧:80 内存:389.89M (峰值 389.89M) | 时间:00:00.43 | Mem:0.00M, Peak:0.00M | 烟雨江南 · 雪月江南, 视图层 | Synchronizing object | JN_老梅_花梢.079
帧:80 内存:389.93M (峰值 389.93M) | 时间:00:00.43 | Mem:0.00M, Peak:0.00M | 烟雨江南 · 雪月江南, 视图层 | Synchronizing object | JN_老梅_花梢.080
帧:80 内存:389.96M (峰值 389.96M) | 时间:00:00.43 | Mem:0.00M, Peak:0.00M | 烟雨江南 · 雪月江南, 视图层 | Synchronizing object | JN_老梅_花梢.081
帧:80 内存:390.00M (峰值 390.00M) | 时间:00:00.43 | Mem:0.00M, Peak:0.00M | 烟雨江南 · 雪月江南, 视图层 | Synchronizing object | JN_老梅_花梢.082
帧:80 内存:390.04M (峰值 390.04M) | 时间:00:00.43 | Mem:0.00M, Peak:0.00M | 烟雨江南 · 雪月江南, 视图层 | Synchronizing object | JN_老梅_花梢.083
帧:80 内存:390.07M (峰值 390.07M) | 时间:00:00.43 | Mem:0.00M, Peak:0.00M | 烟雨江南 · 雪月江南, 视图层 | Synchronizing object | JN_老梅_横斜枝.012
Fra:80 Mem:390.08M (Peak 390.08M) | Time:00:00.43 | Mem:0.00M, Peak:0.00M | 烟雨江南 · 雪月江南, 视图层 | Synchronizing object | JN_五瓣梅_枝组.011
帧:80 内存:390.11M (峰值 390.11M) | 时间:00:00.43 | Mem:0.00M, Peak:0.00M | 烟雨江南 · 雪月江南, 视图层 | Synchronizing object | JN_老梅_花梢.084
帧:80 内存:390.34M (峰值 390.34M) | 时间:00:00.43 | Mem:0.00M, Peak:0.00M | 烟雨江南 · 雪月江南, 视图层 | Synchronizing object | JN_老梅_花梢.085
帧:80 内存:390.38M (峰值 390.38M) | 时间:00:00.43 | Mem:0.00M, Peak:0.00M | 烟雨江南 · 雪月江南, 视图层 | Synchronizing object | JN_老梅_花梢.086
帧:80 内存:390.42M (峰值 390.42M) | 时间:00:00.43 | Mem:0.00M, Peak:0.00M | 烟雨江南 · 雪月江南, 视图层 | Synchronizing object | JN_老梅_花梢.087
帧:80 内存:390.45M (峰值 390.45M) | 时间:00:00.43 | Mem:0.00M, Peak:0.00M | 烟雨江南 · 雪月江南, 视图层 | Synchronizing object | JN_老梅_花梢.088
帧:80 内存:390.49M (峰值 390.49M) | 时间:00:00.43 | Mem:0.00M, Peak:0.00M | 烟雨江南 · 雪月江南, 视图层 | Synchronizing object | JN_老梅_花梢.089
帧:80 内存:390.53M (峰值 390.53M) | 时间:00:00.43 | Mem:0.00M, Peak:0.00M | 烟雨江南 · 雪月江南, 视图层 | Synchronizing object | JN_老梅_花梢.090
帧:80 内存:390.56M (峰值 390.56M) | 时间:00:00.43 | Mem:0.00M, Peak:0.00M | 烟雨江南 · 雪月江南, 视图层 | Synchronizing object | JN_老梅_横斜枝.013
Fra:80 Mem:390.57M (Peak 390.57M) | Time:00:00.43 | Mem:0.00M, Peak:0.00M | 烟雨江南 · 雪月江南, 视图层 | Synchronizing object | JN_五瓣梅_枝组.012
帧:80 内存:390.60M (峰值 390.60M) | 时间:00:00.43 | Mem:0.00M, Peak:0.00M | 烟雨江南 · 雪月江南, 视图层 | Synchronizing object | JN_老梅_花梢.091
帧:80 内存:390.79M (峰值 390.79M) | 时间:00:00.43 | Mem:0.00M, Peak:0.00M | 烟雨江南 · 雪月江南, 视图层 | Synchronizing object | JN_老梅_花梢.092
帧:80 内存:390.86M (峰值 390.86M) | 时间:00:00.43 | Mem:0.00M, Peak:0.00M | 烟雨江南 · 雪月江南, 视图层 | Synchronizing object | JN_老梅_花梢.093
帧:80 内存:390.90M (峰值 390.90M) | 时间:00:00.43 | Mem:0.00M, Peak:0.00M | 烟雨江南 · 雪月江南, 视图层 | Synchronizing object | JN_老梅_花梢.094
帧:80 内存:390.94M (峰值 390.94M) | 时间:00:00.43 | Mem:0.00M, Peak:0.00M | 烟雨江南 · 雪月江南, 视图层 | Synchronizing object | JN_老梅_花梢.095
帧:80 内存:390.97M (峰值 390.97M) | 时间:00:00.43 | Mem:0.00M, Peak:0.00M | 烟雨江南 · 雪月江南, 视图层 | Synchronizing object | JN_老梅_花梢.096
帧:80 内存:391.01M (峰值 391.01M) | 时间:00:00.44 | Mem:0.00M, Peak:0.00M | 烟雨江南 · 雪月江南, 视图层 | Synchronizing object | JN_老梅_花梢.097
Fra:80 Mem:391.05M (Peak 391.05M) | Time:00:00.44 | Mem:0.00M, Peak:0.00M | 烟雨江南 · 雪月江南, 视图层 | Synchronizing object | JN_五瓣梅_枝组.013
帧:80 内存:391.05M (峰值 391.05M) | 时间:00:00.44 | Mem:0.00M, Peak:0.00M | 烟雨江南 · 雪月江南, 视图层 | Synchronizing object | JN_老梅_横斜枝.014
帧:80 内存:391.27M (峰值 391.27M) | 时间:00:00.44 | Mem:0.00M, Peak:0.00M | 烟雨江南 · 雪月江南, 视图层 | Synchronizing object | JN_老梅_花梢.098
帧:80 内存:391.31M (峰值 391.31M) | 时间:00:00.44 | Mem:0.00M, Peak:0.00M | 烟雨江南 · 雪月江南, 视图层 | Synchronizing object | JN_老梅_花梢.099
帧:80 内存:391.35M (峰值 391.35M) | 时间:00:00.44 | Mem:0.00M, Peak:0.00M | 烟雨江南 · 雪月江南, 视图层 | Synchronizing object | JN_老梅_花梢.100
帧:80 内存:391.39M (峰值 391.39M) | 时间:00:00.44 | Mem:0.00M, Peak:0.00M | 烟雨江南 · 雪月江南, 视图层 | Synchronizing object | JN_老梅_花梢.101
帧:80 内存:391.42M (峰值 391.42M) | 时间:00:00.44 | Mem:0.00M, Peak:0.00M | 烟雨江南 · 雪月江南, 视图层 | Synchronizing object | JN_老梅_花梢.102
帧:80 内存:391.46M (峰值 391.46M) | 时间:00:00.44 | Mem:0.00M, Peak:0.00M | 烟雨江南 · 雪月江南, 视图层 | Synchronizing object | JN_老梅_花梢.103
帧:80 内存:391.50M (峰值 391.50M) | 时间:00:00.44 | Mem:0.00M, Peak:0.00M | 烟雨江南 · 雪月江南, 视图层 | Synchronizing object | JN_老梅_花梢.104
帧:80 内存:391.53M (峰值 391.53M) | 时间:00:00.44 | Mem:0.00M, Peak:0.00M | 烟雨江南 · 雪月江南, 视图层 | Synchronizing object | JN_老梅_横斜枝.015
Fra:80 Mem:391.54M (Peak 391.54M) | Time:00:00.44 | Mem:0.00M, Peak:0.00M | 烟雨江南 · 雪月江南, 视图层 | Synchronizing object | JN_五瓣梅_枝组.014
帧:80 内存:391.57M (峰值 391.57M) | 时间:00:00.44 | Mem:0.00M, Peak:0.00M | 烟雨江南 · 雪月江南, 视图层 | Synchronizing object | JN_老梅_花梢.105
帧:80 内存:391.79M (峰值 391.79M) | 时间:00:00.44 | Mem:0.00M, Peak:0.00M | 烟雨江南 · 雪月江南, 视图层 | Synchronizing object | JN_老梅_花梢.106
帧:80 内存:391.83M (峰值 391.83M) | 时间:00:00.44 | Mem:0.00M, Peak:0.00M | 烟雨江南 · 雪月江南, 视图层 | Synchronizing object | JN_老梅_花梢.107
帧:80 内存:391.86M (峰值 391.86M) | 时间:00:00.44 | Mem:0.00M, Peak:0.00M | 烟雨江南 · 雪月江南, 视图层 | Synchronizing object | JN_老梅_花梢.108
帧:80 内存:391.90M (峰值 391.90M) | 时间:00:00.44 | Mem:0.00M, Peak:0.00M | 烟雨江南 · 雪月江南, 视图层 | Synchronizing object | JN_老梅_花梢.109
帧:80 内存:391.94M (峰值 391.94M) | 时间:00:00.44 | Mem:0.00M, Peak:0.00M | 烟雨江南 · 雪月江南, 视图层 | Synchronizing object | JN_老梅_花梢.110
帧:80 内存:391.98M (峰值 391.98M) | 时间:00:00.44 | Mem:0.00M, Peak:0.00M | 烟雨江南 · 雪月江南, 视图层 | Synchronizing object | JN_老梅_花梢.111
帧:80 内存:392.01M (峰值 392.01M) | 时间:00:00.44 | Mem:0.00M, Peak:0.00M | 烟雨江南 · 雪月江南, 视图层 | Synchronizing object | JN_老梅_横斜枝.016
Fra:80 Mem:392.02M (Peak 392.02M) | Time:00:00.44 | Mem:0.00M, Peak:0.00M | 烟雨江南 · 雪月江南, 视图层 | Synchronizing object | JN_五瓣梅_枝组.015
帧:80 内存:392.05M (峰值 392.05M) | 时间:00:00.44 | Mem:0.00M, Peak:0.00M | 烟雨江南 · 雪月江南, 视图层 | Synchronizing object | JN_老梅_花梢.112
帧:80 内存:392.24M (峰值 392.24M) | 时间:00:00.44 | Mem:0.00M, Peak:0.00M | 烟雨江南 · 雪月江南, 视图层 | Synchronizing object | JN_老梅_花梢.113
帧:80 内存:392.31M (峰值 392.31M) | 时间:00:00.44 | Mem:0.00M, Peak:0.00M | 烟雨江南 · 雪月江南, 视图层 | Synchronizing object | JN_老梅_花梢.114
帧:80 内存:392.34M (峰值 392.34M) | 时间:00:00.44 | Mem:0.00M, Peak:0.00M | 烟雨江南 · 雪月江南, 视图层 | Synchronizing object | JN_老梅_花梢.115
帧:80 内存:392.38M (峰值 392.38M) | 时间:00:00.44 | Mem:0.00M, Peak:0.00M | 烟雨江南 · 雪月江南, 视图层 | Synchronizing object | JN_老梅_花梢.116
帧:80 内存:392.42M (峰值 392.42M) | 时间:00:00.44 | Mem:0.00M, Peak:0.00M | 烟雨江南 · 雪月江南, 视图层 | Synchronizing object | JN_老梅_花梢.117
帧:80 内存:392.46M (峰值 392.46M) | 时间:00:00.44 | Mem:0.00M, Peak:0.00M | 烟雨江南 · 雪月江南, 视图层 | Synchronizing object | JN_老梅_花梢.118
帧:80 内存:392.49M (峰值 392.49M) | 时间:00:00.44 | Mem:0.00M, Peak:0.00M | 烟雨江南 · 雪月江南, 视图层 | Synchronizing object | JN_老梅_横斜枝.017
Fra:80 Mem:392.49M (Peak 392.49M) | Time:00:00.44 | Mem:0.00M, Peak:0.00M | 烟雨江南 · 雪月江南, 视图层 | Synchronizing object | JN_五瓣梅_枝组.016
帧:80 内存:392.55M (峰值 392.55M) | 时间:00:00.44 | Mem:0.00M, Peak:0.00M | 烟雨江南 · 雪月江南, 视图层 | Synchronizing object | JN_老梅_花梢.119
帧:80 内存:392.80M (峰值 392.80M) | 时间:00:00.44 | Mem:0.00M, Peak:0.00M | 烟雨江南 · 雪月江南, 视图层 | Synchronizing object | JN_老梅_花梢.120
帧:80 内存:392.81M (峰值 392.81M) | 时间:00:00.44 | Mem:0.00M, Peak:0.00M | 烟雨江南 · 雪月江南, 视图层 | Synchronizing object | JN_老梅_花梢.121
帧:80 内存:392.84M (峰值 392.84M) | 时间:00:00.44 | Mem:0.00M, Peak:0.00M | 烟雨江南 · 雪月江南, 视图层 | Synchronizing object | JN_老梅_花梢.122
帧:80 内存:392.88M (峰值 392.88M) | 时间:00:00.44 | Mem:0.00M, Peak:0.00M | 烟雨江南 · 雪月江南, 视图层 | Synchronizing object | JN_老梅_花梢.123
帧:80 内存:392.92M (峰值 392.92M) | 时间:00:00.44 | Mem:0.00M, Peak:0.00M | 烟雨江南 · 雪月江南, 视图层 | Synchronizing object | JN_老梅_花梢.124
帧:80 内存:392.96M (峰值 392.96M) | 时间:00:00.44 | Mem:0.00M, Peak:0.00M | 烟雨江南 · 雪月江南, 视图层 | Synchronizing object | JN_老梅_花梢.125
帧:80 内存:392.99M (峰值 392.99M) | 时间:00:00.44 | Mem:0.00M, Peak:0.00M | 烟雨江南 · 雪月江南, 视图层 | Synchronizing object | JN_老梅_横斜枝.018
Fra:80 Mem:393.01M (Peak 393.01M) | Time:00:00.44 | Mem:0.00M, Peak:0.00M | 烟雨江南 · 雪月江南, 视图层 | Synchronizing object | JN_五瓣梅_枝组.017
帧:80 内存:393.05M (峰值 393.05M) | 时间:00:00.44 | Mem:0.00M, Peak:0.00M | 烟雨江南 · 雪月江南, 视图层 | Synchronizing object | JN_老梅_花梢.126
帧:80 内存:393.27M (峰值 393.27M) | 时间:00:00.44 | Mem:0.00M, Peak:0.00M | 烟雨江南 · 雪月江南, 视图层 | Synchronizing object | JN_老梅_花梢.127
帧:80 内存:393.30M (峰值 393.30M) | 时间:00:00.44 | Mem:0.00M, Peak:0.00M | 烟雨江南 · 雪月江南, 视图层 | Synchronizing object | JN_老梅_花梢.128
帧:80 内存:393.34M (峰值 393.34M) | 时间:00:00.44 | Mem:0.00M, Peak:0.00M | 烟雨江南 · 雪月江南, 视图层 | Synchronizing object | JN_老梅_花梢.129
帧:80 内存:393.38M (峰值 393.38M) | 时间:00:00.44 | Mem:0.00M, Peak:0.00M | 烟雨江南 · 雪月江南, 视图层 | Synchronizing object | JN_老梅_花梢.130
帧:80 内存:393.41M (峰值 393.41M) | 时间:00:00.44 | Mem:0.00M, Peak:0.00M | 烟雨江南 · 雪月江南, 视图层 | Synchronizing object | JN_老梅_花梢.131
帧:80 内存:393.45M (峰值 393.45M) | 时间:00:00.44 | Mem:0.00M, Peak:0.00M | 烟雨江南 · 雪月江南, 视图层 | Synchronizing object | JN_老梅_花梢.132
帧:80 内存:393.49M (峰值 393.49M) | 时间:00:00.44 | Mem:0.00M, Peak:0.00M | 烟雨江南 · 雪月江南, 视图层 | Synchronizing object | JN_老梅_横斜枝.019
Fra:80 Mem:393.49M (Peak 393.49M) | Time:00:00.45 | Mem:0.00M, Peak:0.00M | 烟雨江南 · 雪月江南, 视图层 | Synchronizing object | JN_五瓣梅_枝组.018
帧:80 内存:393.57M (峰值 393.57M) | 时间:00:00.45 | Mem:0.00M, Peak:0.00M | 烟雨江南 · 雪月江南, 视图层 | Synchronizing object | JN_老梅_花梢.133
帧:80 内存:393.74M (峰值 393.74M) | 时间:00:00.45 | Mem:0.00M, Peak:0.00M | 烟雨江南 · 雪月江南, 视图层 | Synchronizing object | JN_老梅_花梢.134
帧:80 内存:393.78M (峰值 393.78M) | 时间:00:00.45 | Mem:0.00M, Peak:0.00M | 烟雨江南 · 雪月江南, 视图层 | Synchronizing object | JN_老梅_花梢.135
帧:80 内存:393.81M (峰值 393.81M) | 时间:00:00.45 | Mem:0.00M, Peak:0.00M | 烟雨江南 · 雪月江南, 视图层 | Synchronizing object | JN_老梅_花梢.136
帧:80 内存:393.85M (峰值 393.85M) | 时间:00:00.45 | Mem:0.00M, Peak:0.00M | 烟雨江南 · 雪月江南, 视图层 | Synchronizing object | JN_老梅_花梢.137
帧:80 内存:393.89M (峰值 393.89M) | 时间:00:00.45 | Mem:0.00M, Peak:0.00M | 烟雨江南 · 雪月江南, 视图层 | Synchronizing object | JN_老梅_花梢.138
帧:80 内存:393.93M (峰值 393.93M) | 时间:00:00.45 | Mem:0.00M, Peak:0.00M | 烟雨江南 · 雪月江南, 视图层 | Synchronizing object | JN_老梅_花梢.139
帧:80 内存:393.96M (峰值 393.96M) | 时间:00:00.45 | Mem:0.00M, Peak:0.00M | 烟雨江南 · 雪月江南, 视图层 | Synchronizing object | JN_老梅_横斜枝.020
Fra:80 Mem:393.96M (Peak 393.96M) | Time:00:00.45 | Mem:0.00M, Peak:0.00M | 烟雨江南 · 雪月江南, 视图层 | Synchronizing object | JN_五瓣梅_枝组.019
帧:80 内存:394.00M (峰值 394.00M) | 时间:00:00.45 | Mem:0.00M, Peak:0.00M | 烟雨江南 · 雪月江南, 视图层 | Synchronizing object | JN_老梅_花梢.140
帧:80 内存:394.19M (峰值 394.19M) | 时间:00:00.45 | Mem:0.00M, Peak:0.00M | 烟雨江南 · 雪月江南, 视图层 | Synchronizing object | JN_老梅_花梢.141
帧:80 内存:394.26M (峰值 394.26M) | 时间:00:00.45 | Mem:0.00M, Peak:0.00M | 烟雨江南 · 雪月江南, 视图层 | Synchronizing object | JN_老梅_花梢.142
帧:80 内存:394.29M (峰值 394.29M) | 时间:00:00.45 | Mem:0.00M, Peak:0.00M | 烟雨江南 · 雪月江南, 视图层 | Synchronizing object | JN_老梅_花梢.143
帧:80 内存:394.33M (峰值 394.33M) | 时间:00:00.45 | Mem:0.00M, Peak:0.00M | 烟雨江南 · 雪月江南, 视图层 | Synchronizing object | JN_老梅_花梢.144
帧:80 内存:394.37M (峰值 394.37M) | 时间:00:00.45 | Mem:0.00M, Peak:0.00M | 烟雨江南 · 雪月江南, 视图层 | Synchronizing object | JN_老梅_花梢.145
帧:80 内存:394.41M (峰值 394.41M) | 时间:00:00.45 | Mem:0.00M, Peak:0.00M | 烟雨江南 · 雪月江南, 视图层 | Synchronizing object | JN_老梅_花梢.146
帧:80 内存:394.44M (峰值 394.44M) | 时间:00:00.45 | Mem:0.00M, Peak:0.00M | 烟雨江南 · 雪月江南, 视图层 | Synchronizing object | JN_老梅_横斜枝.021
Fra:80 Mem:394.44M (Peak 394.44M) | Time:00:00.45 | Mem:0.00M, Peak:0.00M | 烟雨江南 · 雪月江南, 视图层 | Synchronizing object | JN_五瓣梅_枝组.020
帧:80 内存:394.48M (峰值 394.48M) | 时间:00:00.45 | Mem:0.00M, Peak:0.00M | 烟雨江南 · 雪月江南, 视图层 | Synchronizing object | JN_老梅_花梢.147
帧:80 内存:394.73M (峰值 394.73M) | 时间:00:00.45 | Mem:0.00M, Peak:0.00M | 烟雨江南 · 雪月江南, 视图层 | Synchronizing object | JN_老梅_花梢.148
帧:80 内存:394.77M (峰值 394.77M) | 时间:00:00.45 | Mem:0.00M, Peak:0.00M | 烟雨江南 · 雪月江南, 视图层 | Synchronizing object | JN_老梅_花梢.149
帧:80 内存:394.80M (峰值 394.80M) | 时间:00:00.45 | Mem:0.00M, Peak:0.00M | 烟雨江南 · 雪月江南, 视图层 | Synchronizing object | JN_老梅_花梢.150
帧:80 内存:394.84M (峰值 394.84M) | 时间:00:00.45 | Mem:0.00M, Peak:0.00M | 烟雨江南 · 雪月江南, 视图层 | Synchronizing object | JN_老梅_花梢.151
帧:80 内存:394.88M (峰值 394.88M) | 时间:00:00.45 | Mem:0.00M, Peak:0.00M | 烟雨江南 · 雪月江南, 视图层 | Synchronizing object | JN_老梅_花梢.152
帧:80 内存:394.92M (峰值 394.92M) | 时间:00:00.45 | Mem:0.00M, Peak:0.00M | 烟雨江南 · 雪月江南, 视图层 | Synchronizing object | JN_老梅_花梢.153
帧:80 内存:394.95M (峰值 394.95M) | 时间:00:00.45 | Mem:0.00M, Peak:0.00M | 烟雨江南 · 雪月江南, 视图层 | Synchronizing object | JN_老梅_苍干.002
Fra:80 Mem:394.95M (Peak 394.95M) | Time:00:00.45 | Mem:0.00M, Peak:0.00M | 烟雨江南 · 雪月江南, 视图层 | Synchronizing object | JN_五瓣梅_枝组.021
帧:80 内存:395.21M (峰值 395.21M) | 时间:00:00.45 | Mem:0.00M, Peak:0.00M | 烟雨江南 · 雪月江南, 视图层 | Synchronizing object | JN_梅根.014
帧:80 内存:395.32M (峰值 395.32M) | 时间:00:00.45 | Mem:0.00M, Peak:0.00M | 烟雨江南 · 雪月江南, 视图层 | Synchronizing object | JN_梅根.015
帧:80 内存:395.35M (峰值 395.35M) | 时间:00:00.45 | Mem:0.00M, Peak:0.00M | 烟雨江南 · 雪月江南, 视图层 | Synchronizing object | JN_梅根.016
帧:80 内存:395.39M (峰值 395.39M) | 时间:00:00.45 | Mem:0.00M, Peak:0.00M | 烟雨江南 · 雪月江南, 视图层 | Synchronizing object | JN_梅根.017
帧:80 内存:395.43M (峰值 395.43M) | 时间:00:00.45 | Mem:0.00M, Peak:0.00M | 烟雨江南 · 雪月江南, 视图层 | Synchronizing object | JN_梅根.018
帧:80 内存:395.46M (峰值 395.46M) | 时间:00:00.45 | Mem:0.00M, Peak:0.00M | 烟雨江南 · 雪月江南, 视图层 | Synchronizing object | JN_梅根.019
帧:80 内存:395.50M (峰值 395.50M) | 时间:00:00.45 | Mem:0.00M, Peak:0.00M | 烟雨江南 · 雪月江南, 视图层 | Synchronizing object | JN_梅根.020
帧:80 内存:395.54M (峰值 395.54M) | 时间:00:00.45 | Mem:0.00M, Peak:0.00M | 烟雨江南 · 雪月江南, 视图层 | Synchronizing object | JN_老梅_横斜枝.022
帧:80 内存:395.58M (峰值 395.58M) | 时间:00:00.45 | Mem:0.00M, Peak:0.00M | 烟雨江南 · 雪月江南, 视图层 | Synchronizing object | JN_老梅_花梢.154
帧:80 内存:395.61M (峰值 395.61M) | 时间:00:00.45 | Mem:0.00M, Peak:0.00M | 烟雨江南 · 雪月江南, 视图层 | Synchronizing object | JN_老梅_花梢.155
帧:80 内存:395.65M (峰值 395.65M) | 时间:00:00.45 | Mem:0.00M, Peak:0.00M | 烟雨江南 · 雪月江南, 视图层 | Synchronizing object | JN_老梅_花梢.156
帧:80 内存:395.69M (峰值 395.69M) | 时间:00:00.45 | Mem:0.00M, Peak:0.00M | 烟雨江南 · 雪月江南, 视图层 | Synchronizing object | JN_老梅_花梢.157
帧:80 内存:395.72M (峰值 395.72M) | 时间:00:00.45 | Mem:0.00M, Peak:0.00M | 烟雨江南 · 雪月江南, 视图层 | Synchronizing object | JN_老梅_花梢.158
帧:80 内存:395.76M (峰值 395.76M) | 时间:00:00.45 | Mem:0.00M, Peak:0.00M | 烟雨江南 · 雪月江南, 视图层 | Synchronizing object | JN_老梅_花梢.159
帧:80 内存:395.80M (峰值 395.80M) | 时间:00:00.45 | Mem:0.00M, Peak:0.00M | 烟雨江南 · 雪月江南, 视图层 | Synchronizing object | JN_老梅_花梢.160
帧:80 内存:395.84M (峰值 395.84M) | 时间:00:00.45 | Mem:0.00M, Peak:0.00M | 烟雨江南 · 雪月江南, 视图层 | Synchronizing object | JN_老梅_横斜枝.023
Fra:80 Mem:395.84M (Peak 395.84M) | Time:00:00.45 | Mem:0.00M, Peak:0.00M | 烟雨江南 · 雪月江南, 视图层 | Synchronizing object | JN_五瓣梅_枝组.022
帧:80 内存:395.87M (峰值 395.87M) | 时间:00:00.45 | Mem:0.00M, Peak:0.00M | 烟雨江南 · 雪月江南, 视图层 | Synchronizing object | JN_老梅_花梢.161
帧:80 内存:396.14M (峰值 396.14M) | 时间:00:00.46 | Mem:0.00M, Peak:0.00M | 烟雨江南 · 雪月江南, 视图层 | Synchronizing object | JN_老梅_花梢.162
帧:80 内存:396.18M (峰值 396.18M) | 时间:00:00.46 | Mem:0.00M, Peak:0.00M | 烟雨江南 · 雪月江南, 视图层 | Synchronizing object | JN_老梅_花梢.163
帧:80 内存:396.22M (峰值 396.22M) | 时间:00:00.46 | Mem:0.00M, Peak:0.00M | 烟雨江南 · 雪月江南, 视图层 | Synchronizing object | JN_老梅_花梢.164
帧:80 内存:396.26M (峰值 396.26M) | 时间:00:00.46 | Mem:0.00M, Peak:0.00M | 烟雨江南 · 雪月江南, 视图层 | Synchronizing object | JN_老梅_花梢.165
帧:80 内存:396.29M (峰值 396.29M) | 时间:00:00.46 | Mem:0.00M, Peak:0.00M | 烟雨江南 · 雪月江南, 视图层 | Synchronizing object | JN_老梅_花梢.166
帧:80 内存:396.33M (峰值 396.33M) | 时间:00:00.46 | Mem:0.00M, Peak:0.00M | 烟雨江南 · 雪月江南, 视图层 | Synchronizing object | JN_老梅_花梢.167
帧:80 内存:396.37M (峰值 396.37M) | 时间:00:00.46 | Mem:0.00M, Peak:0.00M | 烟雨江南 · 雪月江南, 视图层 | Synchronizing object | JN_老梅_横斜枝.024
Fra:80 Mem:396.37M (Peak 396.37M) | Time:00:00.46 | Mem:0.00M, Peak:0.00M | 烟雨江南 · 雪月江南, 视图层 | Synchronizing object | JN_五瓣梅_枝组.023
帧:80 内存:396.40M (峰值 396.40M) | 时间:00:00.46 | Mem:0.00M, Peak:0.00M | 烟雨江南 · 雪月江南, 视图层 | Synchronizing object | JN_老梅_花梢.168
帧:80 内存:396.69M (峰值 396.69M) | 时间:00:00.46 | Mem:0.00M, Peak:0.00M | 烟雨江南 · 雪月江南, 视图层 | Synchronizing object | JN_老梅_花梢.169
帧:80 内存:396.70M (峰值 396.70M) | 时间:00:00.46 | Mem:0.00M, Peak:0.00M | 烟雨江南 · 雪月江南, 视图层 | Synchronizing object | JN_老梅_花梢.170
帧:80 内存:396.74M (峰值 396.74M) | 时间:00:00.46 | Mem:0.00M, Peak:0.00M | 烟雨江南 · 雪月江南, 视图层 | Synchronizing object | JN_老梅_花梢.171
帧:80 内存:396.77M (峰值 396.77M) | 时间:00:00.46 | Mem:0.00M, Peak:0.00M | 烟雨江南 · 雪月江南, 视图层 | Synchronizing object | JN_老梅_花梢.172
帧:80 内存:396.81M (峰值 396.81M) | 时间:00:00.46 | Mem:0.00M, Peak:0.00M | 烟雨江南 · 雪月江南, 视图层 | Synchronizing object | JN_老梅_花梢.173
帧:80 内存:396.85M (峰值 396.85M) | 时间:00:00.46 | Mem:0.00M, Peak:0.00M | 烟雨江南 · 雪月江南, 视图层 | Synchronizing object | JN_老梅_花梢.174
帧:80 内存:396.88M (峰值 396.88M) | 时间:00:00.46 | Mem:0.00M, Peak:0.00M | 烟雨江南 · 雪月江南, 视图层 | Synchronizing object | JN_老梅_横斜枝.025
Fra:80 Mem:396.88M (Peak 396.88M) | Time:00:00.46 | Mem:0.00M, Peak:0.00M | 烟雨江南 · 雪月江南, 视图层 | Synchronizing object | JN_五瓣梅_枝组.024
帧:80 内存:396.94M (峰值 396.94M) | 时间:00:00.46 | Mem:0.00M, Peak:0.00M | 烟雨江南 · 雪月江南, 视图层 | Synchronizing object | JN_老梅_花梢.175
帧:80 内存:397.21M (峰值 397.21M) | 时间:00:00.46 | Mem:0.00M, Peak:0.00M | 烟雨江南 · 雪月江南, 视图层 | Synchronizing object | JN_老梅_花梢.176
帧:80 内存:397.21M (峰值 397.21M) | 时间:00:00.46 | Mem:0.00M, Peak:0.00M | 烟雨江南 · 雪月江南, 视图层 | Synchronizing object | JN_老梅_花梢.177
帧:80 内存:397.25M (峰值 397.25M) | 时间:00:00.46 | Mem:0.00M, Peak:0.00M | 烟雨江南 · 雪月江南, 视图层 | Synchronizing object | JN_老梅_花梢.178
帧:80 内存:397.29M (峰值 397.29M) | 时间:00:00.46 | Mem:0.00M, Peak:0.00M | 烟雨江南 · 雪月江南, 视图层 | Synchronizing object | JN_老梅_花梢.179
帧:80 内存:397.33M (峰值 397.33M) | 时间:00:00.46 | Mem:0.00M, Peak:0.00M | 烟雨江南 · 雪月江南, 视图层 | Synchronizing object | JN_老梅_花梢.180
帧:80 内存:397.36M (峰值 397.36M) | 时间:00:00.46 | Mem:0.00M, Peak:0.00M | 烟雨江南 · 雪月江南, 视图层 | Synchronizing object | JN_老梅_花梢.181
帧:80 内存:397.40M (峰值 397.40M) | 时间:00:00.46 | Mem:0.00M, Peak:0.00M | 烟雨江南 · 雪月江南, 视图层 | Synchronizing object | JN_老梅_横斜枝.026
Fra:80 Mem:397.43M (Peak 397.43M) | Time:00:00.46 | Mem:0.00M, Peak:0.00M | 烟雨江南 · 雪月江南, 视图层 | Synchronizing object | JN_五瓣梅_枝组.025
帧:80 内存:397.44M (峰值 397.44M) | 时间:00:00.46 | Mem:0.00M, Peak:0.00M | 烟雨江南 · 雪月江南, 视图层 | Synchronizing object | JN_老梅_花梢.182
帧:80 内存:397.65M (峰值 397.65M) | 时间:00:00.46 | Mem:0.00M, Peak:0.00M | 烟雨江南 · 雪月江南, 视图层 | Synchronizing object | JN_老梅_花梢.183
帧:80 内存:397.69M (峰值 397.69M) | 时间:00:00.46 | Mem:0.00M, Peak:0.00M | 烟雨江南 · 雪月江南, 视图层 | Synchronizing object | JN_老梅_花梢.184
帧:80 内存:397.77M (峰值 397.77M) | 时间:00:00.46 | Mem:0.00M, Peak:0.00M | 烟雨江南 · 雪月江南, 视图层 | Synchronizing object | JN_老梅_花梢.185
帧:80 内存:397.80M (峰值 397.80M) | 时间:00:00.46 | Mem:0.00M, Peak:0.00M | 烟雨江南 · 雪月江南, 视图层 | Synchronizing object | JN_老梅_花梢.186
帧:80 内存:397.84M (峰值 397.84M) | 时间:00:00.46 | Mem:0.00M, Peak:0.00M | 烟雨江南 · 雪月江南, 视图层 | Synchronizing object | JN_老梅_花梢.187
帧:80 内存:397.88M (峰值 397.88M) | 时间:00:00.46 | Mem:0.00M, Peak:0.00M | 烟雨江南 · 雪月江南, 视图层 | Synchronizing object | JN_老梅_花梢.188
帧:80 内存:397.92M (峰值 397.92M) | 时间:00:00.46 | Mem:0.00M, Peak:0.00M | 烟雨江南 · 雪月江南, 视图层 | Synchronizing object | JN_老梅_横斜枝.027
Fra:80 Mem:397.92M (Peak 397.92M) | Time:00:00.46 | Mem:0.00M, Peak:0.00M | 烟雨江南 · 雪月江南, 视图层 | Synchronizing object | JN_五瓣梅_枝组.026
帧:80 内存:397.95M (峰值 397.95M) | 时间:00:00.46 | Mem:0.00M, Peak:0.00M | 烟雨江南 · 雪月江南, 视图层 | Synchronizing object | JN_老梅_花梢.189
帧:80 内存:398.25M (峰值 398.25M) | 时间:00:00.46 | Mem:0.00M, Peak:0.00M | 烟雨江南 · 雪月江南, 视图层 | Synchronizing object | JN_老梅_花梢.190
帧:80 内存:398.25M (峰值 398.25M) | 时间:00:00.46 | Mem:0.00M, Peak:0.00M | 烟雨江南 · 雪月江南, 视图层 | Synchronizing object | JN_老梅_花梢.191
帧:80 内存:398.29M (峰值 398.29M) | 时间:00:00.46 | Mem:0.00M, Peak:0.00M | 烟雨江南 · 雪月江南, 视图层 | Synchronizing object | JN_老梅_花梢.192
帧:80 内存:398.33M (峰值 398.33M) | 时间:00:00.47 | Mem:0.00M, Peak:0.00M | 烟雨江南 · 雪月江南, 视图层 | Synchronizing object | JN_老梅_花梢.193
帧:80 内存:398.36M (峰值 398.36M) | 时间:00:00.47 | Mem:0.00M, Peak:0.00M | 烟雨江南 · 雪月江南, 视图层 | Synchronizing object | JN_老梅_花梢.194
帧:80 内存:398.40M (峰值 398.40M) | 时间:00:00.47 | Mem:0.00M, Peak:0.00M | 烟雨江南 · 雪月江南, 视图层 | Synchronizing object | JN_老梅_花梢.195
帧:80 内存:398.44M (峰值 398.44M) | 时间:00:00.47 | Mem:0.00M, Peak:0.00M | 烟雨江南 · 雪月江南, 视图层 | Synchronizing object | JN_老梅_横斜枝.028
Fra:80 Mem:398.44M (Peak 398.44M) | Time:00:00.47 | Mem:0.00M, Peak:0.00M | 烟雨江南 · 雪月江南, 视图层 | Synchronizing object | JN_五瓣梅_枝组.027
帧:80 内存:398.47M (峰值 398.47M) | 时间:00:00.47 | Mem:0.00M, Peak:0.00M | 烟雨江南 · 雪月江南, 视图层 | Synchronizing object | JN_老梅_花梢.196
帧:80 内存:398.68M (峰值 398.68M) | 时间:00:00.47 | Mem:0.00M, Peak:0.00M | 烟雨江南 · 雪月江南, 视图层 | Synchronizing object | JN_老梅_花梢.197
帧:80 内存:398.75M (峰值 398.75M) | 时间:00:00.47 | Mem:0.00M, Peak:0.00M | 烟雨江南 · 雪月江南, 视图层 | Synchronizing object | JN_老梅_花梢.198
帧:80 内存:398.78M (峰值 398.78M) | 时间:00:00.47 | Mem:0.00M, Peak:0.00M | 烟雨江南 · 雪月江南, 视图层 | Synchronizing object | JN_老梅_花梢.199
帧:80 内存:398.82M (峰值 398.82M) | 时间:00:00.47 | Mem:0.00M, Peak:0.00M | 烟雨江南 · 雪月江南, 视图层 | Synchronizing object | JN_老梅_花梢.200
帧:80 内存:398.86M (峰值 398.86M) | 时间:00:00.47 | Mem:0.00M, Peak:0.00M | 烟雨江南 · 雪月江南, 视图层 | Synchronizing object | JN_老梅_花梢.201
帧:80 内存:398.90M (峰值 398.90M) | 时间:00:00.47 | Mem:0.00M, Peak:0.00M | 烟雨江南 · 雪月江南, 视图层 | Synchronizing object | JN_老梅_花梢.202
帧:80 内存:398.93M (峰值 398.93M) | 时间:00:00.47 | Mem:0.00M, Peak:0.00M | 烟雨江南 · 雪月江南, 视图层 | Synchronizing object | JN_老梅_横斜枝.029
Fra:80 Mem:398.93M (Peak 398.93M) | Time:00:00.47 | Mem:0.00M, Peak:0.00M | 烟雨江南 · 雪月江南, 视图层 | Synchronizing object | JN_五瓣梅_枝组.028
帧:80 内存:398.97M (峰值 398.97M) | 时间:00:00.47 | Mem:0.00M, Peak:0.00M | 烟雨江南 · 雪月江南, 视图层 | Synchronizing object | JN_老梅_花梢.203
帧:80 内存:399.19M (峰值 399.19M) | 时间:00:00.47 | Mem:0.00M, Peak:0.00M | 烟雨江南 · 雪月江南, 视图层 | Synchronizing object | JN_老梅_花梢.204
帧:80 内存:399.24M (峰值 399.24M) | 时间:00:00.47 | Mem:0.00M, Peak:0.00M | 烟雨江南 · 雪月江南, 视图层 | Synchronizing object | JN_老梅_花梢.205
帧:80 内存:399.27M (峰值 399.27M) | 时间:00:00.47 | Mem:0.00M, Peak:0.00M | 烟雨江南 · 雪月江南, 视图层 | Synchronizing object | JN_老梅_花梢.206
帧:80 内存:399.31M (峰值 399.31M) | 时间:00:00.47 | Mem:0.00M, Peak:0.00M | 烟雨江南 · 雪月江南, 视图层 | Synchronizing object | JN_老梅_花梢.207
帧:80 内存:399.35M (峰值 399.35M) | 时间:00:00.47 | Mem:0.00M, Peak:0.00M | 烟雨江南 · 雪月江南, 视图层 | Synchronizing object | JN_老梅_花梢.208
帧:80 内存:399.39M (峰值 399.39M) | 时间:00:00.47 | Mem:0.00M, Peak:0.00M | 烟雨江南 · 雪月江南, 视图层 | Synchronizing object | JN_老梅_花梢.209
帧:80 内存:399.42M (峰值 399.42M) | 时间:00:00.47 | Mem:0.00M, Peak:0.00M | 烟雨江南 · 雪月江南, 视图层 | Synchronizing object | JN_老梅_横斜枝.030
Fra:80 Mem:399.43M (Peak 399.43M) | Time:00:00.47 | Mem:0.00M, Peak:0.00M | 烟雨江南 · 雪月江南, 视图层 | Synchronizing object | JN_五瓣梅_枝组.029
帧:80 内存:399.46M (峰值 399.46M) | 时间:00:00.47 | Mem:0.00M, Peak:0.00M | 烟雨江南 · 雪月江南, 视图层 | Synchronizing object | JN_老梅_花梢.210
帧:80 内存:399.67M (峰值 399.67M) | 时间:00:00.47 | Mem:0.00M, Peak:0.00M | 烟雨江南 · 雪月江南, 视图层 | Synchronizing object | JN_老梅_花梢.211
帧:80 内存:399.71M (峰值 399.71M) | 时间:00:00.47 | Mem:0.00M, Peak:0.00M | 烟雨江南 · 雪月江南, 视图层 | Synchronizing object | JN_老梅_花梢.212
帧:80 内存:399.75M (峰值 399.75M) | 时间:00:00.47 | Mem:0.00M, Peak:0.00M | 烟雨江南 · 雪月江南, 视图层 | Synchronizing object | JN_老梅_花梢.213
帧:80 内存:399.79M (峰值 399.79M) | 时间:00:00.47 | Mem:0.00M, Peak:0.00M | 烟雨江南 · 雪月江南, 视图层 | Synchronizing object | JN_老梅_花梢.214
帧:80 内存:399.82M (峰值 399.82M) | 时间:00:00.47 | Mem:0.00M, Peak:0.00M | 烟雨江南 · 雪月江南, 视图层 | Synchronizing object | JN_老梅_花梢.215
帧:80 内存:399.86M (峰值 399.86M) | 时间:00:00.47 | Mem:0.00M, Peak:0.00M | 烟雨江南 · 雪月江南, 视图层 | Synchronizing object | JN_老梅_花梢.216
帧:80 内存:399.90M (峰值 399.90M) | 时间:00:00.47 | Mem:0.00M, Peak:0.00M | 烟雨江南 · 雪月江南, 视图层 | Synchronizing object | JN_老梅_横斜枝.031
Fra:80 Mem:399.90M (Peak 399.90M) | Time:00:00.47 | Mem:0.00M, Peak:0.00M | 烟雨江南 · 雪月江南, 视图层 | Synchronizing object | JN_五瓣梅_枝组.030
帧:80 内存:399.93M (峰值 399.93M) | 时间:00:00.47 | Mem:0.00M, Peak:0.00M | 烟雨江南 · 雪月江南, 视图层 | Synchronizing object | JN_老梅_花梢.217
帧:80 内存:400.21M (峰值 400.21M) | 时间:00:00.47 | Mem:0.00M, Peak:0.00M | 烟雨江南 · 雪月江南, 视图层 | Synchronizing object | JN_老梅_花梢.218
帧:80 内存:400.24M (峰值 400.24M) | 时间:00:00.47 | Mem:0.00M, Peak:0.00M | 烟雨江南 · 雪月江南, 视图层 | Synchronizing object | JN_老梅_花梢.219
帧:80 内存:400.28M (峰值 400.28M) | 时间:00:00.47 | Mem:0.00M, Peak:0.00M | 烟雨江南 · 雪月江南, 视图层 | Synchronizing object | JN_老梅_花梢.220
帧:80 内存:400.32M (峰值 400.32M) | 时间:00:00.47 | Mem:0.00M, Peak:0.00M | 烟雨江南 · 雪月江南, 视图层 | Synchronizing object | JN_老梅_花梢.221
帧:80 内存:400.35M (峰值 400.35M) | 时间:00:00.47 | Mem:0.00M, Peak:0.00M | 烟雨江南 · 雪月江南, 视图层 | Synchronizing object | JN_老梅_花梢.222
帧:80 内存:400.39M (峰值 400.39M) | 时间:00:00.47 | Mem:0.00M, Peak:0.00M | 烟雨江南 · 雪月江南, 视图层 | Synchronizing object | JN_老梅_花梢.223
帧:80 内存:400.43M (峰值 400.43M) | 时间:00:00.47 | Mem:0.00M, Peak:0.00M | 烟雨江南 · 雪月江南, 视图层 | Synchronizing object | JN_老梅_横斜枝.032
Fra:80 Mem:400.43M (Peak 400.43M) | Time:00:00.47 | Mem:0.00M, Peak:0.00M | 烟雨江南 · 雪月江南, 视图层 | Synchronizing object | JN_五瓣梅_枝组.031
帧:80 内存:400.47M (峰值 400.47M) | 时间:00:00.47 | Mem:0.00M, Peak:0.00M | 烟雨江南 · 雪月江南, 视图层 | Synchronizing object | JN_老梅_花梢.224
帧:80 内存:400.75M (峰值 400.75M) | 时间:00:00.47 | Mem:0.00M, Peak:0.00M | 烟雨江南 · 雪月江南, 视图层 | Synchronizing object | JN_老梅_花梢.225
帧:80 内存:400.75M (峰值 400.75M) | 时间:00:00.47 | Mem:0.00M, Peak:0.00M | 烟雨江南 · 雪月江南, 视图层 | Synchronizing object | JN_老梅_花梢.226
帧:80 内存:400.79M (峰值 400.79M) | 时间:00:00.47 | Mem:0.00M, Peak:0.00M | 烟雨江南 · 雪月江南, 视图层 | Synchronizing object | JN_老梅_花梢.227
帧:80 内存:400.83M (峰值 400.83M) | 时间:00:00.47 | Mem:0.00M, Peak:0.00M | 烟雨江南 · 雪月江南, 视图层 | Synchronizing object | JN_老梅_花梢.228
帧:80 内存:400.87M (峰值 400.87M) | 时间:00:00.47 | Mem:0.00M, Peak:0.00M | 烟雨江南 · 雪月江南, 视图层 | Synchronizing object | JN_老梅_花梢.229
帧:80 内存:400.90M (峰值 400.90M) | 时间:00:00.48 | Mem:0.00M, Peak:0.00M | 烟雨江南 · 雪月江南, 视图层 | Synchronizing object | JN_老梅_花梢.230
帧:80 内存:400.94M (峰值 400.94M) | 时间:00:00.48 | Mem:0.00M, Peak:0.00M | 烟雨江南 · 雪月江南, 视图层 | Synchronizing object | JN_远竹_竹竿
Fra:80 Mem:400.94M (Peak 400.94M) | Time:00:00.48 | Mem:0.00M, Peak:0.00M | 烟雨江南 · 雪月江南, 视图层 | Synchronizing object | JN_五瓣梅_枝组.032
Fra:80 Mem:400.98M (Peak 400.98M) | Time:00:00.48 | Mem:0.00M, Peak:0.00M | 烟雨江南 · 雪月江南, 视图层 | Synchronizing object | JN_远竹_竹竿.001
Fra:80 Mem:401.21M (Peak 401.21M) | Time:00:00.48 | Mem:0.00M, Peak:0.00M | 烟雨江南 · 雪月江南, 视图层 | Synchronizing object | JN_远竹_披叶.001
帧:80 内存:401.22M (峰值 401.22M) | 时间:00:00.48 | Mem:0.00M, Peak:0.00M | 烟雨江南 · 雪月江南, 视图层 | Synchronizing object | JN_远竹_竹竿.002
Fra:80 Mem:401.26M (Peak 401.26M) | Time:00:00.48 | Mem:0.00M, Peak:0.00M | 烟雨江南 · 雪月江南, 视图层 | Synchronizing object | JN_远竹_披叶.002
帧:80 内存:401.27M (峰值 401.27M) | 时间:00:00.48 | Mem:0.00M, Peak:0.00M | 烟雨江南 · 雪月江南, 视图层 | Synchronizing object | JN_远竹_竹竿.003
Fra:80 Mem:401.31M (Peak 401.31M) | Time:00:00.48 | Mem:0.00M, Peak:0.00M | 烟雨江南 · 雪月江南, 视图层 | Synchronizing object | JN_远竹_披叶.003
帧:80 内存:401.31M (峰值 401.31M) | 时间:00:00.48 | Mem:0.00M, Peak:0.00M | 烟雨江南 · 雪月江南, 视图层 | Synchronizing object | JN_远竹_竹竿.004
Fra:80 Mem:401.35M (Peak 401.35M) | Time:00:00.48 | Mem:0.00M, Peak:0.00M | 烟雨江南 · 雪月江南, 视图层 | Synchronizing object | JN_远竹_披叶.004
帧:80 内存:401.35M (峰值 401.35M) | 时间:00:00.48 | Mem:0.00M, Peak:0.00M | 烟雨江南 · 雪月江南, 视图层 | Synchronizing object | JN_远竹_竹竿.005
Fra:80 Mem:401.40M (Peak 401.40M) | Time:00:00.48 | Mem:0.00M, Peak:0.00M | 烟雨江南 · 雪月江南, 视图层 | Synchronizing object | JN_远竹_披叶.005
帧:80 内存:401.41M (峰值 401.41M) | 时间:00:00.48 | Mem:0.00M, Peak:0.00M | 烟雨江南 · 雪月江南, 视图层 | Synchronizing object | JN_远竹_竹竿.006
Fra:80 Mem:401.45M (Peak 401.45M) | Time:00:00.48 | Mem:0.00M, Peak:0.00M | 烟雨江南 · 雪月江南, 视图层 | Synchronizing object | JN_远竹_披叶.006
帧:80 内存:401.45M (峰值 401.45M) | 时间:00:00.48 | Mem:0.00M, Peak:0.00M | 烟雨江南 · 雪月江南, 视图层 | Synchronizing object | JN_远竹_竹竿.007
Fra:80 Mem:401.50M (Peak 401.50M) | Time:00:00.48 | Mem:0.00M, Peak:0.00M | 烟雨江南 · 雪月江南, 视图层 | Synchronizing object | JN_远竹_披叶.007
帧:80 内存:401.50M (峰值 401.50M) | 时间:00:00.48 | Mem:0.00M, Peak:0.00M | 烟雨江南 · 雪月江南, 视图层 | Synchronizing object | JN_远竹_竹竿.008
Fra:80 Mem:401.54M (Peak 401.54M) | Time:00:00.48 | Mem:0.00M, Peak:0.00M | 烟雨江南 · 雪月江南, 视图层 | Synchronizing object | JN_远竹_披叶.008
帧:80 内存:401.54M (峰值 401.54M) | 时间:00:00.48 | Mem:0.00M, Peak:0.00M | 烟雨江南 · 雪月江南, 视图层 | Synchronizing object | JN_远竹_竹竿.009
Fra:80 Mem:401.58M (Peak 401.58M) | Time:00:00.48 | Mem:0.00M, Peak:0.00M | 烟雨江南 · 雪月江南, 视图层 | Synchronizing object | JN_远竹_披叶.009
帧:80 内存:401.59M (峰值 401.59M) | 时间:00:00.48 | Mem:0.00M, Peak:0.00M | 烟雨江南 · 雪月江南, 视图层 | Synchronizing object | JN_远竹_竹竿.010
Fra:80 Mem:401.63M (Peak 401.63M) | Time:00:00.48 | Mem:0.00M, Peak:0.00M | 烟雨江南 · 雪月江南, 视图层 | Synchronizing object | JN_远竹_披叶.010
帧:80 内存:401.63M (峰值 401.63M) | 时间:00:00.48 | Mem:0.00M, Peak:0.00M | 烟雨江南 · 雪月江南, 视图层 | Synchronizing object | JN_远竹_竹竿.011
Fra:80 Mem:401.67M (Peak 401.67M) | Time:00:00.48 | Mem:0.00M, Peak:0.00M | 烟雨江南 · 雪月江南, 视图层 | Synchronizing object | JN_远竹_披叶.011
帧:80 内存:401.68M (峰值 401.68M) | 时间:00:00.48 | Mem:0.00M, Peak:0.00M | 烟雨江南 · 雪月江南, 视图层 | Synchronizing object | JN_远竹_竹竿.012
Fra:80 Mem:401.72M (Peak 401.72M) | Time:00:00.48 | Mem:0.00M, Peak:0.00M | 烟雨江南 · 雪月江南, 视图层 | Synchronizing object | JN_远竹_披叶.012
帧:80 内存:401.72M (峰值 401.72M) | 时间:00:00.48 | Mem:0.00M, Peak:0.00M | 烟雨江南 · 雪月江南, 视图层 | Synchronizing object | JN_远竹_竹竿.013
Fra:80 Mem:401.76M (Peak 401.76M) | Time:00:00.48 | Mem:0.00M, Peak:0.00M | 烟雨江南 · 雪月江南, 视图层 | Synchronizing object | JN_远竹_披叶.013
帧:80 内存:401.76M (峰值 401.77M) | 时间:00:00.48 | Mem:0.00M, Peak:0.00M | 烟雨江南 · 雪月江南, 视图层 | Synchronizing object | JN_远竹_竹竿.014
Fra:80 Mem:401.81M (Peak 401.81M) | Time:00:00.48 | Mem:0.00M, Peak:0.00M | 烟雨江南 · 雪月江南, 视图层 | Synchronizing object | JN_远竹_披叶.014
帧:80 内存:401.81M (峰值 401.81M) | 时间:00:00.48 | Mem:0.00M, Peak:0.00M | 烟雨江南 · 雪月江南, 视图层 | Synchronizing object | JN_远竹_竹竿.015
Fra:80 Mem:401.85M (Peak 401.85M) | Time:00:00.48 | Mem:0.00M, Peak:0.00M | 烟雨江南 · 雪月江南, 视图层 | Synchronizing object | JN_远竹_披叶.015
帧:80 内存:401.85M (峰值 401.85M) | 时间:00:00.48 | Mem:0.00M, Peak:0.00M | 烟雨江南 · 雪月江南, 视图层 | Synchronizing object | JN_远竹_竹竿.016
Fra:80 Mem:401.90M (Peak 401.90M) | Time:00:00.48 | Mem:0.00M, Peak:0.00M | 烟雨江南 · 雪月江南, 视图层 | Synchronizing object | JN_远竹_披叶.016
帧:80 内存:401.90M (峰值 401.90M) | 时间:00:00.48 | Mem:0.00M, Peak:0.00M | 烟雨江南 · 雪月江南, 视图层 | Synchronizing object | JN_远竹_竹竿.017
Fra:80 Mem:401.94M (Peak 401.94M) | Time:00:00.48 | Mem:0.00M, Peak:0.00M | 烟雨江南 · 雪月江南, 视图层 | Synchronizing object | JN_远竹_披叶.017
帧:80 内存:401.94M (峰值 401.94M) | 时间:00:00.48 | Mem:0.00M, Peak:0.00M | 烟雨江南 · 雪月江南, 视图层 | Synchronizing object | JN_远竹_竹竿.018
Fra:80 Mem:401.99M (Peak 401.99M) | Time:00:00.48 | Mem:0.00M, Peak:0.00M | 烟雨江南 · 雪月江南, 视图层 | Synchronizing object | JN_远竹_披叶.018
帧:80 内存:401.99M (峰值 401.99M) | 时间:00:00.48 | Mem:0.00M, Peak:0.00M | 烟雨江南 · 雪月江南, 视图层 | Synchronizing object | JN_远竹_竹竿.019
Fra:80 Mem:402.03M (Peak 402.03M) | Time:00:00.48 | Mem:0.00M, Peak:0.00M | 烟雨江南 · 雪月江南, 视图层 | Synchronizing object | JN_远竹_披叶.019
帧:80 内存:402.03M (峰值 402.03M) | 时间:00:00.48 | Mem:0.00M, Peak:0.00M | 烟雨江南 · 雪月江南, 视图层 | Synchronizing object | JN_远竹_竹竿.020
Fra:80 Mem:402.08M (Peak 402.08M) | Time:00:00.48 | Mem:0.00M, Peak:0.00M | 烟雨江南 · 雪月江南, 视图层 | Synchronizing object | JN_远竹_披叶.020
帧:80 内存:402.08M (峰值 402.08M) | 时间:00:00.48 | Mem:0.00M, Peak:0.00M | 烟雨江南 · 雪月江南, 视图层 | Synchronizing object | JN_远竹_竹竿.021
Fra:80 Mem:402.12M (Peak 402.12M) | Time:00:00.48 | Mem:0.00M, Peak:0.00M | 烟雨江南 · 雪月江南, 视图层 | Synchronizing object | JN_远竹_披叶.021
Fra:80 Mem:402.13M (Peak 402.13M) | Time:00:00.48 | Mem:0.00M, Peak:0.00M | 烟雨江南 · 雪月江南, 视图层 | Synchronizing object | JN_苔岸细草.006
Fra:80 Mem:402.14M (Peak 402.14M) | Time:00:00.48 | Mem:0.00M, Peak:0.00M | 烟雨江南 · 雪月江南, 视图层 | Synchronizing object | JN_苔岸细草.007
Fra:80 Mem:402.15M (Peak 402.15M) | Time:00:00.48 | Mem:0.00M, Peak:0.00M | 烟雨江南 · 雪月江南, 视图层 | Synchronizing object | JN_苔岸细草.008
Fra:80 Mem:402.15M (Peak 402.15M) | Time:00:00.48 | Mem:0.00M, Peak:0.00M | 烟雨江南 · 雪月江南, 视图层 | Synchronizing object | JN_苔岸细草.009
Fra:80 Mem:402.16M (Peak 402.16M) | Time:00:00.48 | Mem:0.00M, Peak:0.00M | 烟雨江南 · 雪月江南, 视图层 | Synchronizing object | JN_苔岸细草.010
Fra:80 Mem:402.17M (Peak 402.17M) | Time:00:00.48 | Mem:0.00M, Peak:0.00M | 烟雨江南 · 雪月江南, 视图层 | Synchronizing object | JN_苔岸细草.011
Fra:80 Mem:402.18M (Peak 402.18M) | Time:00:00.49 | Mem:0.00M, Peak:0.00M | 烟雨江南 · 雪月江南, 视图层 | Synchronizing object | JN_苔岸细草.013
Fra:80 Mem:402.18M (Peak 402.18M) | Time:00:00.49 | Mem:0.00M, Peak:0.00M | 烟雨江南 · 雪月江南, 视图层 | Synchronizing object | JN_苔岸细草.014
Fra:80 Mem:402.19M (Peak 402.19M) | Time:00:00.49 | Mem:0.00M, Peak:0.00M | 烟雨江南 · 雪月江南, 视图层 | Synchronizing object | JN_苔岸细草.015
Fra:80 Mem:402.20M (Peak 402.20M) | Time:00:00.49 | Mem:0.00M, Peak:0.00M | 烟雨江南 · 雪月江南, 视图层 | Synchronizing object | JN_苔岸细草.016
Fra:80 Mem:402.20M (Peak 402.21M) | Time:00:00.49 | Mem:0.00M, Peak:0.00M | 烟雨江南 · 雪月江南, 视图层 | Synchronizing object | JN_苔岸细草.017
Fra:80 Mem:402.21M (Peak 402.21M) | Time:00:00.49 | Mem:0.00M, Peak:0.00M | 烟雨江南 · 雪月江南, 视图层 | Synchronizing object | JN_苔岸细草.019
Fra:80 Mem:402.22M (Peak 402.22M) | Time:00:00.49 | Mem:0.00M, Peak:0.00M | 烟雨江南 · 雪月江南, 视图层 | Synchronizing object | JN_苔岸细草.020
Fra:80 Mem:402.22M (Peak 402.22M) | Time:00:00.49 | Mem:0.00M, Peak:0.00M | 烟雨江南 · 雪月江南, 视图层 | Synchronizing object | JN_苔岸细草.021
Fra:80 Mem:402.24M (Peak 402.24M) | Time:00:00.49 | Mem:0.00M, Peak:0.00M | 烟雨江南 · 雪月江南, 视图层 | Synchronizing object | JN_苔岸细草.022
Fra:80 Mem:402.24M (Peak 402.24M) | Time:00:00.49 | Mem:0.00M, Peak:0.00M | 烟雨江南 · 雪月江南, 视图层 | Synchronizing object | JN_苔岸细草.024
Fra:80 Mem:402.24M (Peak 402.24M) | Time:00:00.49 | Mem:0.00M, Peak:0.00M | 烟雨江南 · 雪月江南, 视图层 | Synchronizing object | JN_苔岸细草.025
Fra:80 Mem:402.25M (Peak 402.25M) | Time:00:00.49 | Mem:0.00M, Peak:0.00M | 烟雨江南 · 雪月江南, 视图层 | Synchronizing object | JN_苔岸细草.026
Fra:80 Mem:402.25M (Peak 402.25M) | Time:00:00.49 | Mem:0.00M, Peak:0.00M | 烟雨江南 · 雪月江南, 视图层 | Synchronizing object | JN_苔岸细草.027
Fra:80 Mem:402.25M (Peak 402.25M) | Time:00:00.49 | Mem:0.00M, Peak:0.00M | 烟雨江南 · 雪月江南, 视图层 | Synchronizing object | JN_苔岸细草.028
Fra:80 Mem:402.25M (Peak 402.25M) | Time:00:00.49 | Mem:0.00M, Peak:0.00M | 烟雨江南 · 雪月江南, 视图层 | Synchronizing object | JN_苔岸细草.030
Fra:80 Mem:402.26M (Peak 402.26M) | Time:00:00.49 | Mem:0.00M, Peak:0.00M | 烟雨江南 · 雪月江南, 视图层 | Synchronizing object | JN_苔岸细草.031
Fra:80 Mem:402.26M (Peak 402.26M) | Time:00:00.49 | Mem:0.00M, Peak:0.00M | 烟雨江南 · 雪月江南, 视图层 | Synchronizing object | JN_苔岸细草.032
Fra:80 Mem:402.26M (Peak 402.26M) | Time:00:00.49 | Mem:0.00M, Peak:0.00M | 烟雨江南 · 雪月江南, 视图层 | Synchronizing object | JN_苔岸细草.033
Fra:80 Mem:402.26M (Peak 402.26M) | Time:00:00.49 | Mem:0.00M, Peak:0.00M | 烟雨江南 · 雪月江南, 视图层 | Synchronizing object | JN_苔岸细草.034
Fra:80 Mem:402.27M (Peak 402.27M) | Time:00:00.49 | Mem:0.00M, Peak:0.00M | 烟雨江南 · 雪月江南, 视图层 | Synchronizing object | JN_苔岸细草.036
Fra:80 Mem:402.27M (Peak 402.27M) | Time:00:00.49 | Mem:0.00M, Peak:0.00M | 烟雨江南 · 雪月江南, 视图层 | Synchronizing object | JN_苔岸细草.037
Fra:80 Mem:402.27M (Peak 402.27M) | Time:00:00.49 | Mem:0.00M, Peak:0.00M | 烟雨江南 · 雪月江南, 视图层 | Synchronizing object | JN_苔岸细草.038
Fra:80 Mem:402.27M (Peak 402.27M) | Time:00:00.49 | Mem:0.00M, Peak:0.00M | 烟雨江南 · 雪月江南, 视图层 | Synchronizing object | JN_苔岸细草.039
Fra:80 Mem:402.28M (Peak 402.28M) | Time:00:00.49 | Mem:0.00M, Peak:0.00M | 烟雨江南 · 雪月江南, 视图层 | Synchronizing object | JN_苔岸细草.041
Fra:80 Mem:402.28M (Peak 402.28M) | Time:00:00.49 | Mem:0.00M, Peak:0.00M | 烟雨江南 · 雪月江南, 视图层 | Synchronizing object | JN_苔岸细草.042
Fra:80 Mem:402.28M (Peak 402.28M) | Time:00:00.49 | Mem:0.00M, Peak:0.00M | 烟雨江南 · 雪月江南, 视图层 | Synchronizing object | JN_苔岸细草.043
Fra:80 Mem:402.28M (Peak 402.28M) | Time:00:00.49 | Mem:0.00M, Peak:0.00M | 烟雨江南 · 雪月江南, 视图层 | Synchronizing object | JN_苔岸细草.044
Fra:80 Mem:402.29M (Peak 402.29M) | Time:00:00.49 | Mem:0.00M, Peak:0.00M | 烟雨江南 · 雪月江南, 视图层 | Synchronizing object | JN_苔岸细草.045
Fra:80 Mem:402.29M (Peak 402.29M) | Time:00:00.49 | Mem:0.00M, Peak:0.00M | 烟雨江南 · 雪月江南, 视图层 | Synchronizing object | JN_苔岸细草.046
Fra:80 Mem:402.29M (Peak 402.29M) | Time:00:00.49 | Mem:0.00M, Peak:0.00M | 烟雨江南 · 雪月江南, 视图层 | Synchronizing object | JN_苔岸细草.048
Fra:80 Mem:402.30M (Peak 402.30M) | Time:00:00.49 | Mem:0.00M, Peak:0.00M | 烟雨江南 · 雪月江南, 视图层 | Synchronizing object | JN_苔岸细草.049
Fra:80 Mem:402.30M (Peak 402.30M) | Time:00:00.49 | Mem:0.00M, Peak:0.00M | 烟雨江南 · 雪月江南, 视图层 | Synchronizing object | JN_苔岸细草.050
Fra:80 Mem:402.30M (Peak 402.30M) | Time:00:00.49 | Mem:0.00M, Peak:0.00M | 烟雨江南 · 雪月江南, 视图层 | Synchronizing object | JN_苔岸细草.051
Fra:80 Mem:402.32M (Peak 402.32M) | Time:00:00.49 | Mem:0.00M, Peak:0.00M | 烟雨江南 · 雪月江南, 视图层 | Synchronizing object | JN_苔岸细草.052
Fra:80 Mem:402.33M (Peak 402.33M) | Time:00:00.49 | Mem:0.00M, Peak:0.00M | 烟雨江南 · 雪月江南, 视图层 | Synchronizing object | JN_苔岸细草.053
Fra:80 Mem:402.33M (Peak 402.33M) | Time:00:00.49 | Mem:0.00M, Peak:0.00M | 烟雨江南 · 雪月江南, 视图层 | Synchronizing object | JN_苔岸细草.055
Fra:80 Mem:402.33M (Peak 402.33M) | Time:00:00.49 | Mem:0.00M, Peak:0.00M | 烟雨江南 · 雪月江南, 视图层 | Synchronizing object | JN_苔岸细草.056
Fra:80 Mem:402.33M (Peak 402.33M) | Time:00:00.49 | Mem:0.00M, Peak:0.00M | 烟雨江南 · 雪月江南, 视图层 | Synchronizing object | JN_苔岸细草.057
Fra:80 Mem:402.35M (Peak 402.35M) | Time:00:00.49 | Mem:0.00M, Peak:0.00M | 烟雨江南 · 雪月江南, 视图层 | Synchronizing object | JN_苔岸细草.058
Fra:80 Mem:402.35M (Peak 402.35M) | Time:00:00.49 | Mem:0.00M, Peak:0.00M | 烟雨江南 · 雪月江南, 视图层 | Synchronizing object | JN_雨丝.002
Fra:80 Mem:402.36M (Peak 402.36M) | Time:00:00.49 | Mem:0.00M, Peak:0.00M | 烟雨江南 · 雪月江南, 视图层 | Synchronizing object | JN_苔岸细草.059
Fra:80 Mem:402.36M (Peak 402.36M) | Time:00:00.49 | Mem:0.00M, Peak:0.00M | 烟雨江南 · 雪月江南, 视图层 | Synchronizing object | JN_苔岸细草.060
Fra:80 Mem:402.36M (Peak 402.36M) | Time:00:00.49 | Mem:0.00M, Peak:0.00M | 烟雨江南 · 雪月江南, 视图层 | Synchronizing object | JN_苔岸细草.062
Fra:80 Mem:402.36M (Peak 402.36M) | Time:00:00.49 | Mem:0.00M, Peak:0.00M | 烟雨江南 · 雪月江南, 视图层 | Synchronizing object | JN_苔岸细草.063
帧:80 内存:402.37M (峰值 402.37M) | 时间:00:00.49 | Mem:0.00M, Peak:0.00M | 烟雨江南 · 雪月江南, 视图层 | Synchronizing object | JN_苔岸细草.064
Fra:80 Mem:402.38M (Peak 402.38M) | Time:00:00.49 | Mem:0.00M, Peak:0.00M | 烟雨江南 · 雪月江南, 视图层 | Synchronizing object | JN_苔岸细草.065
Fra:80 Mem:402.39M (Peak 402.39M) | Time:00:00.49 | Mem:0.00M, Peak:0.00M | 烟雨江南 · 雪月江南, 视图层 | Synchronizing object | JN_雨丝.003
Fra:80 Mem:402.39M (Peak 402.39M) | Time:00:00.49 | Mem:0.00M, Peak:0.00M | 烟雨江南 · 雪月江南, 视图层 | Synchronizing object | JN_苔岸细草.067
Fra:80 Mem:402.39M (Peak 402.39M) | Time:00:00.49 | Mem:0.00M, Peak:0.00M | 烟雨江南 · 雪月江南, 视图层 | Synchronizing object | JN_苔岸细草.068
Fra:80 Mem:402.40M (Peak 402.40M) | Time:00:00.49 | Mem:0.00M, Peak:0.00M | 烟雨江南 · 雪月江南, 视图层 | Synchronizing object | JN_苔岸细草.069
Fra:80 Mem:402.40M (Peak 402.40M) | Time:00:00.49 | Mem:0.00M, Peak:0.00M | 烟雨江南 · 雪月江南, 视图层 | Synchronizing object | JN_花尖露珠
Fra:80 Mem:402.41M (Peak 402.41M) | Time:00:00.49 | Mem:0.00M, Peak:0.00M | 烟雨江南 · 雪月江南, 视图层 | Synchronizing object | JN_花尖露珠.001
Fra:80 Mem:402.41M (Peak 402.41M) | Time:00:00.49 | Mem:0.00M, Peak:0.00M | 烟雨江南 · 雪月江南, 视图层 | Synchronizing object | JN_花尖露珠.002
Fra:80 Mem:402.42M (Peak 402.42M) | Time:00:00.49 | Mem:0.00M, Peak:0.00M | 烟雨江南 · 雪月江南, 视图层 | Synchronizing object | JN_花尖露珠.003
Fra:80 Mem:402.42M (Peak 402.42M) | Time:00:00.49 | Mem:0.00M, Peak:0.00M | 烟雨江南 · 雪月江南, 视图层 | Synchronizing object | JN_花尖露珠.005
Fra:80 Mem:402.43M (Peak 402.43M) | Time:00:00.49 | Mem:0.00M, Peak:0.00M | 烟雨江南 · 雪月江南, 视图层 | Synchronizing object | JN_花尖露珠.006
Fra:80 Mem:402.43M (Peak 402.43M) | Time:00:00.49 | Mem:0.00M, Peak:0.00M | 烟雨江南 · 雪月江南, 视图层 | Synchronizing object | JN_花尖露珠.007
帧:80 内存:402.44M (峰值 402.44M) | 时间:00:00.49 | Mem:0.00M, Peak:0.00M | 烟雨江南 · 雪月江南, 视图层 | Synchronizing object | JN_花尖露珠.008
Fra:80 Mem:402.44M (Peak 402.44M) | Time:00:00.49 | Mem:0.00M, Peak:0.00M | 烟雨江南 · 雪月江南, 视图层 | Synchronizing object | JN_花尖露珠.009
Fra:80 Mem:402.46M (Peak 402.46M) | Time:00:00.49 | Mem:0.00M, Peak:0.00M | 烟雨江南 · 雪月江南, 视图层 | Synchronizing object | JN_雨丝.004
Fra:80 Mem:402.48M (Peak 402.48M) | Time:00:00.49 | Mem:0.00M, Peak:0.00M | 烟雨江南 · 雪月江南, 视图层 | Synchronizing object | JN_花尖露珠.010
Fra:80 Mem:402.48M (Peak 402.48M) | Time:00:00.49 | Mem:0.00M, Peak:0.00M | 烟雨江南 · 雪月江南, 视图层 | Synchronizing object | JN_花尖露珠.011
Fra:80 Mem:402.48M (Peak 402.48M) | Time:00:00.49 | Mem:0.00M, Peak:0.00M | 烟雨江南 · 雪月江南, 视图层 | Synchronizing object | JN_花尖露珠.012
Fra:80 Mem:402.48M (Peak 402.48M) | Time:00:00.49 | Mem:0.00M, Peak:0.00M | 烟雨江南 · 雪月江南, 视图层 | Synchronizing object | JN_花尖露珠.013
Fra:80 Mem:402.49M (Peak 402.49M) | Time:00:00.49 | Mem:0.00M, Peak:0.00M | 烟雨江南 · 雪月江南, 视图层 | Synchronizing object | JN_花尖露珠.014
帧:80 内存:402.50M (峰值 402.50M) | 时间:00:00.49 | Mem:0.00M, Peak:0.00M | 烟雨江南 · 雪月江南, 视图层 | Synchronizing object | JN_花尖露珠.015
Fra:80 Mem:402.51M (Peak 402.51M) | Time:00:00.49 | Mem:0.00M, Peak:0.00M | 烟雨江南 · 雪月江南, 视图层 | Synchronizing object | JN_花尖露珠.016
Fra:80 Mem:402.53M (Peak 402.53M) | Time:00:00.49 | Mem:0.00M, Peak:0.00M | 烟雨江南 · 雪月江南, 视图层 | Synchronizing object | JN_雨丝.005
Fra:80 Mem:402.54M (Peak 402.54M) | Time:00:00.49 | Mem:0.00M, Peak:0.00M | 烟雨江南 · 雪月江南, 视图层 | Synchronizing object | JN_花尖露珠.017
Fra:80 Mem:402.54M (Peak 402.54M) | Time:00:00.49 | Mem:0.00M, Peak:0.00M | 烟雨江南 · 雪月江南, 视图层 | Synchronizing object | JN_花尖露珠.018
Fra:80 Mem:402.55M (Peak 402.55M) | Time:00:00.49 | Mem:0.00M, Peak:0.00M | 烟雨江南 · 雪月江南, 视图层 | Synchronizing object | JN_花尖露珠.019
Fra:80 Mem:402.56M (Peak 402.56M) | Time:00:00.49 | Mem:0.00M, Peak:0.00M | 烟雨江南 · 雪月江南, 视图层 | Synchronizing object | JN_花尖露珠.020
Fra:80 Mem:402.56M (Peak 402.56M) | Time:00:00.49 | Mem:0.00M, Peak:0.00M | 烟雨江南 · 雪月江南, 视图层 | Synchronizing object | JN_花尖露珠.021
帧:80 内存:402.57M (峰值 402.57M) | 时间:00:00.49 | Mem:0.00M, Peak:0.00M | 烟雨江南 · 雪月江南, 视图层 | Synchronizing object | JN_花尖露珠.022
Fra:80 Mem:402.58M (Peak 402.58M) | Time:00:00.50 | Mem:0.00M, Peak:0.00M | 烟雨江南 · 雪月江南, 视图层 | Synchronizing object | JN_花尖露珠.023
Fra:80 Mem:402.61M (Peak 402.61M) | Time:00:00.50 | Mem:0.00M, Peak:0.00M | 烟雨江南 · 雪月江南, 视图层 | Synchronizing object | JN_花尖露珠.024
Fra:80 Mem:402.62M (Peak 402.62M) | Time:00:00.50 | Mem:0.00M, Peak:0.00M | 烟雨江南 · 雪月江南, 视图层 | Synchronizing object | JN_花尖露珠.026
Fra:80 Mem:402.63M (Peak 402.63M) | Time:00:00.50 | Mem:0.00M, Peak:0.00M | 烟雨江南 · 雪月江南, 视图层 | Synchronizing object | JN_花尖露珠.027
Fra:80 Mem:402.64M (Peak 402.64M) | Time:00:00.50 | Mem:0.00M, Peak:0.00M | 烟雨江南 · 雪月江南, 视图层 | Synchronizing object | JN_花尖露珠.028
Fra:80 Mem:402.64M (Peak 402.64M) | Time:00:00.50 | Mem:0.00M, Peak:0.00M | 烟雨江南 · 雪月江南, 视图层 | Synchronizing object | JN_花尖露珠.029
帧:80 内存:402.65M (峰值 402.65M) | 时间:00:00.50 | Mem:0.00M, Peak:0.00M | 烟雨江南 · 雪月江南, 视图层 | Synchronizing object | JN_花尖露珠.030
Fra:80 Mem:402.66M (Peak 402.66M) | Time:00:00.50 | Mem:0.00M, Peak:0.00M | 烟雨江南 · 雪月江南, 视图层 | Synchronizing object | JN_花尖露珠.031
Fra:80 Mem:402.68M (Peak 402.68M) | Time:00:00.50 | Mem:0.00M, Peak:0.00M | 烟雨江南 · 雪月江南, 视图层 | Synchronizing object | JN_雨丝.007
Fra:80 Mem:402.69M (Peak 402.69M) | Time:00:00.50 | Mem:0.00M, Peak:0.00M | 烟雨江南 · 雪月江南, 视图层 | Synchronizing object | JN_花尖露珠.032
Fra:80 Mem:402.69M (Peak 402.69M) | Time:00:00.50 | Mem:0.00M, Peak:0.00M | 烟雨江南 · 雪月江南, 视图层 | Synchronizing object | JN_花尖露珠.033
Fra:80 Mem:402.70M (Peak 402.70M) | Time:00:00.50 | Mem:0.00M, Peak:0.00M | 烟雨江南 · 雪月江南, 视图层 | Synchronizing object | JN_花尖露珠.034
Fra:80 Mem:402.71M (Peak 402.71M) | Time:00:00.50 | Mem:0.00M, Peak:0.00M | 烟雨江南 · 雪月江南, 视图层 | Synchronizing object | JN_花尖露珠.035
Fra:80 Mem:402.72M (Peak 402.72M) | Time:00:00.50 | Mem:0.00M, Peak:0.00M | 烟雨江南 · 雪月江南, 视图层 | Synchronizing object | JN_花尖露珠.036
帧:80 内存:402.73M (峰值 402.73M) | 时间:00:00.50 | Mem:0.00M, Peak:0.00M | 烟雨江南 · 雪月江南, 视图层 | Synchronizing object | JN_花尖露珠.037
Fra:80 Mem:402.75M (Peak 402.75M) | Time:00:00.50 | Mem:0.00M, Peak:0.00M | 烟雨江南 · 雪月江南, 视图层 | Synchronizing object | JN_花尖露珠.038
Fra:80 Mem:402.75M (Peak 402.75M) | Time:00:00.50 | Mem:0.00M, Peak:0.00M | 烟雨江南 · 雪月江南, 视图层 | Synchronizing object | JN_雨丝.008
Fra:80 Mem:402.77M (Peak 402.77M) | Time:00:00.50 | Mem:0.00M, Peak:0.00M | 烟雨江南 · 雪月江南, 视图层 | Synchronizing object | JN_花尖露珠.039
Fra:80 Mem:402.77M (Peak 402.77M) | Time:00:00.50 | Mem:0.00M, Peak:0.00M | 烟雨江南 · 雪月江南, 视图层 | Synchronizing object | JN_花尖露珠.040
Fra:80 Mem:402.78M (Peak 402.78M) | Time:00:00.50 | Mem:0.00M, Peak:0.00M | 烟雨江南 · 雪月江南, 视图层 | Synchronizing object | JN_花尖露珠.041
Fra:80 Mem:402.79M (Peak 402.79M) | Time:00:00.50 | Mem:0.00M, Peak:0.00M | 烟雨江南 · 雪月江南, 视图层 | Synchronizing object | JN_花尖露珠.042
Fra:80 Mem:402.79M (Peak 402.79M) | Time:00:00.50 | Mem:0.00M, Peak:0.00M | 烟雨江南 · 雪月江南, 视图层 | Synchronizing object | JN_花尖露珠.043
帧:80 内存:402.80M (峰值 402.80M) | 时间:00:00.50 | Mem:0.00M, Peak:0.00M | 烟雨江南 · 雪月江南, 视图层 | Synchronizing object | JN_花尖露珠.044
Fra:80 Mem:402.82M (Peak 402.82M) | Time:00:00.50 | Mem:0.00M, Peak:0.00M | 烟雨江南 · 雪月江南, 视图层 | Synchronizing object | JN_花尖露珠.045
Fra:80 Mem:402.83M (Peak 402.83M) | Time:00:00.50 | Mem:0.00M, Peak:0.00M | 烟雨江南 · 雪月江南, 视图层 | Synchronizing object | JN_雨丝.009
Fra:80 Mem:402.84M (Peak 402.84M) | Time:00:00.50 | Mem:0.00M, Peak:0.00M | 烟雨江南 · 雪月江南, 视图层 | Synchronizing object | JN_花尖露珠.046
Fra:80 Mem:402.84M (Peak 402.84M) | Time:00:00.50 | Mem:0.00M, Peak:0.00M | 烟雨江南 · 雪月江南, 视图层 | Synchronizing object | JN_花尖露珠.047
Fra:80 Mem:402.85M (Peak 402.85M) | Time:00:00.50 | Mem:0.00M, Peak:0.00M | 烟雨江南 · 雪月江南, 视图层 | Synchronizing object | JN_花尖露珠.048
Fra:80 Mem:402.86M (Peak 402.86M) | Time:00:00.50 | Mem:0.00M, Peak:0.00M | 烟雨江南 · 雪月江南, 视图层 | Synchronizing object | JN_花尖露珠.049
Fra:80 Mem:402.87M (Peak 402.87M) | Time:00:00.50 | Mem:0.00M, Peak:0.00M | 烟雨江南 · 雪月江南, 视图层 | Synchronizing object | JN_花尖露珠.050
帧:80 内存:402.87M (峰值 402.87M) | 时间:00:00.50 | Mem:0.00M, Peak:0.00M | 烟雨江南 · 雪月江南, 视图层 | Synchronizing object | JN_花尖露珠.051
Fra:80 Mem:402.89M (Peak 402.89M) | Time:00:00.50 | Mem:0.00M, Peak:0.00M | 烟雨江南 · 雪月江南, 视图层 | Synchronizing object | JN_花尖露珠.052
Fra:80 Mem:402.90M (Peak 402.90M) | Time:00:00.50 | Mem:0.00M, Peak:0.00M | 烟雨江南 · 雪月江南, 视图层 | Synchronizing object | JN_雨丝.010
Fra:80 Mem:402.91M (Peak 402.91M) | Time:00:00.50 | Mem:0.00M, Peak:0.00M | 烟雨江南 · 雪月江南, 视图层 | Synchronizing object | JN_花尖露珠.053
Fra:80 Mem:402.91M (Peak 402.91M) | Time:00:00.50 | Mem:0.00M, Peak:0.00M | 烟雨江南 · 雪月江南, 视图层 | Synchronizing object | JN_花尖露珠.054
Fra:80 Mem:402.92M (Peak 402.92M) | Time:00:00.50 | Mem:0.00M, Peak:0.00M | 烟雨江南 · 雪月江南, 视图层 | Synchronizing object | JN_花尖露珠.055
Fra:80 Mem:402.94M (Peak 402.94M) | Time:00:00.50 | Mem:0.00M, Peak:0.00M | 烟雨江南 · 雪月江南, 视图层 | Synchronizing object | JN_花尖露珠.056
Fra:80 Mem:402.94M (Peak 402.94M) | Time:00:00.50 | Mem:0.00M, Peak:0.00M | 烟雨江南 · 雪月江南, 视图层 | Synchronizing object | JN_花尖露珠.057
帧:80 内存:402.95M (峰值 402.95M) | 时间:00:00.50 | Mem:0.00M, Peak:0.00M | 烟雨江南 · 雪月江南, 视图层 | Synchronizing object | JN_花尖露珠.058
Fra:80 Mem:402.97M (Peak 402.97M) | Time:00:00.50 | Mem:0.00M, Peak:0.00M | 烟雨江南 · 雪月江南, 视图层 | Synchronizing object | JN_花尖露珠.059
Fra:80 Mem:402.97M (Peak 402.97M) | Time:00:00.50 | Mem:0.00M, Peak:0.00M | 烟雨江南 · 雪月江南, 视图层 | Synchronizing object | JN_雨丝.011
Fra:80 Mem:402.99M (Peak 402.99M) | Time:00:00.50 | Mem:0.00M, Peak:0.00M | 烟雨江南 · 雪月江南, 视图层 | Synchronizing object | JN_花尖露珠.060
Fra:80 Mem:402.99M (Peak 402.99M) | Time:00:00.50 | Mem:0.00M, Peak:0.00M | 烟雨江南 · 雪月江南, 视图层 | Synchronizing object | JN_花尖露珠.061
Fra:80 Mem:402.99M (Peak 402.99M) | Time:00:00.50 | Mem:0.00M, Peak:0.00M | 烟雨江南 · 雪月江南, 视图层 | Synchronizing object | JN_花尖露珠.062
Fra:80 Mem:403.01M (Peak 403.01M) | Time:00:00.50 | Mem:0.00M, Peak:0.00M | 烟雨江南 · 雪月江南, 视图层 | Synchronizing object | JN_花尖露珠.063
Fra:80 Mem:403.01M (Peak 403.01M) | Time:00:00.50 | Mem:0.00M, Peak:0.00M | 烟雨江南 · 雪月江南, 视图层 | Synchronizing object | JN_花尖露珠.064
帧:80 内存:403.02M (峰值 403.02M) | 时间:00:00.50 | Mem:0.00M, Peak:0.00M | 烟雨江南 · 雪月江南, 视图层 | Synchronizing object | JN_花尖露珠.065
Fra:80 Mem:403.04M (Peak 403.04M) | Time:00:00.50 | Mem:0.00M, Peak:0.00M | 烟雨江南 · 雪月江南, 视图层 | Synchronizing object | JN_花尖露珠.066
Fra:80 Mem:403.04M (Peak 403.04M) | Time:00:00.50 | Mem:0.00M, Peak:0.00M | 烟雨江南 · 雪月江南, 视图层 | Synchronizing object | JN_雨丝.012
Fra:80 Mem:403.05M (Peak 403.05M) | Time:00:00.50 | Mem:0.00M, Peak:0.00M | 烟雨江南 · 雪月江南, 视图层 | Synchronizing object | JN_花尖露珠.067
Fra:80 Mem:403.06M (Peak 403.06M) | Time:00:00.50 | Mem:0.00M, Peak:0.00M | 烟雨江南 · 雪月江南, 视图层 | Synchronizing object | JN_花尖露珠.068
Fra:80 Mem:403.07M (Peak 403.07M) | Time:00:00.50 | Mem:0.00M, Peak:0.00M | 烟雨江南 · 雪月江南, 视图层 | Synchronizing object | JN_花尖露珠.069
Fra:80 Mem:403.08M (Peak 403.08M) | Time:00:00.50 | Mem:0.00M, Peak:0.00M | 烟雨江南 · 雪月江南, 视图层 | Synchronizing object | JN_花尖露珠.070
Fra:80 Mem:403.08M (Peak 403.08M) | Time:00:00.50 | Mem:0.00M, Peak:0.00M | 烟雨江南 · 雪月江南, 视图层 | Synchronizing object | JN_花尖露珠.071
帧:80 内存:403.09M (峰值 403.09M) | 时间:00:00.50 | Mem:0.00M, Peak:0.00M | 烟雨江南 · 雪月江南, 视图层 | Synchronizing object | JN_花尖露珠.072
Fra:80 Mem:403.11M (Peak 403.11M) | Time:00:00.50 | Mem:0.00M, Peak:0.00M | 烟雨江南 · 雪月江南, 视图层 | Synchronizing object | JN_花尖露珠.073
Fra:80 Mem:403.12M (Peak 403.12M) | Time:00:00.50 | Mem:0.00M, Peak:0.00M | 烟雨江南 · 雪月江南, 视图层 | Synchronizing object | JN_雨丝.013
Fra:80 Mem:403.13M (Peak 403.13M) | Time:00:00.50 | Mem:0.00M, Peak:0.00M | 烟雨江南 · 雪月江南, 视图层 | Synchronizing object | JN_花尖露珠.074
Fra:80 Mem:403.13M (Peak 403.13M) | Time:00:00.50 | Mem:0.00M, Peak:0.00M | 烟雨江南 · 雪月江南, 视图层 | Synchronizing object | JN_花尖露珠.075
Fra:80 Mem:403.14M (Peak 403.14M) | Time:00:00.50 | Mem:0.00M, Peak:0.00M | 烟雨江南 · 雪月江南, 视图层 | Synchronizing object | JN_花尖露珠.076
Fra:80 Mem:403.15M (Peak 403.15M) | Time:00:00.50 | Mem:0.00M, Peak:0.00M | 烟雨江南 · 雪月江南, 视图层 | Synchronizing object | JN_花尖露珠.077
Fra:80 Mem:403.16M (Peak 403.16M) | Time:00:00.50 | Mem:0.00M, Peak:0.00M | 烟雨江南 · 雪月江南, 视图层 | Synchronizing object | JN_花尖露珠.078
帧:80 内存:403.16M (峰值 403.16M) | 时间:00:00.50 | Mem:0.00M, Peak:0.00M | 烟雨江南 · 雪月江南, 视图层 | Synchronizing object | JN_花尖露珠.079
Fra:80 Mem:403.19M (Peak 403.19M) | Time:00:00.50 | Mem:0.00M, Peak:0.00M | 烟雨江南 · 雪月江南, 视图层 | Synchronizing object | JN_花尖露珠.080
Fra:80 Mem:403.19M (Peak 403.19M) | Time:00:00.50 | Mem:0.00M, Peak:0.00M | 烟雨江南 · 雪月江南, 视图层 | Synchronizing object | JN_雨丝.014
Fra:80 Mem:403.20M (Peak 403.20M) | Time:00:00.50 | Mem:0.00M, Peak:0.00M | 烟雨江南 · 雪月江南, 视图层 | Synchronizing object | JN_花尖露珠.081
Fra:80 Mem:403.21M (Peak 403.21M) | Time:00:00.50 | Mem:0.00M, Peak:0.00M | 烟雨江南 · 雪月江南, 视图层 | Synchronizing object | JN_花尖露珠.082
Fra:80 Mem:403.21M (Peak 403.21M) | Time:00:00.50 | Mem:0.00M, Peak:0.00M | 烟雨江南 · 雪月江南, 视图层 | Synchronizing object | JN_花尖露珠.083
Fra:80 Mem:403.22M (Peak 403.22M) | Time:00:00.50 | Mem:0.00M, Peak:0.00M | 烟雨江南 · 雪月江南, 视图层 | Synchronizing object | JN_花尖露珠.084
Fra:80 Mem:403.23M (Peak 403.23M) | Time:00:00.50 | Mem:0.00M, Peak:0.00M | 烟雨江南 · 雪月江南, 视图层 | Synchronizing object | JN_花尖露珠.085
帧:80 内存:403.24M (峰值 403.24M) | 时间:00:00.50 | Mem:0.00M, Peak:0.00M | 烟雨江南 · 雪月江南, 视图层 | Synchronizing object | JN_花尖露珠.086
Fra:80 Mem:403.26M (Peak 403.26M) | Time:00:00.50 | Mem:0.00M, Peak:0.00M | 烟雨江南 · 雪月江南, 视图层 | Synchronizing object | JN_花尖露珠.087
Fra:80 Mem:403.26M (Peak 403.26M) | Time:00:00.50 | Mem:0.00M, Peak:0.00M | 烟雨江南 · 雪月江南, 视图层 | Synchronizing object | JN_雨丝.015
Fra:80 Mem:403.28M (Peak 403.28M) | Time:00:00.50 | Mem:0.00M, Peak:0.00M | 烟雨江南 · 雪月江南, 视图层 | Synchronizing object | JN_花尖露珠.088
Fra:80 Mem:403.28M (Peak 403.28M) | Time:00:00.50 | Mem:0.00M, Peak:0.00M | 烟雨江南 · 雪月江南, 视图层 | Synchronizing object | JN_花尖露珠.089
Fra:80 Mem:403.29M (Peak 403.29M) | Time:00:00.50 | Mem:0.00M, Peak:0.00M | 烟雨江南 · 雪月江南, 视图层 | Synchronizing object | JN_花尖露珠.090
Fra:80 Mem:403.29M (Peak 403.29M) | Time:00:00.50 | Mem:0.00M, Peak:0.00M | 烟雨江南 · 雪月江南, 视图层 | Synchronizing object | JN_花尖露珠.091
Fra:80 Mem:403.30M (Peak 403.30M) | Time:00:00.50 | Mem:0.00M, Peak:0.00M | 烟雨江南 · 雪月江南, 视图层 | Synchronizing object | JN_花尖露珠.092
帧:80 内存:403.31M (峰值 403.31M) | 时间:00:00.50 | Mem:0.00M, Peak:0.00M | 烟雨江南 · 雪月江南, 视图层 | Synchronizing object | JN_花尖露珠.093
Fra:80 Mem:403.33M (Peak 403.33M) | Time:00:00.50 | Mem:0.00M, Peak:0.00M | 烟雨江南 · 雪月江南, 视图层 | Synchronizing object | JN_花尖露珠.094
Fra:80 Mem:403.34M (Peak 403.34M) | Time:00:00.50 | Mem:0.00M, Peak:0.00M | 烟雨江南 · 雪月江南, 视图层 | Synchronizing object | JN_雨丝.016
Fra:80 Mem:403.35M (Peak 403.35M) | Time:00:00.50 | Mem:0.00M, Peak:0.00M | 烟雨江南 · 雪月江南, 视图层 | Synchronizing object | JN_花尖露珠.095
Fra:80 Mem:403.35M (Peak 403.35M) | Time:00:00.50 | Mem:0.00M, Peak:0.00M | 烟雨江南 · 雪月江南, 视图层 | Synchronizing object | JN_花尖露珠.096
Fra:80 Mem:403.36M (Peak 403.36M) | Time:00:00.50 | Mem:0.00M, Peak:0.00M | 烟雨江南 · 雪月江南, 视图层 | Synchronizing object | JN_花尖露珠.097
Fra:80 Mem:403.37M (Peak 403.37M) | Time:00:00.50 | Mem:0.00M, Peak:0.00M | 烟雨江南 · 雪月江南, 视图层 | Synchronizing object | JN_花尖露珠.098
Fra:80 Mem:403.38M (Peak 403.38M) | Time:00:00.50 | Mem:0.00M, Peak:0.00M | 烟雨江南 · 雪月江南, 视图层 | Synchronizing object | JN_花尖露珠.099
帧:80 内存:403.38M (峰值 403.38M) | 时间:00:00.50 | Mem:0.00M, Peak:0.00M | 烟雨江南 · 雪月江南, 视图层 | Synchronizing object | JN_花尖露珠.100
Fra:80 Mem:403.40M (Peak 403.40M) | Time:00:00.50 | Mem:0.00M, Peak:0.00M | 烟雨江南 · 雪月江南, 视图层 | Synchronizing object | JN_花尖露珠.101
Fra:80 Mem:403.41M (Peak 403.41M) | Time:00:00.51 | Mem:0.00M, Peak:0.00M | 烟雨江南 · 雪月江南, 视图层 | Synchronizing object | JN_雨丝.017
Fra:80 Mem:403.42M (Peak 403.42M) | Time:00:00.51 | Mem:0.00M, Peak:0.00M | 烟雨江南 · 雪月江南, 视图层 | Synchronizing object | JN_花尖露珠.102
Fra:80 Mem:403.42M (Peak 403.42M) | Time:00:00.51 | Mem:0.00M, Peak:0.00M | 烟雨江南 · 雪月江南, 视图层 | Synchronizing object | JN_花尖露珠.103
Fra:80 Mem:403.43M (Peak 403.43M) | Time:00:00.51 | Mem:0.00M, Peak:0.00M | 烟雨江南 · 雪月江南, 视图层 | Synchronizing object | JN_花尖露珠.104
Fra:80 Mem:403.44M (Peak 403.44M) | Time:00:00.51 | Mem:0.00M, Peak:0.00M | 烟雨江南 · 雪月江南, 视图层 | Synchronizing object | JN_花尖露珠.105
Fra:80 Mem:403.45M (Peak 403.45M) | Time:00:00.51 | Mem:0.00M, Peak:0.00M | 烟雨江南 · 雪月江南, 视图层 | Synchronizing object | JN_花尖露珠.106
帧:80 内存:403.46M (峰值 403.46M) | 时间:00:00.51 | Mem:0.00M, Peak:0.00M | 烟雨江南 · 雪月江南, 视图层 | Synchronizing object | JN_花尖露珠.107
Fra:80 Mem:403.48M (Peak 403.48M) | Time:00:00.51 | Mem:0.00M, Peak:0.00M | 烟雨江南 · 雪月江南, 视图层 | Synchronizing object | JN_花尖露珠.108
Fra:80 Mem:403.48M (Peak 403.48M) | Time:00:00.51 | Mem:0.00M, Peak:0.00M | 烟雨江南 · 雪月江南, 视图层 | Synchronizing object | JN_雨丝.018
Fra:80 Mem:403.50M (Peak 403.50M) | Time:00:00.51 | Mem:0.00M, Peak:0.00M | 烟雨江南 · 雪月江南, 视图层 | Synchronizing object | JN_花尖露珠.109
Fra:80 Mem:403.50M (Peak 403.50M) | Time:00:00.51 | Mem:0.00M, Peak:0.00M | 烟雨江南 · 雪月江南, 视图层 | Synchronizing object | JN_花尖露珠.110
Fra:80 Mem:403.50M (Peak 403.50M) | Time:00:00.51 | Mem:0.00M, Peak:0.00M | 烟雨江南 · 雪月江南, 视图层 | Synchronizing object | JN_花尖露珠.111
Fra:80 Mem:403.51M (Peak 403.51M) | Time:00:00.51 | Mem:0.00M, Peak:0.00M | 烟雨江南 · 雪月江南, 视图层 | Synchronizing object | JN_花尖露珠.112
Fra:80 Mem:403.53M (Peak 403.53M) | Time:00:00.51 | Mem:0.00M, Peak:0.00M | 烟雨江南 · 雪月江南, 视图层 | Synchronizing object | JN_花尖露珠.113
帧:80 内存:403.53M (峰值 403.53M) | 时间:00:00.51 | Mem:0.00M, Peak:0.00M | 烟雨江南 · 雪月江南, 视图层 | Synchronizing object | JN_花尖露珠.114
Fra:80 Mem:403.54M (Peak 403.54M) | Time:00:00.51 | Mem:0.00M, Peak:0.00M | 烟雨江南 · 雪月江南, 视图层 | Synchronizing object | JN_花尖露珠.115
Fra:80 Mem:403.56M (Peak 403.56M) | Time:00:00.51 | Mem:0.00M, Peak:0.00M | 烟雨江南 · 雪月江南, 视图层 | Synchronizing object | JN_雨丝.019
Fra:80 Mem:403.56M (Peak 403.56M) | Time:00:00.51 | Mem:0.00M, Peak:0.00M | 烟雨江南 · 雪月江南, 视图层 | Synchronizing object | JN_花尖露珠.116
Fra:80 Mem:403.57M (Peak 403.57M) | Time:00:00.51 | Mem:0.00M, Peak:0.00M | 烟雨江南 · 雪月江南, 视图层 | Synchronizing object | JN_花尖露珠.117
Fra:80 Mem:403.58M (Peak 403.58M) | Time:00:00.51 | Mem:0.00M, Peak:0.00M | 烟雨江南 · 雪月江南, 视图层 | Synchronizing object | JN_花尖露珠.118
Fra:80 Mem:403.59M (Peak 403.59M) | Time:00:00.51 | Mem:0.00M, Peak:0.00M | 烟雨江南 · 雪月江南, 视图层 | Synchronizing object | JN_花尖露珠.119
Fra:80 Mem:403.59M (Peak 403.59M) | Time:00:00.51 | Mem:0.00M, Peak:0.00M | 烟雨江南 · 雪月江南, 视图层 | Synchronizing object | JN_花尖露珠.120
帧:80 内存:403.60M (峰值 403.60M) | 时间:00:00.51 | Mem:0.00M, Peak:0.00M | 烟雨江南 · 雪月江南, 视图层 | Synchronizing object | JN_花尖露珠.121
Fra:80 Mem:403.61M (Peak 403.61M) | Time:00:00.51 | Mem:0.00M, Peak:0.00M | 烟雨江南 · 雪月江南, 视图层 | Synchronizing object | JN_花尖露珠.122
Fra:80 Mem:403.63M (Peak 403.63M) | Time:00:00.51 | Mem:0.00M, Peak:0.00M | 烟雨江南 · 雪月江南, 视图层 | Synchronizing object | JN_雨丝.020
Fra:80 Mem:403.64M (Peak 403.64M) | Time:00:00.51 | Mem:0.00M, Peak:0.00M | 烟雨江南 · 雪月江南, 视图层 | Synchronizing object | JN_花尖露珠.123
Fra:80 Mem:403.64M (Peak 403.64M) | Time:00:00.51 | Mem:0.00M, Peak:0.00M | 烟雨江南 · 雪月江南, 视图层 | Synchronizing object | JN_花尖露珠.124
Fra:80 Mem:403.65M (Peak 403.65M) | Time:00:00.51 | Mem:0.00M, Peak:0.00M | 烟雨江南 · 雪月江南, 视图层 | Synchronizing object | JN_花尖露珠.125
Fra:80 Mem:403.66M (Peak 403.66M) | Time:00:00.51 | Mem:0.00M, Peak:0.00M | 烟雨江南 · 雪月江南, 视图层 | Synchronizing object | JN_花尖露珠.126
Fra:80 Mem:403.67M (Peak 403.67M) | Time:00:00.51 | Mem:0.00M, Peak:0.00M | 烟雨江南 · 雪月江南, 视图层 | Synchronizing object | JN_花尖露珠.127
帧:80 内存:403.67M (峰值 403.67M) | 时间:00:00.51 | Mem:0.00M, Peak:0.00M | 烟雨江南 · 雪月江南, 视图层 | Synchronizing object | JN_花尖露珠.128
Fra:80 Mem:403.68M (Peak 403.68M) | Time:00:00.51 | Mem:0.00M, Peak:0.00M | 烟雨江南 · 雪月江南, 视图层 | Synchronizing object | JN_花尖露珠.129
Fra:80 Mem:403.70M (Peak 403.70M) | Time:00:00.51 | Mem:0.00M, Peak:0.00M | 烟雨江南 · 雪月江南, 视图层 | Synchronizing object | JN_雨丝.021
Fra:80 Mem:403.72M (Peak 403.72M) | Time:00:00.51 | Mem:0.00M, Peak:0.00M | 烟雨江南 · 雪月江南, 视图层 | Synchronizing object | JN_花尖露珠.130
Fra:80 Mem:403.72M (Peak 403.72M) | Time:00:00.51 | Mem:0.00M, Peak:0.00M | 烟雨江南 · 雪月江南, 视图层 | Synchronizing object | JN_花尖露珠.131
Fra:80 Mem:403.72M (Peak 403.72M) | Time:00:00.51 | Mem:0.00M, Peak:0.00M | 烟雨江南 · 雪月江南, 视图层 | Synchronizing object | JN_花尖露珠.132
Fra:80 Mem:403.73M (Peak 403.73M) | Time:00:00.51 | Mem:0.00M, Peak:0.00M | 烟雨江南 · 雪月江南, 视图层 | Synchronizing object | JN_花尖露珠.133
Fra:80 Mem:403.74M (Peak 403.74M) | Time:00:00.51 | Mem:0.00M, Peak:0.00M | 烟雨江南 · 雪月江南, 视图层 | Synchronizing object | JN_花尖露珠.134
帧:80 内存:403.75M (峰值 403.75M) | 时间:00:00.51 | Mem:0.00M, Peak:0.00M | 烟雨江南 · 雪月江南, 视图层 | Synchronizing object | JN_花尖露珠.135
Fra:80 Mem:403.77M (Peak 403.77M) | Time:00:00.51 | Mem:0.00M, Peak:0.00M | 烟雨江南 · 雪月江南, 视图层 | Synchronizing object | JN_花尖露珠.136
Fra:80 Mem:403.77M (Peak 403.77M) | Time:00:00.51 | Mem:0.00M, Peak:0.00M | 烟雨江南 · 雪月江南, 视图层 | Synchronizing object | JN_雨丝.022
Fra:80 Mem:403.79M (Peak 403.79M) | Time:00:00.51 | Mem:0.00M, Peak:0.00M | 烟雨江南 · 雪月江南, 视图层 | Synchronizing object | JN_花尖露珠.137
Fra:80 Mem:403.79M (Peak 403.79M) | Time:00:00.51 | Mem:0.00M, Peak:0.00M | 烟雨江南 · 雪月江南, 视图层 | Synchronizing object | JN_花尖露珠.138
Fra:80 Mem:403.80M (Peak 403.80M) | Time:00:00.51 | Mem:0.00M, Peak:0.00M | 烟雨江南 · 雪月江南, 视图层 | Synchronizing object | JN_花尖露珠.139
Fra:80 Mem:403.80M (Peak 403.80M) | Time:00:00.51 | Mem:0.00M, Peak:0.00M | 烟雨江南 · 雪月江南, 视图层 | Synchronizing object | JN_花尖露珠.140
Fra:80 Mem:403.81M (Peak 403.81M) | Time:00:00.51 | Mem:0.00M, Peak:0.00M | 烟雨江南 · 雪月江南, 视图层 | Synchronizing object | JN_花尖露珠.141
帧:80 内存:403.82M (峰值 403.82M) | 时间:00:00.51 | Mem:0.00M, Peak:0.00M | 烟雨江南 · 雪月江南, 视图层 | Synchronizing object | JN_花尖露珠.142
Fra:80 Mem:403.84M (Peak 403.84M) | Time:00:00.51 | Mem:0.00M, Peak:0.00M | 烟雨江南 · 雪月江南, 视图层 | Synchronizing object | JN_花尖露珠.143
Fra:80 Mem:403.85M (Peak 403.85M) | Time:00:00.51 | Mem:0.00M, Peak:0.00M | 烟雨江南 · 雪月江南, 视图层 | Synchronizing object | JN_雨丝.023
Fra:80 Mem:403.86M (Peak 403.86M) | Time:00:00.51 | Mem:0.00M, Peak:0.00M | 烟雨江南 · 雪月江南, 视图层 | Synchronizing object | JN_花尖露珠.144
Fra:80 Mem:403.86M (Peak 403.86M) | Time:00:00.51 | Mem:0.00M, Peak:0.00M | 烟雨江南 · 雪月江南, 视图层 | Synchronizing object | JN_花尖露珠.145
Fra:80 Mem:403.87M (Peak 403.87M) | Time:00:00.51 | Mem:0.00M, Peak:0.00M | 烟雨江南 · 雪月江南, 视图层 | Synchronizing object | JN_花尖露珠.146
Fra:80 Mem:403.88M (Peak 403.88M) | Time:00:00.51 | Mem:0.00M, Peak:0.00M | 烟雨江南 · 雪月江南, 视图层 | Synchronizing object | JN_花尖露珠.147
Fra:80 Mem:403.89M (Peak 403.89M) | Time:00:00.51 | Mem:0.00M, Peak:0.00M | 烟雨江南 · 雪月江南, 视图层 | Synchronizing object | JN_花尖露珠.148
帧:80 内存:403.89M (峰值 403.89M) | 时间:00:00.51 | Mem:0.00M, Peak:0.00M | 烟雨江南 · 雪月江南, 视图层 | Synchronizing object | JN_花尖露珠.149
Fra:80 Mem:403.90M (Peak 403.90M) | Time:00:00.51 | Mem:0.00M, Peak:0.00M | 烟雨江南 · 雪月江南, 视图层 | Synchronizing object | JN_花尖露珠.150
Fra:80 Mem:403.92M (Peak 403.92M) | Time:00:00.51 | Mem:0.00M, Peak:0.00M | 烟雨江南 · 雪月江南, 视图层 | Synchronizing object | JN_雨丝.024
Fra:80 Mem:403.93M (Peak 403.93M) | Time:00:00.51 | Mem:0.00M, Peak:0.00M | 烟雨江南 · 雪月江南, 视图层 | Synchronizing object | JN_花尖露珠.151
Fra:80 Mem:403.94M (Peak 403.94M) | Time:00:00.51 | Mem:0.00M, Peak:0.00M | 烟雨江南 · 雪月江南, 视图层 | Synchronizing object | JN_花尖露珠.152
Fra:80 Mem:403.94M (Peak 403.94M) | Time:00:00.51 | Mem:0.00M, Peak:0.00M | 烟雨江南 · 雪月江南, 视图层 | Synchronizing object | JN_花尖露珠.153
Fra:80 Mem:403.95M (Peak 403.95M) | Time:00:00.51 | Mem:0.00M, Peak:0.00M | 烟雨江南 · 雪月江南, 视图层 | Synchronizing object | JN_花尖露珠.154
Fra:80 Mem:403.96M (Peak 403.96M) | Time:00:00.51 | Mem:0.00M, Peak:0.00M | 烟雨江南 · 雪月江南, 视图层 | Synchronizing object | JN_花尖露珠.155
帧:80 内存:403.97M (峰值 403.97M) | 时间:00:00.51 | Mem:0.00M, Peak:0.00M | 烟雨江南 · 雪月江南, 视图层 | Synchronizing object | JN_花尖露珠.156
Fra:80 Mem:403.97M (Peak 403.97M) | Time:00:00.51 | Mem:0.00M, Peak:0.00M | 烟雨江南 · 雪月江南, 视图层 | Synchronizing object | JN_花尖露珠.157
Fra:80 Mem:404.01M (Peak 404.01M) | Time:00:00.51 | Mem:0.00M, Peak:0.00M | 烟雨江南 · 雪月江南, 视图层 | Synchronizing object | JN_花尖露珠.158
Fra:80 Mem:404.03M (Peak 404.03M) | Time:00:00.51 | Mem:0.00M, Peak:0.00M | 烟雨江南 · 雪月江南, 视图层 | Synchronizing object | JN_雨丝.025
Fra:80 Mem:404.03M (Peak 404.03M) | Time:00:00.51 | Mem:0.00M, Peak:0.00M | 烟雨江南 · 雪月江南, 视图层 | Synchronizing object | JN_花尖露珠.162
Fra:80 Mem:404.04M (Peak 404.04M) | Time:00:00.51 | Mem:0.00M, Peak:0.00M | 烟雨江南 · 雪月江南, 视图层 | Synchronizing object | JN_花尖露珠.163
Fra:80 Mem:404.05M (Peak 404.05M) | Time:00:00.51 | Mem:0.00M, Peak:0.00M | 烟雨江南 · 雪月江南, 视图层 | Synchronizing object | JN_花尖露珠.164
Fra:80 Mem:404.06M (Peak 404.06M) | Time:00:00.51 | Mem:0.00M, Peak:0.00M | 烟雨江南 · 雪月江南, 视图层 | Synchronizing object | JN_花尖露珠.165
Fra:80 Mem:404.06M (Peak 404.06M) | Time:00:00.51 | Mem:0.00M, Peak:0.00M | 烟雨江南 · 雪月江南, 视图层 | Synchronizing object | JN_花尖露珠.166
帧:80 内存:404.07M (峰值 404.07M) | 时间:00:00.51 | Mem:0.00M, Peak:0.00M | 烟雨江南 · 雪月江南, 视图层 | Synchronizing object | JN_花尖露珠.167
Fra:80 Mem:404.08M (Peak 404.08M) | Time:00:00.51 | Mem:0.00M, Peak:0.00M | 烟雨江南 · 雪月江南, 视图层 | Synchronizing object | JN_花尖露珠.168
Fra:80 Mem:404.10M (Peak 404.10M) | Time:00:00.51 | Mem:0.00M, Peak:0.00M | 烟雨江南 · 雪月江南, 视图层 | Synchronizing object | JN_雨丝.026
Fra:80 Mem:404.11M (Peak 404.11M) | Time:00:00.51 | Mem:0.00M, Peak:0.00M | 烟雨江南 · 雪月江南, 视图层 | Synchronizing object | JN_花尖露珠.169
Fra:80 Mem:404.12M (Peak 404.12M) | Time:00:00.51 | Mem:0.00M, Peak:0.00M | 烟雨江南 · 雪月江南, 视图层 | Synchronizing object | JN_花尖露珠.170
Fra:80 Mem:404.13M (Peak 404.13M) | Time:00:00.51 | Mem:0.00M, Peak:0.00M | 烟雨江南 · 雪月江南, 视图层 | Synchronizing object | JN_花尖露珠.171
Fra:80 Mem:404.14M (Peak 404.14M) | Time:00:00.51 | Mem:0.00M, Peak:0.00M | 烟雨江南 · 雪月江南, 视图层 | Synchronizing object | JN_花尖露珠.172
Fra:80 Mem:404.14M (Peak 404.14M) | Time:00:00.51 | Mem:0.00M, Peak:0.00M | 烟雨江南 · 雪月江南, 视图层 | Synchronizing object | JN_花尖露珠.173
帧:80 内存:404.14M (峰值 404.14M) | 时间:00:00.51 | Mem:0.00M, Peak:0.00M | 烟雨江南 · 雪月江南, 视图层 | Synchronizing object | JN_花尖露珠.174
Fra:80 Mem:404.15M (Peak 404.15M) | Time:00:00.51 | Mem:0.00M, Peak:0.00M | 烟雨江南 · 雪月江南, 视图层 | Synchronizing object | JN_花尖露珠.175
Fra:80 Mem:404.17M (Peak 404.17M) | Time:00:00.51 | Mem:0.00M, Peak:0.00M | 烟雨江南 · 雪月江南, 视图层 | Synchronizing object | JN_雨丝.027
Fra:80 Mem:404.18M (Peak 404.18M) | Time:00:00.52 | Mem:0.00M, Peak:0.00M | 烟雨江南 · 雪月江南, 视图层 | Synchronizing object | JN_花尖露珠.176
Fra:80 Mem:404.19M (Peak 404.19M) | Time:00:00.52 | Mem:0.00M, Peak:0.00M | 烟雨江南 · 雪月江南, 视图层 | Synchronizing object | JN_花尖露珠.177
Fra:80 Mem:404.19M (Peak 404.19M) | Time:00:00.52 | Mem:0.00M, Peak:0.00M | 烟雨江南 · 雪月江南, 视图层 | Synchronizing object | JN_花尖露珠.178
Fra:80 Mem:404.21M (Peak 404.21M) | Time:00:00.52 | Mem:0.00M, Peak:0.00M | 烟雨江南 · 雪月江南, 视图层 | Synchronizing object | JN_花尖露珠.179
Fra:80 Mem:404.22M (Peak 404.22M) | Time:00:00.52 | Mem:0.00M, Peak:0.00M | 烟雨江南 · 雪月江南, 视图层 | Synchronizing object | JN_花尖露珠.180
帧:80 内存:404.22M (峰值 404.22M) | 时间:00:00.52 | Mem:0.00M, Peak:0.00M | 烟雨江南 · 雪月江南, 视图层 | Synchronizing object | JN_花尖露珠.181
Fra:80 Mem:404.22M (Peak 404.22M) | Time:00:00.52 | Mem:0.00M, Peak:0.00M | 烟雨江南 · 雪月江南, 视图层 | Synchronizing object | JN_花尖露珠.182
Fra:80 Mem:404.24M (Peak 404.24M) | Time:00:00.52 | Mem:0.00M, Peak:0.00M | 烟雨江南 · 雪月江南, 视图层 | Synchronizing object | JN_雨丝.028
Fra:80 Mem:404.25M (Peak 404.25M) | Time:00:00.52 | Mem:0.00M, Peak:0.00M | 烟雨江南 · 雪月江南, 视图层 | Synchronizing object | JN_花尖露珠.183
Fra:80 Mem:404.27M (Peak 404.27M) | Time:00:00.52 | Mem:0.00M, Peak:0.00M | 烟雨江南 · 雪月江南, 视图层 | Synchronizing object | JN_花尖露珠.184
Fra:80 Mem:404.27M (Peak 404.27M) | Time:00:00.52 | Mem:0.00M, Peak:0.00M | 烟雨江南 · 雪月江南, 视图层 | Synchronizing object | JN_花尖露珠.185
Fra:80 Mem:404.28M (Peak 404.28M) | Time:00:00.52 | Mem:0.00M, Peak:0.00M | 烟雨江南 · 雪月江南, 视图层 | Synchronizing object | JN_花尖露珠.186
Fra:80 Mem:404.29M (Peak 404.29M) | Time:00:00.52 | Mem:0.00M, Peak:0.00M | 烟雨江南 · 雪月江南, 视图层 | Synchronizing object | JN_花尖露珠.187
帧:80 内存:404.29M (峰值 404.29M) | 时间:00:00.52 | Mem:0.00M, Peak:0.00M | 烟雨江南 · 雪月江南, 视图层 | Synchronizing object | JN_花尖露珠.188
Fra:80 Mem:404.30M (Peak 404.30M) | Time:00:00.52 | Mem:0.00M, Peak:0.00M | 烟雨江南 · 雪月江南, 视图层 | Synchronizing object | JN_花尖露珠.189
Fra:80 Mem:404.32M (Peak 404.32M) | Time:00:00.52 | Mem:0.00M, Peak:0.00M | 烟雨江南 · 雪月江南, 视图层 | Synchronizing object | JN_雨丝.029
Fra:80 Mem:404.32M (Peak 404.32M) | Time:00:00.52 | Mem:0.00M, Peak:0.00M | 烟雨江南 · 雪月江南, 视图层 | Synchronizing object | JN_花尖露珠.190
Fra:80 Mem:404.34M (Peak 404.34M) | Time:00:00.52 | Mem:0.00M, Peak:0.00M | 烟雨江南 · 雪月江南, 视图层 | Synchronizing object | JN_花尖露珠.191
Fra:80 Mem:404.35M (Peak 404.35M) | Time:00:00.52 | Mem:0.00M, Peak:0.00M | 烟雨江南 · 雪月江南, 视图层 | Synchronizing object | JN_花尖露珠.192
Fra:80 Mem:404.35M (Peak 404.35M) | Time:00:00.52 | Mem:0.00M, Peak:0.00M | 烟雨江南 · 雪月江南, 视图层 | Synchronizing object | JN_花尖露珠.193
Fra:80 Mem:404.36M (Peak 404.36M) | Time:00:00.52 | Mem:0.00M, Peak:0.00M | 烟雨江南 · 雪月江南, 视图层 | Synchronizing object | JN_花尖露珠.194
帧:80 内存:404.36M (峰值 404.36M) | 时间:00:00.52 | Mem:0.00M, Peak:0.00M | 烟雨江南 · 雪月江南, 视图层 | Synchronizing object | JN_花尖露珠.195
Fra:80 Mem:404.37M (Peak 404.37M) | Time:00:00.52 | Mem:0.00M, Peak:0.00M | 烟雨江南 · 雪月江南, 视图层 | Synchronizing object | JN_花尖露珠.196
Fra:80 Mem:404.39M (Peak 404.39M) | Time:00:00.52 | Mem:0.00M, Peak:0.00M | 烟雨江南 · 雪月江南, 视图层 | Synchronizing object | JN_雨丝.030
Fra:80 Mem:404.40M (Peak 404.40M) | Time:00:00.52 | Mem:0.00M, Peak:0.00M | 烟雨江南 · 雪月江南, 视图层 | Synchronizing object | JN_花尖露珠.197
Fra:80 Mem:404.41M (Peak 404.41M) | Time:00:00.52 | Mem:0.00M, Peak:0.00M | 烟雨江南 · 雪月江南, 视图层 | Synchronizing object | JN_花尖露珠.198
Fra:80 Mem:404.41M (Peak 404.41M) | Time:00:00.52 | Mem:0.00M, Peak:0.00M | 烟雨江南 · 雪月江南, 视图层 | Synchronizing object | JN_花尖露珠.199
Fra:80 Mem:404.43M (Peak 404.43M) | Time:00:00.52 | Mem:0.00M, Peak:0.00M | 烟雨江南 · 雪月江南, 视图层 | Synchronizing object | JN_花尖露珠.200
Fra:80 Mem:404.44M (Peak 404.44M) | Time:00:00.52 | Mem:0.00M, Peak:0.00M | 烟雨江南 · 雪月江南, 视图层 | Synchronizing object | JN_花尖露珠.201
帧:80 内存:404.44M (峰值 404.44M) | 时间:00:00.52 | Mem:0.00M, Peak:0.00M | 烟雨江南 · 雪月江南, 视图层 | Synchronizing object | JN_花尖露珠.202
Fra:80 Mem:404.44M (Peak 404.45M) | Time:00:00.52 | Mem:0.00M, Peak:0.00M | 烟雨江南 · 雪月江南, 视图层 | Synchronizing object | JN_花尖露珠.203
Fra:80 Mem:404.47M (Peak 404.47M) | Time:00:00.52 | Mem:0.00M, Peak:0.00M | 烟雨江南 · 雪月江南, 视图层 | Synchronizing object | JN_雨丝.031
Fra:80 Mem:404.47M (Peak 404.47M) | Time:00:00.52 | Mem:0.00M, Peak:0.00M | 烟雨江南 · 雪月江南, 视图层 | Synchronizing object | JN_花尖露珠.204
Fra:80 Mem:404.48M (Peak 404.48M) | Time:00:00.52 | Mem:0.00M, Peak:0.00M | 烟雨江南 · 雪月江南, 视图层 | Synchronizing object | JN_花尖露珠.205
Fra:80 Mem:404.49M (Peak 404.49M) | Time:00:00.52 | Mem:0.00M, Peak:0.00M | 烟雨江南 · 雪月江南, 视图层 | Synchronizing object | JN_花尖露珠.206
Fra:80 Mem:404.50M (Peak 404.50M) | Time:00:00.52 | Mem:0.00M, Peak:0.00M | 烟雨江南 · 雪月江南, 视图层 | Synchronizing object | JN_花尖露珠.207
Fra:80 Mem:404.51M (Peak 404.51M) | Time:00:00.52 | Mem:0.00M, Peak:0.00M | 烟雨江南 · 雪月江南, 视图层 | Synchronizing object | JN_花尖露珠.208
Fra:80 Mem:404.56M (Peak 404.56M) | Time:00:00.52 | Mem:0.00M, Peak:0.00M | 烟雨江南 · 雪月江南, 视图层 | Synchronizing object | JN_雨丝.032
帧:80 内存:404.59M (峰值 404.59M) | 时间:00:00.52 | Mem:0.00M, Peak:0.00M | 烟雨江南 · 雪月江南, 视图层 | Synchronizing object | JN_雨丝.033
帧:80 内存:404.61M (峰值 404.61M) | 时间:00:00.52 | Mem:0.00M, Peak:0.00M | 烟雨江南 · 雪月江南, 视图层 | Synchronizing object | JN_雨丝.034
帧:80 内存:404.63M (峰值 404.63M) | 时间:00:00.52 | Mem:0.00M, Peak:0.00M | 烟雨江南 · 雪月江南, 视图层 | Synchronizing object | JN_雨丝.035
帧:80 内存:404.65M (峰值 404.65M) | 时间:00:00.52 | Mem:0.00M, Peak:0.00M | 烟雨江南 · 雪月江南, 视图层 | Synchronizing object | JN_雨丝.036
帧:80 内存:404.67M (峰值 404.67M) | 时间:00:00.52 | Mem:0.00M, Peak:0.00M | 烟雨江南 · 雪月江南, 视图层 | Synchronizing object | JN_雨丝.037
帧:80 内存:404.69M (峰值 404.69M) | 时间:00:00.52 | Mem:0.00M, Peak:0.00M | 烟雨江南 · 雪月江南, 视图层 | Synchronizing object | JN_雨丝.038
帧:80 内存:404.71M (峰值 404.71M) | 时间:00:00.52 | Mem:0.00M, Peak:0.00M | 烟雨江南 · 雪月江南, 视图层 | Synchronizing object | JN_雨丝.039
帧:80 内存:404.73M (峰值 404.73M) | 时间:00:00.52 | Mem:0.00M, Peak:0.00M | 烟雨江南 · 雪月江南, 视图层 | Synchronizing object | JN_雨丝.040
帧:80 内存:404.74M (峰值 404.74M) | 时间:00:00.52 | Mem:0.00M, Peak:0.00M | 烟雨江南 · 雪月江南, 视图层 | Synchronizing object | JN_雨丝.041
帧:80 内存:404.76M (峰值 404.76M) | 时间:00:00.52 | Mem:0.00M, Peak:0.00M | 烟雨江南 · 雪月江南, 视图层 | Synchronizing object | JN_雨丝.042
帧:80 内存:404.78M (峰值 404.78M) | 时间:00:00.52 | Mem:0.00M, Peak:0.00M | 烟雨江南 · 雪月江南, 视图层 | Synchronizing object | JN_雨丝.043
帧:80 内存:404.80M (峰值 404.80M) | 时间:00:00.52 | Mem:0.00M, Peak:0.00M | 烟雨江南 · 雪月江南, 视图层 | Synchronizing object | JN_雨丝.044
帧:80 内存:404.82M (峰值 404.82M) | 时间:00:00.52 | Mem:0.00M, Peak:0.00M | 烟雨江南 · 雪月江南, 视图层 | Synchronizing object | JN_雨丝.045
帧:80 内存:404.84M (峰值 404.84M) | 时间:00:00.52 | Mem:0.00M, Peak:0.00M | 烟雨江南 · 雪月江南, 视图层 | Synchronizing object | JN_雨丝.046
帧:80 内存:404.86M (峰值 404.86M) | 时间:00:00.52 | Mem:0.00M, Peak:0.00M | 烟雨江南 · 雪月江南, 视图层 | Synchronizing object | JN_雨丝.047
帧:80 内存:404.88M (峰值 404.88M) | 时间:00:00.52 | Mem:0.00M, Peak:0.00M | 烟雨江南 · 雪月江南, 视图层 | Synchronizing object | JN_雨丝.048
帧:80 内存:404.90M (峰值 404.90M) | 时间:00:00.52 | Mem:0.00M, Peak:0.00M | 烟雨江南 · 雪月江南, 视图层 | Synchronizing object | JN_雨丝.049
帧:80 内存:404.91M (峰值 404.91M) | 时间:00:00.52 | Mem:0.00M, Peak:0.00M | 烟雨江南 · 雪月江南, 视图层 | Synchronizing object | JN_雨丝.050
帧:80 内存:404.93M (峰值 404.93M) | 时间:00:00.52 | Mem:0.00M, Peak:0.00M | 烟雨江南 · 雪月江南, 视图层 | Synchronizing object | JN_雨丝.051
帧:80 内存:404.95M (峰值 404.95M) | 时间:00:00.52 | Mem:0.00M, Peak:0.00M | 烟雨江南 · 雪月江南, 视图层 | Synchronizing object | JN_雨丝.052
帧:80 内存:404.97M (峰值 404.97M) | 时间:00:00.52 | Mem:0.00M, Peak:0.00M | 烟雨江南 · 雪月江南, 视图层 | Synchronizing object | JN_雨丝.053
帧:80 内存:404.99M (峰值 404.99M) | 时间:00:00.52 | Mem:0.00M, Peak:0.00M | 烟雨江南 · 雪月江南, 视图层 | Synchronizing object | JN_雨丝.054
帧:80 内存:405.01M (峰值 405.01M) | 时间:00:00.52 | Mem:0.00M, Peak:0.00M | 烟雨江南 · 雪月江南, 视图层 | Synchronizing object | JN_雨丝.055
帧:80 内存:405.03M (峰值 405.03M) | 时间:00:00.52 | Mem:0.00M, Peak:0.00M | 烟雨江南 · 雪月江南, 视图层 | Synchronizing object | JN_雨丝.056
帧:80 内存:405.05M (峰值 405.05M) | 时间:00:00.52 | Mem:0.00M, Peak:0.00M | 烟雨江南 · 雪月江南, 视图层 | Synchronizing object | JN_雨丝.057
帧:80 内存:405.07M (峰值 405.07M) | 时间:00:00.52 | Mem:0.00M, Peak:0.00M | 烟雨江南 · 雪月江南, 视图层 | Synchronizing object | JN_雨丝.058
帧:80 内存:405.09M (峰值 405.09M) | 时间:00:00.52 | Mem:0.00M, Peak:0.00M | 烟雨江南 · 雪月江南, 视图层 | Synchronizing object | JN_雨丝.059
帧:80 内存:405.10M (峰值 405.10M) | 时间:00:00.52 | Mem:0.00M, Peak:0.00M | 烟雨江南 · 雪月江南, 视图层 | Synchronizing object | JN_雨丝.060
帧:80 内存:405.12M (峰值 405.12M) | 时间:00:00.52 | Mem:0.00M, Peak:0.00M | 烟雨江南 · 雪月江南, 视图层 | Synchronizing object | JN_雨丝.061
帧:80 内存:405.14M (峰值 405.14M) | 时间:00:00.52 | Mem:0.00M, Peak:0.00M | 烟雨江南 · 雪月江南, 视图层 | Synchronizing object | JN_雨丝.062
帧:80 内存:405.16M (峰值 405.16M) | 时间:00:00.52 | Mem:0.00M, Peak:0.00M | 烟雨江南 · 雪月江南, 视图层 | Synchronizing object | JN_雨丝.063
帧:80 内存:405.18M (峰值 405.18M) | 时间:00:00.52 | Mem:0.00M, Peak:0.00M | 烟雨江南 · 雪月江南, 视图层 | Synchronizing object | JN_雨丝.064
帧:80 内存:405.20M (峰值 405.20M) | 时间:00:00.52 | Mem:0.00M, Peak:0.00M | 烟雨江南 · 雪月江南, 视图层 | Synchronizing object | JN_雨丝.065
帧:80 内存:405.22M (峰值 405.22M) | 时间:00:00.52 | Mem:0.00M, Peak:0.00M | 烟雨江南 · 雪月江南, 视图层 | Synchronizing object | JN_雨丝.066
帧:80 内存:405.24M (峰值 405.24M) | 时间:00:00.52 | Mem:0.00M, Peak:0.00M | 烟雨江南 · 雪月江南, 视图层 | Synchronizing object | JN_雨丝.067
帧:80 内存:405.26M (峰值 405.26M) | 时间:00:00.52 | Mem:0.00M, Peak:0.00M | 烟雨江南 · 雪月江南, 视图层 | Synchronizing object | JN_雨丝.068
帧:80 内存:405.27M (峰值 405.27M) | 时间:00:00.52 | Mem:0.00M, Peak:0.00M | 烟雨江南 · 雪月江南, 视图层 | Synchronizing object | JN_雨丝.069
帧:80 内存:405.29M (峰值 405.29M) | 时间:00:00.53 | Mem:0.00M, Peak:0.00M | 烟雨江南 · 雪月江南, 视图层 | Synchronizing object | JN_雨丝.070
帧:80 内存:405.31M (峰值 405.31M) | 时间:00:00.53 | Mem:0.00M, Peak:0.00M | 烟雨江南 · 雪月江南, 视图层 | Synchronizing object | JN_雨丝.071
帧:80 内存:405.33M (峰值 405.33M) | 时间:00:00.53 | Mem:0.00M, Peak:0.00M | 烟雨江南 · 雪月江南, 视图层 | Synchronizing object | JN_雨丝.072
帧:80 内存:405.35M (峰值 405.35M) | 时间:00:00.53 | Mem:0.00M, Peak:0.00M | 烟雨江南 · 雪月江南, 视图层 | Synchronizing object | JN_雨丝.073
帧:80 内存:405.37M (峰值 405.37M) | 时间:00:00.53 | Mem:0.00M, Peak:0.00M | 烟雨江南 · 雪月江南, 视图层 | Synchronizing object | JN_雨丝.074
帧:80 内存:405.39M (峰值 405.39M) | 时间:00:00.53 | Mem:0.00M, Peak:0.00M | 烟雨江南 · 雪月江南, 视图层 | Synchronizing object | JN_雨丝.075
帧:80 内存:405.41M (峰值 405.41M) | 时间:00:00.53 | Mem:0.00M, Peak:0.00M | 烟雨江南 · 雪月江南, 视图层 | Synchronizing object | JN_雨丝.076
帧:80 内存:405.43M (峰值 405.43M) | 时间:00:00.53 | Mem:0.00M, Peak:0.00M | 烟雨江南 · 雪月江南, 视图层 | Synchronizing object | JN_雨丝.077
帧:80 内存:405.45M (峰值 405.45M) | 时间:00:00.53 | Mem:0.00M, Peak:0.00M | 烟雨江南 · 雪月江南, 视图层 | Synchronizing object | JN_雨丝.078
帧:80 内存:405.46M (峰值 405.46M) | 时间:00:00.53 | Mem:0.00M, Peak:0.00M | 烟雨江南 · 雪月江南, 视图层 | Synchronizing object | JN_雨丝.079
帧:80 内存:405.48M (峰值 405.48M) | 时间:00:00.53 | Mem:0.00M, Peak:0.00M | 烟雨江南 · 雪月江南, 视图层 | Synchronizing object | JN_雨丝.080
帧:80 内存:405.50M (峰值 405.50M) | 时间:00:00.53 | Mem:0.00M, Peak:0.00M | 烟雨江南 · 雪月江南, 视图层 | Synchronizing object | JN_雨丝.081
帧:80 内存:405.52M (峰值 405.52M) | 时间:00:00.53 | Mem:0.00M, Peak:0.00M | 烟雨江南 · 雪月江南, 视图层 | Synchronizing object | JN_雨丝.082
帧:80 内存:405.54M (峰值 405.54M) | 时间:00:00.53 | Mem:0.00M, Peak:0.00M | 烟雨江南 · 雪月江南, 视图层 | Synchronizing object | JN_雨丝.083
帧:80 内存:405.56M (峰值 405.56M) | 时间:00:00.53 | Mem:0.00M, Peak:0.00M | 烟雨江南 · 雪月江南, 视图层 | Synchronizing object | JN_雨丝.084
帧:80 内存:405.58M (峰值 405.58M) | 时间:00:00.53 | Mem:0.00M, Peak:0.00M | 烟雨江南 · 雪月江南, 视图层 | Synchronizing object | JN_雨丝.085
帧:80 内存:405.60M (峰值 405.60M) | 时间:00:00.53 | Mem:0.00M, Peak:0.00M | 烟雨江南 · 雪月江南, 视图层 | Synchronizing object | JN_雨丝.086
帧:80 内存:405.62M (峰值 405.62M) | 时间:00:00.53 | Mem:0.00M, Peak:0.00M | 烟雨江南 · 雪月江南, 视图层 | Synchronizing object | JN_雨丝.087
帧:80 内存:405.64M (峰值 405.64M) | 时间:00:00.53 | Mem:0.00M, Peak:0.00M | 烟雨江南 · 雪月江南, 视图层 | Synchronizing object | JN_雨丝.088
帧:80 内存:405.65M (峰值 405.65M) | 时间:00:00.53 | Mem:0.00M, Peak:0.00M | 烟雨江南 · 雪月江南, 视图层 | Synchronizing object | JN_雨丝.089
帧:80 内存:405.67M (峰值 405.67M) | 时间:00:00.53 | Mem:0.00M, Peak:0.00M | 烟雨江南 · 雪月江南, 视图层 | Synchronizing object | JN_雨丝.090
帧:80 内存:405.69M (峰值 405.69M) | 时间:00:00.53 | Mem:0.00M, Peak:0.00M | 烟雨江南 · 雪月江南, 视图层 | Synchronizing object | JN_雨丝.091
帧:80 内存:405.71M (峰值 405.71M) | 时间:00:00.53 | Mem:0.00M, Peak:0.00M | 烟雨江南 · 雪月江南, 视图层 | Synchronizing object | JN_雨丝.092
帧:80 内存:405.73M (峰值 405.73M) | 时间:00:00.53 | Mem:0.00M, Peak:0.00M | 烟雨江南 · 雪月江南, 视图层 | Synchronizing object | JN_雨丝.093
帧:80 内存:405.75M (峰值 405.75M) | 时间:00:00.53 | Mem:0.00M, Peak:0.00M | 烟雨江南 · 雪月江南, 视图层 | Synchronizing object | JN_雨丝.094
帧:80 内存:405.77M (峰值 405.77M) | 时间:00:00.53 | Mem:0.00M, Peak:0.00M | 烟雨江南 · 雪月江南, 视图层 | Synchronizing object | JN_雨丝.095
帧:80 内存:405.79M (峰值 405.79M) | 时间:00:00.53 | Mem:0.00M, Peak:0.00M | 烟雨江南 · 雪月江南, 视图层 | Synchronizing object | JN_雨丝.096
帧:80 内存:405.81M (峰值 405.81M) | 时间:00:00.53 | Mem:0.00M, Peak:0.00M | 烟雨江南 · 雪月江南, 视图层 | Synchronizing object | JN_雨丝.097
帧:80 内存:405.82M (峰值 405.82M) | 时间:00:00.53 | Mem:0.00M, Peak:0.00M | 烟雨江南 · 雪月江南, 视图层 | Synchronizing object | JN_雨丝.098
帧:80 内存:405.84M (峰值 405.84M) | 时间:00:00.53 | Mem:0.00M, Peak:0.00M | 烟雨江南 · 雪月江南, 视图层 | Synchronizing object | JN_雨丝.099
帧:80 内存:405.86M (峰值 405.86M) | 时间:00:00.53 | Mem:0.00M, Peak:0.00M | 烟雨江南 · 雪月江南, 视图层 | Synchronizing object | JN_雨丝.100
帧:80 内存:405.88M (峰值 405.88M) | 时间:00:00.53 | Mem:0.00M, Peak:0.00M | 烟雨江南 · 雪月江南, 视图层 | Synchronizing object | JN_雨丝.101
帧:80 内存:405.90M (峰值 405.90M) | 时间:00:00.53 | Mem:0.00M, Peak:0.00M | 烟雨江南 · 雪月江南, 视图层 | Synchronizing object | JN_雨丝.102
帧:80 内存:405.92M (峰值 405.92M) | 时间:00:00.53 | Mem:0.00M, Peak:0.00M | 烟雨江南 · 雪月江南, 视图层 | Synchronizing object | JN_雨丝.103
帧:80 内存:405.94M (峰值 405.94M) | 时间:00:00.53 | Mem:0.00M, Peak:0.00M | 烟雨江南 · 雪月江南, 视图层 | Synchronizing object | JN_雨丝.104
帧:80 内存:405.96M (峰值 405.96M) | 时间:00:00.53 | Mem:0.00M, Peak:0.00M | 烟雨江南 · 雪月江南, 视图层 | Synchronizing object | JN_雨丝.105
帧:80 内存:405.98M (峰值 405.98M) | 时间:00:00.53 | Mem:0.00M, Peak:0.00M | 烟雨江南 · 雪月江南, 视图层 | Synchronizing object | JN_雨丝.106
帧:80 内存:406.00M (峰值 406.00M) | 时间:00:00.53 | Mem:0.00M, Peak:0.00M | 烟雨江南 · 雪月江南, 视图层 | Synchronizing object | JN_雨丝.107
帧:80 内存:406.01M (峰值 406.01M) | 时间:00:00.53 | Mem:0.00M, Peak:0.00M | 烟雨江南 · 雪月江南, 视图层 | Synchronizing object | JN_雨丝.108
帧:80 内存:406.03M (峰值 406.03M) | 时间:00:00.53 | Mem:0.00M, Peak:0.00M | 烟雨江南 · 雪月江南, 视图层 | Synchronizing object | JN_雨丝.109
帧:80 内存:406.05M (峰值 406.05M) | 时间:00:00.53 | Mem:0.00M, Peak:0.00M | 烟雨江南 · 雪月江南, 视图层 | Synchronizing object | JN_雨丝.110
帧:80 内存:406.07M (峰值 406.07M) | 时间:00:00.53 | Mem:0.00M, Peak:0.00M | 烟雨江南 · 雪月江南, 视图层 | Synchronizing object | JN_雨丝.111
帧:80 内存:406.09M (峰值 406.09M) | 时间:00:00.53 | Mem:0.00M, Peak:0.00M | 烟雨江南 · 雪月江南, 视图层 | Synchronizing object | JN_雨丝.112
帧:80 内存:406.11M (峰值 406.11M) | 时间:00:00.53 | Mem:0.00M, Peak:0.00M | 烟雨江南 · 雪月江南, 视图层 | Synchronizing object | JN_雨丝.113
帧:80 内存:406.13M (峰值 406.13M) | 时间:00:00.53 | Mem:0.00M, Peak:0.00M | 烟雨江南 · 雪月江南, 视图层 | Synchronizing object | JN_雨丝.114
帧:80 内存:406.15M (峰值 406.15M) | 时间:00:00.53 | Mem:0.00M, Peak:0.00M | 烟雨江南 · 雪月江南, 视图层 | Synchronizing object | JN_雨丝.115
帧:80 内存:406.17M (峰值 406.17M) | 时间:00:00.53 | Mem:0.00M, Peak:0.00M | 烟雨江南 · 雪月江南, 视图层 | Synchronizing object | JN_雨丝.116
帧:80 内存:406.19M (峰值 406.19M) | 时间:00:00.53 | Mem:0.00M, Peak:0.00M | 烟雨江南 · 雪月江南, 视图层 | Synchronizing object | JN_雨丝.117
帧:80 内存:406.20M (峰值 406.20M) | 时间:00:00.53 | Mem:0.00M, Peak:0.00M | 烟雨江南 · 雪月江南, 视图层 | Synchronizing object | JN_雨丝.118
帧:80 内存:406.22M (峰值 406.22M) | 时间:00:00.53 | Mem:0.00M, Peak:0.00M | 烟雨江南 · 雪月江南, 视图层 | Synchronizing object | JN_雨丝.119
帧:80 内存:406.24M (峰值 406.24M) | 时间:00:00.53 | Mem:0.00M, Peak:0.00M | 烟雨江南 · 雪月江南, 视图层 | Synchronizing object | JN_雨丝.120
帧:80 内存:406.26M (峰值 406.26M) | 时间:00:00.53 | Mem:0.00M, Peak:0.00M | 烟雨江南 · 雪月江南, 视图层 | Synchronizing object | JN_雨丝.121
帧:80 内存:406.28M (峰值 406.28M) | 时间:00:00.53 | Mem:0.00M, Peak:0.00M | 烟雨江南 · 雪月江南, 视图层 | Synchronizing object | JN_雨丝.122
帧:80 内存:406.30M (峰值 406.30M) | 时间:00:00.53 | Mem:0.00M, Peak:0.00M | 烟雨江南 · 雪月江南, 视图层 | Synchronizing object | JN_雨丝.123
帧:80 内存:406.32M (峰值 406.32M) | 时间:00:00.53 | Mem:0.00M, Peak:0.00M | 烟雨江南 · 雪月江南, 视图层 | Synchronizing object | JN_雨丝.124
帧:80 内存:406.34M (峰值 406.34M) | 时间:00:00.53 | Mem:0.00M, Peak:0.00M | 烟雨江南 · 雪月江南, 视图层 | Synchronizing object | JN_雨丝.125
帧:80 内存:406.36M (峰值 406.36M) | 时间:00:00.53 | Mem:0.00M, Peak:0.00M | 烟雨江南 · 雪月江南, 视图层 | Synchronizing object | JN_雨丝.126
帧:80 内存:406.37M (峰值 406.37M) | 时间:00:00.53 | Mem:0.00M, Peak:0.00M | 烟雨江南 · 雪月江南, 视图层 | Synchronizing object | JN_雨丝.127
帧:80 内存:406.39M (峰值 406.39M) | 时间:00:00.53 | Mem:0.00M, Peak:0.00M | 烟雨江南 · 雪月江南, 视图层 | Synchronizing object | JN_雨丝.128
帧:80 内存:406.41M (峰值 406.41M) | 时间:00:00.53 | Mem:0.00M, Peak:0.00M | 烟雨江南 · 雪月江南, 视图层 | Synchronizing object | JN_雨丝.129
帧:80 内存:406.43M (峰值 406.43M) | 时间:00:00.53 | Mem:0.00M, Peak:0.00M | 烟雨江南 · 雪月江南, 视图层 | Synchronizing object | JN_雨丝.130
帧:80 内存:406.45M (峰值 406.45M) | 时间:00:00.53 | Mem:0.00M, Peak:0.00M | 烟雨江南 · 雪月江南, 视图层 | Synchronizing object | JN_雨丝.131
帧:80 内存:406.47M (峰值 406.47M) | 时间:00:00.53 | Mem:0.00M, Peak:0.00M | 烟雨江南 · 雪月江南, 视图层 | Synchronizing object | JN_雨丝.132
帧:80 内存:406.49M (峰值 406.49M) | 时间:00:00.53 | Mem:0.00M, Peak:0.00M | 烟雨江南 · 雪月江南, 视图层 | Synchronizing object | JN_雨丝.133
帧:80 内存:406.51M (峰值 406.51M) | 时间:00:00.53 | Mem:0.00M, Peak:0.00M | 烟雨江南 · 雪月江南, 视图层 | Synchronizing object | JN_雨丝.134
帧:80 内存:406.53M (峰值 406.53M) | 时间:00:00.53 | Mem:0.00M, Peak:0.00M | 烟雨江南 · 雪月江南, 视图层 | Synchronizing object | JN_雨丝.135
帧:80 内存:406.55M (峰值 406.55M) | 时间:00:00.54 | Mem:0.00M, Peak:0.00M | 烟雨江南 · 雪月江南, 视图层 | Synchronizing object | JN_雨丝.136
帧:80 内存:406.56M (峰值 406.56M) | 时间:00:00.54 | Mem:0.00M, Peak:0.00M | 烟雨江南 · 雪月江南, 视图层 | Synchronizing object | JN_雨丝.137
帧:80 内存:406.58M (峰值 406.58M) | 时间:00:00.54 | Mem:0.00M, Peak:0.00M | 烟雨江南 · 雪月江南, 视图层 | Synchronizing object | JN_雨丝.138
帧:80 内存:406.60M (峰值 406.60M) | 时间:00:00.54 | Mem:0.00M, Peak:0.00M | 烟雨江南 · 雪月江南, 视图层 | Synchronizing object | JN_雨丝.139
帧:80 内存:406.62M (峰值 406.62M) | 时间:00:00.54 | Mem:0.00M, Peak:0.00M | 烟雨江南 · 雪月江南, 视图层 | Synchronizing object | JN_雨丝.140
帧:80 内存:406.64M (峰值 406.64M) | 时间:00:00.54 | Mem:0.00M, Peak:0.00M | 烟雨江南 · 雪月江南, 视图层 | Synchronizing object | JN_雨丝.141
帧:80 内存:406.66M (峰值 406.66M) | 时间:00:00.54 | Mem:0.00M, Peak:0.00M | 烟雨江南 · 雪月江南, 视图层 | Synchronizing object | JN_雨丝.142
帧:80 内存:406.68M (峰值 406.68M) | 时间:00:00.54 | Mem:0.00M, Peak:0.00M | 烟雨江南 · 雪月江南, 视图层 | Synchronizing object | JN_雨丝.143
帧:80 内存:406.70M (峰值 406.70M) | 时间:00:00.54 | Mem:0.00M, Peak:0.00M | 烟雨江南 · 雪月江南, 视图层 | Synchronizing object | JN_雨丝.144
帧:80 内存:406.72M (峰值 406.72M) | 时间:00:00.54 | Mem:0.00M, Peak:0.00M | 烟雨江南 · 雪月江南, 视图层 | Synchronizing object | JN_雨丝.145
帧:80 内存:406.74M (峰值 406.74M) | 时间:00:00.54 | Mem:0.00M, Peak:0.00M | 烟雨江南 · 雪月江南, 视图层 | Synchronizing object | JN_雨丝.146
帧:80 内存:406.75M (峰值 406.75M) | 时间:00:00.54 | Mem:0.00M, Peak:0.00M | 烟雨江南 · 雪月江南, 视图层 | Synchronizing object | JN_雨丝.147
帧:80 内存:406.77M (峰值 406.77M) | 时间:00:00.54 | Mem:0.00M, Peak:0.00M | 烟雨江南 · 雪月江南, 视图层 | Synchronizing object | JN_雨丝.148
帧:80 内存:406.79M (峰值 406.79M) | 时间:00:00.54 | Mem:0.00M, Peak:0.00M | 烟雨江南 · 雪月江南, 视图层 | Synchronizing object | JN_雨丝.149
帧:80 内存:406.81M (峰值 406.81M) | 时间:00:00.54 | Mem:0.00M, Peak:0.00M | 烟雨江南 · 雪月江南, 视图层 | Synchronizing object | JN_雨丝.150
帧:80 内存:406.83M (峰值 406.83M) | 时间:00:00.54 | Mem:0.00M, Peak:0.00M | 烟雨江南 · 雪月江南, 视图层 | Synchronizing object | JN_雨丝.151
帧:80 内存:406.85M (峰值 406.85M) | 时间:00:00.54 | Mem:0.00M, Peak:0.00M | 烟雨江南 · 雪月江南, 视图层 | Synchronizing object | JN_雨丝.152
帧:80 内存:406.87M (峰值 406.87M) | 时间:00:00.54 | Mem:0.00M, Peak:0.00M | 烟雨江南 · 雪月江南, 视图层 | Synchronizing object | JN_雨丝.153
帧:80 内存:406.89M (峰值 406.89M) | 时间:00:00.54 | Mem:0.00M, Peak:0.00M | 烟雨江南 · 雪月江南, 视图层 | Synchronizing object | JN_雨丝.154
帧:80 内存:406.91M (峰值 406.91M) | 时间:00:00.54 | Mem:0.00M, Peak:0.00M | 烟雨江南 · 雪月江南, 视图层 | Synchronizing object | JN_雨丝.155
帧:80 内存:406.92M (峰值 406.92M) | 时间:00:00.54 | Mem:0.00M, Peak:0.00M | 烟雨江南 · 雪月江南, 视图层 | Synchronizing object | JN_雨丝.156
帧:80 内存:406.94M (峰值 406.94M) | 时间:00:00.54 | Mem:0.00M, Peak:0.00M | 烟雨江南 · 雪月江南, 视图层 | Synchronizing object | JN_雨丝.157
帧:80 内存:406.96M (峰值 406.96M) | 时间:00:00.54 | Mem:0.00M, Peak:0.00M | 烟雨江南 · 雪月江南, 视图层 | Synchronizing object | JN_雨丝.158
帧:80 内存:406.98M (峰值 406.98M) | 时间:00:00.54 | Mem:0.00M, Peak:0.00M | 烟雨江南 · 雪月江南, 视图层 | Synchronizing object | JN_雨丝.159
帧:80 内存:407.00M (峰值 407.00M) | 时间:00:00.54 | Mem:0.00M, Peak:0.00M | 烟雨江南 · 雪月江南, 视图层 | Synchronizing object | JN_雨丝.160
帧:80 内存:407.02M (峰值 407.02M) | 时间:00:00.54 | Mem:0.00M, Peak:0.00M | 烟雨江南 · 雪月江南, 视图层 | Synchronizing object | JN_雨丝.161
帧:80 内存:407.04M (峰值 407.04M) | 时间:00:00.54 | Mem:0.00M, Peak:0.00M | 烟雨江南 · 雪月江南, 视图层 | Synchronizing object | JN_雨丝.162
帧:80 内存:407.06M (峰值 407.06M) | 时间:00:00.54 | Mem:0.00M, Peak:0.00M | 烟雨江南 · 雪月江南, 视图层 | Synchronizing object | JN_雨丝.163
帧:80 内存:407.08M (峰值 407.08M) | 时间:00:00.54 | Mem:0.00M, Peak:0.00M | 烟雨江南 · 雪月江南, 视图层 | Synchronizing object | JN_雨丝.164
帧:80 内存:407.10M (峰值 407.10M) | 时间:00:00.54 | Mem:0.00M, Peak:0.00M | 烟雨江南 · 雪月江南, 视图层 | Synchronizing object | JN_雨丝.165
帧:80 内存:407.11M (峰值 407.11M) | 时间:00:00.54 | Mem:0.00M, Peak:0.00M | 烟雨江南 · 雪月江南, 视图层 | Synchronizing object | JN_雨丝.166
帧:80 内存:407.13M (峰值 407.13M) | 时间:00:00.54 | Mem:0.00M, Peak:0.00M | 烟雨江南 · 雪月江南, 视图层 | Synchronizing object | JN_雨丝.167
帧:80 内存:407.15M (峰值 407.15M) | 时间:00:00.54 | Mem:0.00M, Peak:0.00M | 烟雨江南 · 雪月江南, 视图层 | Synchronizing object | JN_雨丝.168
帧:80 内存:407.17M (峰值 407.17M) | 时间:00:00.54 | Mem:0.00M, Peak:0.00M | 烟雨江南 · 雪月江南, 视图层 | Synchronizing object | JN_雨丝.169
帧:80 内存:407.19M (峰值 407.19M) | 时间:00:00.54 | Mem:0.00M, Peak:0.00M | 烟雨江南 · 雪月江南, 视图层 | Synchronizing object | JN_雨丝.170
帧:80 内存:407.21M (峰值 407.21M) | 时间:00:00.54 | Mem:0.00M, Peak:0.00M | 烟雨江南 · 雪月江南, 视图层 | Synchronizing object | JN_雨丝.171
帧:80 内存:407.23M (峰值 407.23M) | 时间:00:00.54 | Mem:0.00M, Peak:0.00M | 烟雨江南 · 雪月江南, 视图层 | Synchronizing object | JN_雨丝.172
帧:80 内存:407.25M (峰值 407.25M) | 时间:00:00.54 | Mem:0.00M, Peak:0.00M | 烟雨江南 · 雪月江南, 视图层 | Synchronizing object | JN_雨丝.173
帧:80 内存:407.27M (峰值 407.27M) | 时间:00:00.54 | Mem:0.00M, Peak:0.00M | 烟雨江南 · 雪月江南, 视图层 | Synchronizing object | JN_雨丝.174
帧:80 内存:407.29M (峰值 407.29M) | 时间:00:00.54 | Mem:0.00M, Peak:0.00M | 烟雨江南 · 雪月江南, 视图层 | Synchronizing object | JN_雨丝.175
帧:80 内存:407.30M (峰值 407.30M) | 时间:00:00.54 | Mem:0.00M, Peak:0.00M | 烟雨江南 · 雪月江南, 视图层 | Synchronizing object | JN_雨丝.176
帧:80 内存:407.32M (峰值 407.32M) | 时间:00:00.54 | Mem:0.00M, Peak:0.00M | 烟雨江南 · 雪月江南, 视图层 | Synchronizing object | JN_雨丝.177
帧:80 内存:407.34M (峰值 407.34M) | 时间:00:00.54 | Mem:0.00M, Peak:0.00M | 烟雨江南 · 雪月江南, 视图层 | Synchronizing object | JN_雨丝.178
帧:80 内存:407.36M (峰值 407.36M) | 时间:00:00.54 | Mem:0.00M, Peak:0.00M | 烟雨江南 · 雪月江南, 视图层 | Synchronizing object | JN_雨丝.179
帧:80 内存:407.38M (峰值 407.38M) | 时间:00:00.54 | Mem:0.00M, Peak:0.00M | 烟雨江南 · 雪月江南, 视图层 | Synchronizing object | JN_雨丝.180
帧:80 内存:407.40M (峰值 407.40M) | 时间:00:00.54 | Mem:0.00M, Peak:0.00M | 烟雨江南 · 雪月江南, 视图层 | Synchronizing object | JN_雨丝.181
帧:80 内存:407.42M (峰值 407.42M) | 时间:00:00.54 | Mem:0.00M, Peak:0.00M | 烟雨江南 · 雪月江南, 视图层 | Synchronizing object | JN_雨丝.182
帧:80 内存:407.44M (峰值 407.44M) | 时间:00:00.54 | Mem:0.00M, Peak:0.00M | 烟雨江南 · 雪月江南, 视图层 | Synchronizing object | JN_雨丝.183
帧:80 内存:407.46M (峰值 407.46M) | 时间:00:00.54 | Mem:0.00M, Peak:0.00M | 烟雨江南 · 雪月江南, 视图层 | Synchronizing object | JN_雨丝.184
帧:80 内存:407.47M (峰值 407.47M) | 时间:00:00.54 | Mem:0.00M, Peak:0.00M | 烟雨江南 · 雪月江南, 视图层 | Synchronizing object | JN_雨丝.185
帧:80 内存:407.49M (峰值 407.49M) | 时间:00:00.54 | Mem:0.00M, Peak:0.00M | 烟雨江南 · 雪月江南, 视图层 | Synchronizing object | JN_雨丝.186
帧:80 内存:407.51M (峰值 407.51M) | 时间:00:00.54 | Mem:0.00M, Peak:0.00M | 烟雨江南 · 雪月江南, 视图层 | Synchronizing object | JN_雨丝.187
帧:80 内存:407.53M (峰值 407.53M) | 时间:00:00.54 | Mem:0.00M, Peak:0.00M | 烟雨江南 · 雪月江南, 视图层 | Synchronizing object | JN_雨丝.188
帧:80 内存:407.55M (峰值 407.55M) | 时间:00:00.54 | Mem:0.00M, Peak:0.00M | 烟雨江南 · 雪月江南, 视图层 | Synchronizing object | JN_雨丝.189
帧:80 内存:407.57M (峰值 407.57M) | 时间:00:00.54 | Mem:0.00M, Peak:0.00M | 烟雨江南 · 雪月江南, 视图层 | Synchronizing object | JN_雨丝.190
帧:80 内存:407.59M (峰值 407.59M) | 时间:00:00.54 | Mem:0.00M, Peak:0.00M | 烟雨江南 · 雪月江南, 视图层 | Synchronizing object | JN_雨丝.191
帧:80 内存:407.61M (峰值 407.61M) | 时间:00:00.54 | Mem:0.00M, Peak:0.00M | 烟雨江南 · 雪月江南, 视图层 | Synchronizing object | JN_雨丝.192
帧:80 内存:407.63M (峰值 407.63M) | 时间:00:00.54 | Mem:0.00M, Peak:0.00M | 烟雨江南 · 雪月江南, 视图层 | Synchronizing object | JN_雨丝.193
帧:80 内存:407.65M (峰值 407.65M) | 时间:00:00.54 | Mem:0.00M, Peak:0.00M | 烟雨江南 · 雪月江南, 视图层 | Synchronizing object | JN_雨丝.194
帧:80 内存:407.66M (峰值 407.66M) | 时间:00:00.54 | Mem:0.00M, Peak:0.00M | 烟雨江南 · 雪月江南, 视图层 | Synchronizing object | JN_雨丝.195
帧:80 内存:407.68M (峰值 407.68M) | 时间:00:00.54 | Mem:0.00M, Peak:0.00M | 烟雨江南 · 雪月江南, 视图层 | Synchronizing object | JN_雨丝.196
帧:80 内存:407.70M (峰值 407.70M) | 时间:00:00.54 | Mem:0.00M, Peak:0.00M | 烟雨江南 · 雪月江南, 视图层 | Synchronizing object | JN_雨丝.197
帧:80 内存:407.72M (峰值 407.72M) | 时间:00:00.54 | Mem:0.00M, Peak:0.00M | 烟雨江南 · 雪月江南, 视图层 | Synchronizing object | JN_雨丝.198
帧:80 内存:407.74M (峰值 407.74M) | 时间:00:00.54 | Mem:0.00M, Peak:0.00M | 烟雨江南 · 雪月江南, 视图层 | Synchronizing object | JN_雨丝.199
帧:80 内存:407.76M (峰值 407.76M) | 时间:00:00.54 | Mem:0.00M, Peak:0.00M | 烟雨江南 · 雪月江南, 视图层 | Synchronizing object | JN_雨丝.200
帧:80 内存:407.78M (峰值 407.78M) | 时间:00:00.54 | Mem:0.00M, Peak:0.00M | 烟雨江南 · 雪月江南, 视图层 | Synchronizing object | JN_雨丝.201
帧:80 内存:407.80M (峰值 407.80M) | 时间:00:00.54 | Mem:0.00M, Peak:0.00M | 烟雨江南 · 雪月江南, 视图层 | Synchronizing object | JN_雨丝.202
帧:80 内存:407.82M (峰值 407.82M) | 时间:00:00.54 | Mem:0.00M, Peak:0.00M | 烟雨江南 · 雪月江南, 视图层 | Synchronizing object | JN_雨丝.203
帧:80 内存:407.83M (峰值 407.83M) | 时间:00:00.55 | Mem:0.00M, Peak:0.00M | 烟雨江南 · 雪月江南, 视图层 | Synchronizing object | JN_雨丝.204
帧:80 内存:407.85M (峰值 407.85M) | 时间:00:00.55 | Mem:0.00M, Peak:0.00M | 烟雨江南 · 雪月江南, 视图层 | Synchronizing object | JN_雨丝.205
帧:80 内存:407.87M (峰值 407.87M) | 时间:00:00.55 | Mem:0.00M, Peak:0.00M | 烟雨江南 · 雪月江南, 视图层 | Synchronizing object | JN_雨丝.206
帧:80 内存:407.89M (峰值 407.89M) | 时间:00:00.55 | Mem:0.00M, Peak:0.00M | 烟雨江南 · 雪月江南, 视图层 | Synchronizing object | JN_雨丝.207
帧:80 内存:407.91M (峰值 407.91M) | 时间:00:00.55 | Mem:0.00M, Peak:0.00M | 烟雨江南 · 雪月江南, 视图层 | Synchronizing object | JN_雨丝.208
帧:80 内存:407.93M (峰值 407.93M) | 时间:00:00.55 | Mem:0.00M, Peak:0.00M | 烟雨江南 · 雪月江南, 视图层 | Synchronizing object | JN_雨丝.209
帧:80 内存:407.95M (峰值 407.95M) | 时间:00:00.55 | Mem:0.00M, Peak:0.00M | 烟雨江南 · 雪月江南, 视图层 | Synchronizing object | JN_雨丝.210
帧:80 内存:407.97M (峰值 407.97M) | 时间:00:00.55 | Mem:0.00M, Peak:0.00M | 烟雨江南 · 雪月江南, 视图层 | Synchronizing object | JN_雨丝.211
帧:80 内存:407.99M (峰值 407.99M) | 时间:00:00.55 | Mem:0.00M, Peak:0.00M | 烟雨江南 · 雪月江南, 视图层 | Synchronizing object | JN_雨丝.212
帧:80 内存:408.01M (峰值 408.01M) | 时间:00:00.55 | Mem:0.00M, Peak:0.00M | 烟雨江南 · 雪月江南, 视图层 | Synchronizing object | JN_雨丝.213
帧:80 内存:408.02M (峰值 408.02M) | 时间:00:00.55 | Mem:0.00M, Peak:0.00M | 烟雨江南 · 雪月江南, 视图层 | Synchronizing object | JN_雨丝.214
帧:80 内存:408.04M (峰值 408.04M) | 时间:00:00.55 | Mem:0.00M, Peak:0.00M | 烟雨江南 · 雪月江南, 视图层 | Synchronizing object | JN_雨丝.215
帧:80 内存:408.06M (峰值 408.06M) | 时间:00:00.55 | Mem:0.00M, Peak:0.00M | 烟雨江南 · 雪月江南, 视图层 | Synchronizing object | JN_雨丝.216
帧:80 内存:408.08M (峰值 408.08M) | 时间:00:00.55 | Mem:0.00M, Peak:0.00M | 烟雨江南 · 雪月江南, 视图层 | Synchronizing object | JN_雨丝.217
帧:80 内存:408.10M (峰值 408.10M) | 时间:00:00.55 | Mem:0.00M, Peak:0.00M | 烟雨江南 · 雪月江南, 视图层 | Synchronizing object | JN_雨丝.218
帧:80 内存:408.12M (峰值 408.12M) | 时间:00:00.55 | Mem:0.00M, Peak:0.00M | 烟雨江南 · 雪月江南, 视图层 | Synchronizing object | JN_雨丝.219
帧:80 内存:408.14M (峰值 408.14M) | 时间:00:00.55 | Mem:0.00M, Peak:0.00M | 烟雨江南 · 雪月江南, 视图层 | Synchronizing object | JN_雨丝.220
帧:80 内存:408.16M (峰值 408.16M) | 时间:00:00.55 | Mem:0.00M, Peak:0.00M | 烟雨江南 · 雪月江南, 视图层 | Synchronizing object | JN_雨丝.221
帧:80 内存:408.18M (峰值 408.18M) | 时间:00:00.55 | Mem:0.00M, Peak:0.00M | 烟雨江南 · 雪月江南, 视图层 | Synchronizing object | JN_雨丝.222
帧:80 内存:408.21M (峰值 408.21M) | 时间:00:00.55 | Mem:0.00M, Peak:0.00M | 烟雨江南 · 雪月江南, 视图层 | Synchronizing object | JN_雨丝.223
帧:80 内存:408.23M (峰值 408.23M) | 时间:00:00.55 | Mem:0.00M, Peak:0.00M | 烟雨江南 · 雪月江南, 视图层 | Synchronizing object | JN_雨丝.224
帧:80 内存:408.25M (峰值 408.25M) | 时间:00:00.55 | Mem:0.00M, Peak:0.00M | 烟雨江南 · 雪月江南, 视图层 | Synchronizing object | JN_雨丝.225
帧:80 内存:408.26M (峰值 408.26M) | 时间:00:00.55 | Mem:0.00M, Peak:0.00M | 烟雨江南 · 雪月江南, 视图层 | Synchronizing object | JN_雨丝.226
帧:80 内存:408.28M (峰值 408.28M) | 时间:00:00.55 | Mem:0.00M, Peak:0.00M | 烟雨江南 · 雪月江南, 视图层 | Synchronizing object | JN_雨丝.227
帧:80 内存:408.30M (峰值 408.30M) | 时间:00:00.55 | Mem:0.00M, Peak:0.00M | 烟雨江南 · 雪月江南, 视图层 | Synchronizing object | JN_雨丝.228
帧:80 内存:408.32M (峰值 408.32M) | 时间:00:00.55 | Mem:0.00M, Peak:0.00M | 烟雨江南 · 雪月江南, 视图层 | Synchronizing object | JN_雨丝.229
帧:80 内存:408.34M (峰值 408.34M) | 时间:00:00.55 | Mem:0.00M, Peak:0.00M | 烟雨江南 · 雪月江南, 视图层 | Synchronizing object | JN_雨丝.230
帧:80 内存:408.36M (峰值 408.36M) | 时间:00:00.55 | Mem:0.00M, Peak:0.00M | 烟雨江南 · 雪月江南, 视图层 | Synchronizing object | JN_雨丝.231
帧:80 内存:408.38M (峰值 408.38M) | 时间:00:00.55 | Mem:0.00M, Peak:0.00M | 烟雨江南 · 雪月江南, 视图层 | Synchronizing object | JN_雨丝.232
帧:80 内存:408.40M (峰值 408.40M) | 时间:00:00.55 | Mem:0.00M, Peak:0.00M | 烟雨江南 · 雪月江南, 视图层 | Synchronizing object | JN_雨丝.233
帧:80 内存:408.42M (峰值 408.42M) | 时间:00:00.55 | Mem:0.00M, Peak:0.00M | 烟雨江南 · 雪月江南, 视图层 | Synchronizing object | JN_雨丝.234
帧:80 内存:408.44M (峰值 408.44M) | 时间:00:00.55 | Mem:0.00M, Peak:0.00M | 烟雨江南 · 雪月江南, 视图层 | Synchronizing object | JN_雨丝.235
帧:80 内存:408.45M (峰值 408.45M) | 时间:00:00.55 | Mem:0.00M, Peak:0.00M | 烟雨江南 · 雪月江南, 视图层 | Synchronizing object | JN_雨丝.236
帧:80 内存:408.47M (峰值 408.47M) | 时间:00:00.55 | Mem:0.00M, Peak:0.00M | 烟雨江南 · 雪月江南, 视图层 | Synchronizing object | JN_雨丝.237
帧:80 内存:408.49M (峰值 408.49M) | 时间:00:00.55 | Mem:0.00M, Peak:0.00M | 烟雨江南 · 雪月江南, 视图层 | Synchronizing object | JN_雨丝.238
帧:80 内存:408.51M (峰值 408.51M) | 时间:00:00.55 | Mem:0.00M, Peak:0.00M | 烟雨江南 · 雪月江南, 视图层 | Synchronizing object | JN_雨丝.239
帧:80 内存:408.53M (峰值 408.53M) | 时间:00:00.55 | Mem:0.00M, Peak:0.00M | 烟雨江南 · 雪月江南, 视图层 | Synchronizing object | JN_雨丝.240
帧:80 内存:408.55M (峰值 408.55M) | 时间:00:00.55 | Mem:0.00M, Peak:0.00M | 烟雨江南 · 雪月江南, 视图层 | Synchronizing object | JN_雨丝.241
帧:80 内存:408.57M (峰值 408.57M) | 时间:00:00.55 | Mem:0.00M, Peak:0.00M | 烟雨江南 · 雪月江南, 视图层 | Synchronizing object | JN_雨丝.242
帧:80 内存:408.59M (峰值 408.59M) | 时间:00:00.55 | Mem:0.00M, Peak:0.00M | 烟雨江南 · 雪月江南, 视图层 | Synchronizing object | JN_雨丝.243
帧:80 内存:408.61M (峰值 408.61M) | 时间:00:00.55 | Mem:0.00M, Peak:0.00M | 烟雨江南 · 雪月江南, 视图层 | Synchronizing object | JN_雨丝.244
帧:80 内存:408.62M (峰值 408.62M) | 时间:00:00.55 | Mem:0.00M, Peak:0.00M | 烟雨江南 · 雪月江南, 视图层 | Synchronizing object | JN_雨丝.245
帧:80 内存:408.64M (峰值 408.64M) | 时间:00:00.55 | Mem:0.00M, Peak:0.00M | 烟雨江南 · 雪月江南, 视图层 | Synchronizing object | JN_雨丝.246
帧:80 内存:408.66M (峰值 408.66M) | 时间:00:00.55 | Mem:0.00M, Peak:0.00M | 烟雨江南 · 雪月江南, 视图层 | Synchronizing object | JN_雨丝.247
帧:80 内存:408.68M (峰值 408.68M) | 时间:00:00.55 | Mem:0.00M, Peak:0.00M | 烟雨江南 · 雪月江南, 视图层 | Synchronizing object | JN_雨丝.248
帧:80 内存:408.70M (峰值 408.70M) | 时间:00:00.55 | Mem:0.00M, Peak:0.00M | 烟雨江南 · 雪月江南, 视图层 | Synchronizing object | JN_雨丝.249
帧:80 内存:408.72M (峰值 408.72M) | 时间:00:00.55 | Mem:0.00M, Peak:0.00M | 烟雨江南 · 雪月江南, 视图层 | Synchronizing object | JN_雨丝.250
帧:80 内存:408.74M (峰值 408.74M) | 时间:00:00.55 | Mem:0.00M, Peak:0.00M | 烟雨江南 · 雪月江南, 视图层 | Synchronizing object | JN_雨丝.251
帧:80 内存:408.76M (峰值 408.76M) | 时间:00:00.55 | Mem:0.00M, Peak:0.00M | 烟雨江南 · 雪月江南, 视图层 | Synchronizing object | JN_雨丝.252
帧:80 内存:408.78M (峰值 408.78M) | 时间:00:00.55 | Mem:0.00M, Peak:0.00M | 烟雨江南 · 雪月江南, 视图层 | Synchronizing object | JN_雨丝.253
帧:80 内存:408.80M (峰值 408.80M) | 时间:00:00.55 | Mem:0.00M, Peak:0.00M | 烟雨江南 · 雪月江南, 视图层 | Synchronizing object | JN_雨丝.254
帧:80 内存:408.81M (峰值 408.81M) | 时间:00:00.55 | Mem:0.00M, Peak:0.00M | 烟雨江南 · 雪月江南, 视图层 | Synchronizing object | JN_雨丝.255
帧:80 内存:408.83M (峰值 408.83M) | 时间:00:00.55 | Mem:0.00M, Peak:0.00M | 烟雨江南 · 雪月江南, 视图层 | Synchronizing object | JN_雨丝.256
帧:80 内存:408.85M (峰值 408.85M) | 时间:00:00.55 | Mem:0.00M, Peak:0.00M | 烟雨江南 · 雪月江南, 视图层 | Synchronizing object | JN_雨丝.257
帧:80 内存:408.87M (峰值 408.87M) | 时间:00:00.55 | Mem:0.00M, Peak:0.00M | 烟雨江南 · 雪月江南, 视图层 | Synchronizing object | JN_雨丝.258
帧:80 内存:408.89M (峰值 408.89M) | 时间:00:00.55 | Mem:0.00M, Peak:0.00M | 烟雨江南 · 雪月江南, 视图层 | Synchronizing object | JN_雨丝.259
帧:80 内存:408.91M (峰值 408.91M) | 时间:00:00.55 | Mem:0.00M, Peak:0.00M | 烟雨江南 · 雪月江南, 视图层 | Synchronizing object | JN_雨丝.260
帧:80 内存:408.93M (峰值 408.93M) | 时间:00:00.55 | Mem:0.00M, Peak:0.00M | 烟雨江南 · 雪月江南, 视图层 | Synchronizing object | JN_雨丝.261
帧:80 内存:408.95M (峰值 408.95M) | 时间:00:00.55 | Mem:0.00M, Peak:0.00M | 烟雨江南 · 雪月江南, 视图层 | Synchronizing object | JN_雨丝.262
帧:80 内存:408.97M (峰值 408.97M) | 时间:00:00.55 | Mem:0.00M, Peak:0.00M | 烟雨江南 · 雪月江南, 视图层 | Synchronizing object | JN_雨丝.263
帧:80 内存:408.98M (峰值 408.98M) | 时间:00:00.55 | Mem:0.00M, Peak:0.00M | 烟雨江南 · 雪月江南, 视图层 | Synchronizing object | JN_雨丝.264
帧:80 内存:409.00M (峰值 409.00M) | 时间:00:00.55 | Mem:0.00M, Peak:0.00M | 烟雨江南 · 雪月江南, 视图层 | Synchronizing object | JN_雨丝.265
帧:80 内存:409.02M (峰值 409.02M) | 时间:00:00.55 | Mem:0.00M, Peak:0.00M | 烟雨江南 · 雪月江南, 视图层 | Synchronizing object | JN_雨丝.266
帧:80 内存:409.04M (峰值 409.04M) | 时间:00:00.55 | Mem:0.00M, Peak:0.00M | 烟雨江南 · 雪月江南, 视图层 | Synchronizing object | JN_雨丝.267
帧:80 内存:409.06M (峰值 409.06M) | 时间:00:00.55 | Mem:0.00M, Peak:0.00M | 烟雨江南 · 雪月江南, 视图层 | Synchronizing object | JN_雨丝.268
帧:80 内存:409.08M (峰值 409.08M) | 时间:00:00.55 | Mem:0.00M, Peak:0.00M | 烟雨江南 · 雪月江南, 视图层 | Synchronizing object | JN_雨丝.269
帧:80 内存:409.10M (峰值 409.10M) | 时间:00:00.55 | Mem:0.00M, Peak:0.00M | 烟雨江南 · 雪月江南, 视图层 | Synchronizing object | JN_雨丝.270
帧:80 内存:409.12M (峰值 409.12M) | 时间:00:00.56 | Mem:0.00M, Peak:0.00M | 烟雨江南 · 雪月江南, 视图层 | Synchronizing object | JN_雨丝.271
帧:80 内存:409.14M (峰值 409.14M) | 时间:00:00.56 | Mem:0.00M, Peak:0.00M | 烟雨江南 · 雪月江南, 视图层 | Synchronizing object | JN_雨丝.272
帧:80 内存:409.16M (峰值 409.16M) | 时间:00:00.56 | Mem:0.00M, Peak:0.00M | 烟雨江南 · 雪月江南, 视图层 | Synchronizing object | JN_雨丝.273
帧:80 内存:409.17M (峰值 409.17M) | 时间:00:00.56 | Mem:0.00M, Peak:0.00M | 烟雨江南 · 雪月江南, 视图层 | Synchronizing object | JN_雨丝.274
帧:80 内存:409.19M (峰值 409.19M) | 时间:00:00.56 | Mem:0.00M, Peak:0.00M | 烟雨江南 · 雪月江南, 视图层 | Synchronizing object | JN_雨丝.275
帧:80 内存:409.21M (峰值 409.21M) | 时间:00:00.56 | Mem:0.00M, Peak:0.00M | 烟雨江南 · 雪月江南, 视图层 | Synchronizing object | JN_雨丝.276
帧:80 内存:409.23M (峰值 409.23M) | 时间:00:00.56 | Mem:0.00M, Peak:0.00M | 烟雨江南 · 雪月江南, 视图层 | Synchronizing object | JN_雨丝.277
帧:80 内存:409.25M (峰值 409.25M) | 时间:00:00.56 | Mem:0.00M, Peak:0.00M | 烟雨江南 · 雪月江南, 视图层 | Synchronizing object | JN_雨丝.278
帧:80 内存:409.27M (峰值 409.27M) | 时间:00:00.56 | Mem:0.00M, Peak:0.00M | 烟雨江南 · 雪月江南, 视图层 | Synchronizing object | JN_雨丝.279
帧:80 内存:409.29M (峰值 409.29M) | 时间:00:00.56 | Mem:0.00M, Peak:0.00M | 烟雨江南 · 雪月江南, 视图层 | Synchronizing object | JN_雨丝.280
帧:80 内存:409.31M (峰值 409.31M) | 时间:00:00.56 | Mem:0.00M, Peak:0.00M | 烟雨江南 · 雪月江南, 视图层 | Synchronizing object | JN_雨丝.281
帧:80 内存:409.33M (峰值 409.33M) | 时间:00:00.56 | Mem:0.00M, Peak:0.00M | 烟雨江南 · 雪月江南, 视图层 | Synchronizing object | JN_雨丝.282
帧:80 内存:409.35M (峰值 409.35M) | 时间:00:00.56 | Mem:0.00M, Peak:0.00M | 烟雨江南 · 雪月江南, 视图层 | Synchronizing object | JN_雨丝.283
帧:80 内存:409.36M (峰值 409.36M) | 时间:00:00.56 | Mem:0.00M, Peak:0.00M | 烟雨江南 · 雪月江南, 视图层 | Synchronizing object | JN_雨丝.284
帧:80 内存:409.38M (峰值 409.38M) | 时间:00:00.56 | Mem:0.00M, Peak:0.00M | 烟雨江南 · 雪月江南, 视图层 | Synchronizing object | JN_雨丝.285
帧:80 内存:409.40M (峰值 409.40M) | 时间:00:00.56 | Mem:0.00M, Peak:0.00M | 烟雨江南 · 雪月江南, 视图层 | Synchronizing object | JN_雨丝.286
帧:80 内存:409.42M (峰值 409.42M) | 时间:00:00.56 | Mem:0.00M, Peak:0.00M | 烟雨江南 · 雪月江南, 视图层 | Synchronizing object | JN_雨丝.287
帧:80 内存:409.44M (峰值 409.44M) | 时间:00:00.56 | Mem:0.00M, Peak:0.00M | 烟雨江南 · 雪月江南, 视图层 | Synchronizing object | JN_雨丝.288
帧:80 内存:409.46M (峰值 409.46M) | 时间:00:00.56 | Mem:0.00M, Peak:0.00M | 烟雨江南 · 雪月江南, 视图层 | Synchronizing object | JN_雨丝.289
帧:80 内存:409.48M (峰值 409.48M) | 时间:00:00.56 | Mem:0.00M, Peak:0.00M | 烟雨江南 · 雪月江南, 视图层 | Synchronizing object | JN_雨丝.290
帧:80 内存:409.50M (峰值 409.50M) | 时间:00:00.56 | Mem:0.00M, Peak:0.00M | 烟雨江南 · 雪月江南, 视图层 | Synchronizing object | JN_雨丝.291
帧:80 内存:409.52M (峰值 409.52M) | 时间:00:00.56 | Mem:0.00M, Peak:0.00M | 烟雨江南 · 雪月江南, 视图层 | Synchronizing object | JN_雨丝.292
帧:80 内存:409.53M (峰值 409.53M) | 时间:00:00.56 | Mem:0.00M, Peak:0.00M | 烟雨江南 · 雪月江南, 视图层 | Synchronizing object | JN_雨丝.293
帧:80 内存:409.55M (峰值 409.55M) | 时间:00:00.56 | Mem:0.00M, Peak:0.00M | 烟雨江南 · 雪月江南, 视图层 | Synchronizing object | JN_雨丝.294
帧:80 内存:409.57M (峰值 409.57M) | 时间:00:00.56 | Mem:0.00M, Peak:0.00M | 烟雨江南 · 雪月江南, 视图层 | Synchronizing object | JN_雨丝.295
帧:80 内存:409.59M (峰值 409.59M) | 时间:00:00.56 | Mem:0.00M, Peak:0.00M | 烟雨江南 · 雪月江南, 视图层 | Synchronizing object | JN_雨丝.296
帧:80 内存:409.61M (峰值 409.61M) | 时间:00:00.56 | Mem:0.00M, Peak:0.00M | 烟雨江南 · 雪月江南, 视图层 | Synchronizing object | JN_雨丝.297
帧:80 内存:409.63M (峰值 409.63M) | 时间:00:00.56 | Mem:0.00M, Peak:0.00M | 烟雨江南 · 雪月江南, 视图层 | Synchronizing object | JN_雨丝.298
帧:80 内存:409.65M (峰值 409.65M) | 时间:00:00.56 | Mem:0.00M, Peak:0.00M | 烟雨江南 · 雪月江南, 视图层 | Synchronizing object | JN_雨丝.299
帧:80 内存:409.67M (峰值 409.67M) | 时间:00:00.56 | Mem:0.00M, Peak:0.00M | 烟雨江南 · 雪月江南, 视图层 | Synchronizing object | JN_雨丝.300
帧:80 内存:409.69M (峰值 409.69M) | 时间:00:00.56 | Mem:0.00M, Peak:0.00M | 烟雨江南 · 雪月江南, 视图层 | Synchronizing object | JN_雨丝.301
帧:80 内存:409.71M (峰值 409.71M) | 时间:00:00.56 | Mem:0.00M, Peak:0.00M | 烟雨江南 · 雪月江南, 视图层 | Synchronizing object | JN_雨丝.302
帧:80 内存:409.72M (峰值 409.72M) | 时间:00:00.56 | Mem:0.00M, Peak:0.00M | 烟雨江南 · 雪月江南, 视图层 | Synchronizing object | JN_雨丝.303
帧:80 内存:409.74M (峰值 409.74M) | 时间:00:00.56 | Mem:0.00M, Peak:0.00M | 烟雨江南 · 雪月江南, 视图层 | Synchronizing object | JN_雨丝.304
帧:80 内存:409.76M (峰值 409.76M) | 时间:00:00.56 | Mem:0.00M, Peak:0.00M | 烟雨江南 · 雪月江南, 视图层 | Synchronizing object | JN_雨丝.305
帧:80 内存:409.78M (峰值 409.78M) | 时间:00:00.56 | Mem:0.00M, Peak:0.00M | 烟雨江南 · 雪月江南, 视图层 | Synchronizing object | JN_雨丝.306
帧:80 内存:409.80M (峰值 409.80M) | 时间:00:00.56 | Mem:0.00M, Peak:0.00M | 烟雨江南 · 雪月江南, 视图层 | Synchronizing object | JN_雨丝.307
帧:80 内存:409.82M (峰值 409.82M) | 时间:00:00.56 | Mem:0.00M, Peak:0.00M | 烟雨江南 · 雪月江南, 视图层 | Synchronizing object | JN_雨丝.308
帧:80 内存:409.84M (峰值 409.84M) | 时间:00:00.56 | Mem:0.00M, Peak:0.00M | 烟雨江南 · 雪月江南, 视图层 | Synchronizing object | JN_雨丝.309
帧:80 内存:409.86M (峰值 409.86M) | 时间:00:00.56 | Mem:0.00M, Peak:0.00M | 烟雨江南 · 雪月江南, 视图层 | Synchronizing object | JN_雨丝.310
帧:80 内存:409.88M (峰值 409.88M) | 时间:00:00.56 | Mem:0.00M, Peak:0.00M | 烟雨江南 · 雪月江南, 视图层 | Synchronizing object | JN_雨丝.311
帧:80 内存:409.90M (峰值 409.90M) | 时间:00:00.56 | Mem:0.00M, Peak:0.00M | 烟雨江南 · 雪月江南, 视图层 | Synchronizing object | JN_雨丝.312
帧:80 内存:409.91M (峰值 409.91M) | 时间:00:00.56 | Mem:0.00M, Peak:0.00M | 烟雨江南 · 雪月江南, 视图层 | Synchronizing object | JN_雨丝.313
帧:80 内存:409.93M (峰值 409.93M) | 时间:00:00.56 | Mem:0.00M, Peak:0.00M | 烟雨江南 · 雪月江南, 视图层 | Synchronizing object | JN_雨丝.314
帧:80 内存:409.95M (峰值 409.95M) | 时间:00:00.56 | Mem:0.00M, Peak:0.00M | 烟雨江南 · 雪月江南, 视图层 | Synchronizing object | JN_雨丝.315
帧:80 内存:409.97M (峰值 409.97M) | 时间:00:00.56 | Mem:0.00M, Peak:0.00M | 烟雨江南 · 雪月江南, 视图层 | Synchronizing object | JN_雨丝.316
帧:80 内存:409.99M (峰值 409.99M) | 时间:00:00.56 | Mem:0.00M, Peak:0.00M | 烟雨江南 · 雪月江南, 视图层 | Synchronizing object | JN_雨丝.317
帧:80 内存:410.01M (峰值 410.01M) | 时间:00:00.56 | Mem:0.00M, Peak:0.00M | 烟雨江南 · 雪月江南, 视图层 | Synchronizing object | JN_雨丝.318
帧:80 内存:410.03M (峰值 410.03M) | 时间:00:00.56 | Mem:0.00M, Peak:0.00M | 烟雨江南 · 雪月江南, 视图层 | Synchronizing object | JN_雨丝.319
帧:80 内存:410.05M (峰值 410.05M) | 时间:00:00.56 | Mem:0.00M, Peak:0.00M | 烟雨江南 · 雪月江南, 视图层 | Synchronizing object | JN_雨丝.320
帧:80 内存:410.07M (峰值 410.07M) | 时间:00:00.56 | Mem:0.00M, Peak:0.00M | 烟雨江南 · 雪月江南, 视图层 | Synchronizing object | JN_雨丝.321
帧:80 内存:410.08M (峰值 410.08M) | 时间:00:00.56 | Mem:0.00M, Peak:0.00M | 烟雨江南 · 雪月江南, 视图层 | Synchronizing object | JN_雨丝.322
帧:80 内存:410.10M (峰值 410.10M) | 时间:00:00.56 | Mem:0.00M, Peak:0.00M | 烟雨江南 · 雪月江南, 视图层 | Synchronizing object | JN_雨丝.323
帧:80 内存:410.12M (峰值 410.12M) | 时间:00:00.56 | Mem:0.00M, Peak:0.00M | 烟雨江南 · 雪月江南, 视图层 | Synchronizing object | JN_雨丝.324
帧:80 内存:410.14M (峰值 410.14M) | 时间:00:00.56 | Mem:0.00M, Peak:0.00M | 烟雨江南 · 雪月江南, 视图层 | Synchronizing object | JN_雨丝.325
帧:80 内存:410.16M (峰值 410.16M) | 时间:00:00.56 | Mem:0.00M, Peak:0.00M | 烟雨江南 · 雪月江南, 视图层 | Synchronizing object | JN_雨丝.326
帧:80 内存:410.18M (峰值 410.18M) | 时间:00:00.56 | Mem:0.00M, Peak:0.00M | 烟雨江南 · 雪月江南, 视图层 | Synchronizing object | JN_雨丝.327
帧:80 内存:410.20M (峰值 410.20M) | 时间:00:00.56 | Mem:0.00M, Peak:0.00M | 烟雨江南 · 雪月江南, 视图层 | Synchronizing object | JN_雨丝.328
帧:80 内存:410.22M (峰值 410.22M) | 时间:00:00.56 | Mem:0.00M, Peak:0.00M | 烟雨江南 · 雪月江南, 视图层 | Synchronizing object | JN_雨丝.329
帧:80 内存:410.24M (峰值 410.24M) | 时间:00:00.56 | Mem:0.00M, Peak:0.00M | 烟雨江南 · 雪月江南, 视图层 | Synchronizing object | JN_雨丝.330
帧:80 内存:410.26M (峰值 410.26M) | 时间:00:00.56 | Mem:0.00M, Peak:0.00M | 烟雨江南 · 雪月江南, 视图层 | Synchronizing object | JN_雨丝.331
帧:80 内存:410.27M (峰值 410.27M) | 时间:00:00.56 | Mem:0.00M, Peak:0.00M | 烟雨江南 · 雪月江南, 视图层 | Synchronizing object | JN_雨丝.332
帧:80 内存:410.29M (峰值 410.29M) | 时间:00:00.56 | Mem:0.00M, Peak:0.00M | 烟雨江南 · 雪月江南, 视图层 | Synchronizing object | JN_雨丝.333
帧:80 内存:410.31M (峰值 410.31M) | 时间:00:00.56 | Mem:0.00M, Peak:0.00M | 烟雨江南 · 雪月江南, 视图层 | Synchronizing object | JN_雨丝.334
帧:80 内存:410.33M (峰值 410.33M) | 时间:00:00.56 | Mem:0.00M, Peak:0.00M | 烟雨江南 · 雪月江南, 视图层 | Synchronizing object | JN_雨丝.335
帧:80 内存:410.35M (峰值 410.35M) | 时间:00:00.56 | Mem:0.00M, Peak:0.00M | 烟雨江南 · 雪月江南, 视图层 | Synchronizing object | JN_雨丝.336
帧:80 内存:410.37M (峰值 410.37M) | 时间:00:00.57 | Mem:0.00M, Peak:0.00M | 烟雨江南 · 雪月江南, 视图层 | Synchronizing object | JN_雨丝.337
帧:80 内存:410.39M (峰值 410.39M) | 时间:00:00.57 | Mem:0.00M, Peak:0.00M | 烟雨江南 · 雪月江南, 视图层 | Synchronizing object | JN_雨丝.338
帧:80 内存:410.41M (峰值 410.41M) | 时间:00:00.57 | Mem:0.00M, Peak:0.00M | 烟雨江南 · 雪月江南, 视图层 | Synchronizing object | JN_雨丝.339
帧:80 内存:410.43M (峰值 410.43M) | 时间:00:00.57 | Mem:0.00M, Peak:0.00M | 烟雨江南 · 雪月江南, 视图层 | Synchronizing object | JN_雨丝.340
帧:80 内存:410.45M (峰值 410.45M) | 时间:00:00.57 | Mem:0.00M, Peak:0.00M | 烟雨江南 · 雪月江南, 视图层 | Synchronizing object | JN_雨丝.341
帧:80 内存:410.46M (峰值 410.46M) | 时间:00:00.57 | Mem:0.00M, Peak:0.00M | 烟雨江南 · 雪月江南, 视图层 | Synchronizing object | JN_雨丝.342
帧:80 内存:410.48M (峰值 410.48M) | 时间:00:00.57 | Mem:0.00M, Peak:0.00M | 烟雨江南 · 雪月江南, 视图层 | Synchronizing object | JN_雨丝.343
帧:80 内存:410.50M (峰值 410.50M) | 时间:00:00.57 | Mem:0.00M, Peak:0.00M | 烟雨江南 · 雪月江南, 视图层 | Synchronizing object | JN_雨丝.344
帧:80 内存:410.52M (峰值 410.52M) | 时间:00:00.57 | Mem:0.00M, Peak:0.00M | 烟雨江南 · 雪月江南, 视图层 | Synchronizing object | JN_雨丝.345
帧:80 内存:410.54M (峰值 410.54M) | 时间:00:00.57 | Mem:0.00M, Peak:0.00M | 烟雨江南 · 雪月江南, 视图层 | Synchronizing object | JN_雨丝.346
帧:80 内存:410.56M (峰值 410.56M) | 时间:00:00.57 | Mem:0.00M, Peak:0.00M | 烟雨江南 · 雪月江南, 视图层 | Synchronizing object | JN_雨丝.347
帧:80 内存:410.58M (峰值 410.58M) | 时间:00:00.57 | Mem:0.00M, Peak:0.00M | 烟雨江南 · 雪月江南, 视图层 | Synchronizing object | JN_雨丝.348
帧:80 内存:410.60M (峰值 410.60M) | 时间:00:00.57 | Mem:0.00M, Peak:0.00M | 烟雨江南 · 雪月江南, 视图层 | Synchronizing object | JN_雨丝.349
帧:80 内存:410.62M (峰值 410.62M) | 时间:00:00.57 | Mem:0.00M, Peak:0.00M | 烟雨江南 · 雪月江南, 视图层 | Synchronizing object | JN_雨丝.350
帧:80 内存:410.63M (峰值 410.63M) | 时间:00:00.57 | Mem:0.00M, Peak:0.00M | 烟雨江南 · 雪月江南, 视图层 | Synchronizing object | JN_雨丝.351
帧:80 内存:410.65M (峰值 410.65M) | 时间:00:00.57 | Mem:0.00M, Peak:0.00M | 烟雨江南 · 雪月江南, 视图层 | Synchronizing object | JN_雨丝.352
帧:80 内存:410.67M (峰值 410.67M) | 时间:00:00.57 | Mem:0.00M, Peak:0.00M | 烟雨江南 · 雪月江南, 视图层 | Synchronizing object | JN_雨丝.353
帧:80 内存:410.69M (峰值 410.69M) | 时间:00:00.57 | Mem:0.00M, Peak:0.00M | 烟雨江南 · 雪月江南, 视图层 | Synchronizing object | JN_雨丝.354
帧:80 内存:410.71M (峰值 410.71M) | 时间:00:00.57 | Mem:0.00M, Peak:0.00M | 烟雨江南 · 雪月江南, 视图层 | Synchronizing object | JN_雨丝.355
帧:80 内存:410.73M (峰值 410.73M) | 时间:00:00.57 | Mem:0.00M, Peak:0.00M | 烟雨江南 · 雪月江南, 视图层 | Synchronizing object | JN_雨丝.356
帧:80 内存:410.75M (峰值 410.75M) | 时间:00:00.57 | Mem:0.00M, Peak:0.00M | 烟雨江南 · 雪月江南, 视图层 | Synchronizing object | JN_雨丝.357
帧:80 内存:410.77M (峰值 410.77M) | 时间:00:00.57 | Mem:0.00M, Peak:0.00M | 烟雨江南 · 雪月江南, 视图层 | Synchronizing object | JN_雨丝.358
帧:80 内存:410.79M (峰值 410.79M) | 时间:00:00.57 | Mem:0.00M, Peak:0.00M | 烟雨江南 · 雪月江南, 视图层 | Synchronizing object | JN_雨丝.359
帧:80 内存:410.81M (峰值 410.81M) | 时间:00:00.57 | Mem:0.00M, Peak:0.00M | 烟雨江南 · 雪月江南, 视图层 | Synchronizing object | JN_雨丝.360
帧:80 内存:410.82M (峰值 410.82M) | 时间:00:00.57 | Mem:0.00M, Peak:0.00M | 烟雨江南 · 雪月江南, 视图层 | Synchronizing object | JN_雨丝.361
帧:80 内存:410.84M (峰值 410.84M) | 时间:00:00.57 | Mem:0.00M, Peak:0.00M | 烟雨江南 · 雪月江南, 视图层 | Synchronizing object | JN_雨丝.362
帧:80 内存:410.86M (峰值 410.86M) | 时间:00:00.57 | Mem:0.00M, Peak:0.00M | 烟雨江南 · 雪月江南, 视图层 | Synchronizing object | JN_雨丝.363
帧:80 内存:410.88M (峰值 410.88M) | 时间:00:00.57 | Mem:0.00M, Peak:0.00M | 烟雨江南 · 雪月江南, 视图层 | Synchronizing object | JN_雨丝.364
帧:80 内存:410.90M (峰值 410.90M) | 时间:00:00.57 | Mem:0.00M, Peak:0.00M | 烟雨江南 · 雪月江南, 视图层 | Synchronizing object | JN_雨丝.365
帧:80 内存:410.92M (峰值 410.92M) | 时间:00:00.57 | Mem:0.00M, Peak:0.00M | 烟雨江南 · 雪月江南, 视图层 | Synchronizing object | JN_雨丝.366
帧:80 内存:410.94M (峰值 410.94M) | 时间:00:00.57 | Mem:0.00M, Peak:0.00M | 烟雨江南 · 雪月江南, 视图层 | Synchronizing object | JN_雨丝.367
帧:80 内存:410.96M (峰值 410.96M) | 时间:00:00.57 | Mem:0.00M, Peak:0.00M | 烟雨江南 · 雪月江南, 视图层 | Synchronizing object | JN_雨丝.368
帧:80 内存:410.98M (峰值 410.98M) | 时间:00:00.57 | Mem:0.00M, Peak:0.00M | 烟雨江南 · 雪月江南, 视图层 | Synchronizing object | JN_雨丝.369
帧:80 内存:410.99M (峰值 410.99M) | 时间:00:00.57 | Mem:0.00M, Peak:0.00M | 烟雨江南 · 雪月江南, 视图层 | Synchronizing object | JN_雨丝.370
帧:80 内存:411.01M (峰值 411.01M) | 时间:00:00.57 | Mem:0.00M, Peak:0.00M | 烟雨江南 · 雪月江南, 视图层 | Synchronizing object | JN_雨丝.371
帧:80 内存:411.03M (峰值 411.03M) | 时间:00:00.57 | Mem:0.00M, Peak:0.00M | 烟雨江南 · 雪月江南, 视图层 | Synchronizing object | JN_雨丝.372
帧:80 内存:411.05M (峰值 411.05M) | 时间:00:00.57 | Mem:0.00M, Peak:0.00M | 烟雨江南 · 雪月江南, 视图层 | Synchronizing object | JN_雨丝.373
帧:80 内存:411.07M (峰值 411.07M) | 时间:00:00.57 | Mem:0.00M, Peak:0.00M | 烟雨江南 · 雪月江南, 视图层 | Synchronizing object | JN_雨丝.374
帧:80 内存:411.09M (峰值 411.09M) | 时间:00:00.57 | Mem:0.00M, Peak:0.00M | 烟雨江南 · 雪月江南, 视图层 | Synchronizing object | JN_雨丝.375
帧:80 内存:411.11M (峰值 411.11M) | 时间:00:00.57 | Mem:0.00M, Peak:0.00M | 烟雨江南 · 雪月江南, 视图层 | Synchronizing object | JN_雨丝.376
帧:80 内存:411.13M (峰值 411.13M) | 时间:00:00.57 | Mem:0.00M, Peak:0.00M | 烟雨江南 · 雪月江南, 视图层 | Synchronizing object | JN_雨丝.377
帧:80 内存:411.15M (峰值 411.15M) | 时间:00:00.57 | Mem:0.00M, Peak:0.00M | 烟雨江南 · 雪月江南, 视图层 | Synchronizing object | JN_雨丝.378
帧:80 内存:411.17M (峰值 411.17M) | 时间:00:00.57 | Mem:0.00M, Peak:0.00M | 烟雨江南 · 雪月江南, 视图层 | Synchronizing object | JN_雨丝.379
帧:80 内存:411.18M (峰值 411.18M) | 时间:00:00.57 | Mem:0.00M, Peak:0.00M | 烟雨江南 · 雪月江南, 视图层 | Synchronizing object | JN_雨丝.380
帧:80 内存:411.20M (峰值 411.20M) | 时间:00:00.57 | Mem:0.00M, Peak:0.00M | 烟雨江南 · 雪月江南, 视图层 | Synchronizing object | JN_雨丝.381
帧:80 内存:411.22M (峰值 411.22M) | 时间:00:00.57 | Mem:0.00M, Peak:0.00M | 烟雨江南 · 雪月江南, 视图层 | Synchronizing object | JN_雨丝.382
帧:80 内存:411.24M (峰值 411.24M) | 时间:00:00.57 | Mem:0.00M, Peak:0.00M | 烟雨江南 · 雪月江南, 视图层 | Synchronizing object | JN_雨丝.383
帧:80 内存:411.26M (峰值 411.26M) | 时间:00:00.57 | Mem:0.00M, Peak:0.00M | 烟雨江南 · 雪月江南, 视图层 | Synchronizing object | JN_雨丝.384
帧:80 内存:411.28M (峰值 411.28M) | 时间:00:00.57 | Mem:0.00M, Peak:0.00M | 烟雨江南 · 雪月江南, 视图层 | Synchronizing object | JN_雨丝.385
帧:80 内存:411.30M (峰值 411.30M) | 时间:00:00.57 | Mem:0.00M, Peak:0.00M | 烟雨江南 · 雪月江南, 视图层 | Synchronizing object | JN_雨丝.386
帧:80 内存:411.32M (峰值 411.32M) | 时间:00:00.57 | Mem:0.00M, Peak:0.00M | 烟雨江南 · 雪月江南, 视图层 | Synchronizing object | JN_雨丝.387
帧:80 内存:411.34M (峰值 411.34M) | 时间:00:00.57 | Mem:0.00M, Peak:0.00M | 烟雨江南 · 雪月江南, 视图层 | Synchronizing object | JN_雨丝.388
帧:80 内存:411.36M (峰值 411.36M) | 时间:00:00.57 | Mem:0.00M, Peak:0.00M | 烟雨江南 · 雪月江南, 视图层 | Synchronizing object | JN_雨丝.389
帧:80 内存:411.37M (峰值 411.37M) | 时间:00:00.57 | Mem:0.00M, Peak:0.00M | 烟雨江南 · 雪月江南, 视图层 | Synchronizing object | JN_雨丝.390
帧:80 内存:411.39M (峰值 411.39M) | 时间:00:00.57 | Mem:0.00M, Peak:0.00M | 烟雨江南 · 雪月江南, 视图层 | Synchronizing object | JN_雨丝.391
帧:80 内存:411.41M (峰值 411.41M) | 时间:00:00.57 | Mem:0.00M, Peak:0.00M | 烟雨江南 · 雪月江南, 视图层 | Synchronizing object | JN_雨丝.392
帧:80 内存:411.43M (峰值 411.43M) | 时间:00:00.57 | Mem:0.00M, Peak:0.00M | 烟雨江南 · 雪月江南, 视图层 | Synchronizing object | JN_雨丝.393
帧:80 内存:411.45M (峰值 411.45M) | 时间:00:00.57 | Mem:0.00M, Peak:0.00M | 烟雨江南 · 雪月江南, 视图层 | Synchronizing object | JN_雨丝.394
帧:80 内存:411.47M (峰值 411.47M) | 时间:00:00.57 | Mem:0.00M, Peak:0.00M | 烟雨江南 · 雪月江南, 视图层 | Synchronizing object | JN_雨丝.395
帧:80 内存:411.49M (峰值 411.49M) | 时间:00:00.57 | Mem:0.00M, Peak:0.00M | 烟雨江南 · 雪月江南, 视图层 | Synchronizing object | JN_雨丝.396
帧:80 内存:411.51M (峰值 411.51M) | 时间:00:00.57 | Mem:0.00M, Peak:0.00M | 烟雨江南 · 雪月江南, 视图层 | Synchronizing object | JN_雨丝.397
帧:80 内存:411.53M (峰值 411.53M) | 时间:00:00.57 | Mem:0.00M, Peak:0.00M | 烟雨江南 · 雪月江南, 视图层 | Synchronizing object | JN_雨丝.398
帧:80 内存:411.54M (峰值 411.54M) | 时间:00:00.57 | Mem:0.00M, Peak:0.00M | 烟雨江南 · 雪月江南, 视图层 | Synchronizing object | JN_雨丝.399
帧:80 内存:411.56M (峰值 411.56M) | 时间:00:00.57 | Mem:0.00M, Peak:0.00M | 烟雨江南 · 雪月江南, 视图层 | Synchronizing object | JN_雨丝.400
帧:80 内存:411.58M (峰值 411.58M) | 时间:00:00.57 | Mem:0.00M, Peak:0.00M | 烟雨江南 · 雪月江南, 视图层 | Synchronizing object | JN_雨丝.401
帧:80 内存:411.60M (峰值 411.60M) | 时间:00:00.57 | Mem:0.00M, Peak:0.00M | 烟雨江南 · 雪月江南, 视图层 | Synchronizing object | JN_雨丝.402
帧:80 内存:411.62M (峰值 411.62M) | 时间:00:00.57 | Mem:0.00M, Peak:0.00M | 烟雨江南 · 雪月江南, 视图层 | Synchronizing object | JN_雨丝.403
帧:80 内存:411.64M (峰值 411.64M) | 时间:00:00.57 | Mem:0.00M, Peak:0.00M | 烟雨江南 · 雪月江南, 视图层 | Synchronizing object | JN_雨丝.404
帧:80 内存:411.66M (峰值 411.66M) | 时间:00:00.57 | Mem:0.00M, Peak:0.00M | 烟雨江南 · 雪月江南, 视图层 | Synchronizing object | JN_雨丝.405
帧:80 内存:411.68M (峰值 411.68M) | 时间:00:00.57 | Mem:0.00M, Peak:0.00M | 烟雨江南 · 雪月江南, 视图层 | Synchronizing object | JN_雨丝.406
帧:80 内存:411.70M (峰值 411.70M) | 时间:00:00.58 | Mem:0.00M, Peak:0.00M | 烟雨江南 · 雪月江南, 视图层 | Synchronizing object | JN_雨丝.407
帧:80 内存:411.72M (峰值 411.72M) | 时间:00:00.58 | Mem:0.00M, Peak:0.00M | 烟雨江南 · 雪月江南, 视图层 | Synchronizing object | JN_雨丝.408
帧:80 内存:411.73M (峰值 411.73M) | 时间:00:00.58 | Mem:0.00M, Peak:0.00M | 烟雨江南 · 雪月江南, 视图层 | Synchronizing object | JN_雨丝.409
帧:80 内存:411.75M (峰值 411.75M) | 时间:00:00.58 | Mem:0.00M, Peak:0.00M | 烟雨江南 · 雪月江南, 视图层 | Synchronizing object | JN_雨丝.410
帧:80 内存:411.77M (峰值 411.77M) | 时间:00:00.58 | Mem:0.00M, Peak:0.00M | 烟雨江南 · 雪月江南, 视图层 | Synchronizing object | JN_雨丝.411
帧:80 内存:411.79M (峰值 411.79M) | 时间:00:00.58 | Mem:0.00M, Peak:0.00M | 烟雨江南 · 雪月江南, 视图层 | Synchronizing object | JN_雨丝.412
帧:80 内存:411.81M (峰值 411.81M) | 时间:00:00.58 | Mem:0.00M, Peak:0.00M | 烟雨江南 · 雪月江南, 视图层 | Synchronizing object | JN_雨丝.413
帧:80 内存:411.83M (峰值 411.83M) | 时间:00:00.58 | Mem:0.00M, Peak:0.00M | 烟雨江南 · 雪月江南, 视图层 | Synchronizing object | JN_雨丝.414
帧:80 内存:411.85M (峰值 411.85M) | 时间:00:00.58 | Mem:0.00M, Peak:0.00M | 烟雨江南 · 雪月江南, 视图层 | Synchronizing object | JN_雨丝.415
帧:80 内存:411.87M (峰值 411.87M) | 时间:00:00.58 | Mem:0.00M, Peak:0.00M | 烟雨江南 · 雪月江南, 视图层 | Synchronizing object | JN_雨丝.416
帧:80 内存:411.89M (峰值 411.89M) | 时间:00:00.58 | Mem:0.00M, Peak:0.00M | 烟雨江南 · 雪月江南, 视图层 | Synchronizing object | JN_雨丝.417
帧:80 内存:411.91M (峰值 411.91M) | 时间:00:00.58 | Mem:0.00M, Peak:0.00M | 烟雨江南 · 雪月江南, 视图层 | Synchronizing object | JN_雨丝.418
帧:80 内存:411.92M (峰值 411.92M) | 时间:00:00.58 | Mem:0.00M, Peak:0.00M | 烟雨江南 · 雪月江南, 视图层 | Synchronizing object | JN_雨丝.419
帧:80 内存:411.94M (峰值 411.94M) | 时间:00:00.58 | Mem:0.00M, Peak:0.00M | 烟雨江南 · 雪月江南, 视图层 | Synchronizing object | JN_雨丝.420
帧:80 内存:411.96M (峰值 411.96M) | 时间:00:00.58 | Mem:0.00M, Peak:0.00M | 烟雨江南 · 雪月江南, 视图层 | Synchronizing object | JN_雨丝.421
帧:80 内存:411.98M (峰值 411.98M) | 时间:00:00.58 | Mem:0.00M, Peak:0.00M | 烟雨江南 · 雪月江南, 视图层 | Synchronizing object | JN_雨丝.422
帧:80 内存:412.00M (峰值 412.00M) | 时间:00:00.58 | Mem:0.00M, Peak:0.00M | 烟雨江南 · 雪月江南, 视图层 | Synchronizing object | JN_雨丝.423
帧:80 内存:412.02M (峰值 412.02M) | 时间:00:00.58 | Mem:0.00M, Peak:0.00M | 烟雨江南 · 雪月江南, 视图层 | Synchronizing object | JN_雨丝.424
帧:80 内存:412.04M (峰值 412.04M) | 时间:00:00.58 | Mem:0.00M, Peak:0.00M | 烟雨江南 · 雪月江南, 视图层 | Synchronizing object | JN_雨丝.425
帧:80 内存:412.06M (峰值 412.06M) | 时间:00:00.58 | Mem:0.00M, Peak:0.00M | 烟雨江南 · 雪月江南, 视图层 | Synchronizing object | JN_雨丝.426
帧:80 内存:412.08M (峰值 412.08M) | 时间:00:00.58 | Mem:0.00M, Peak:0.00M | 烟雨江南 · 雪月江南, 视图层 | Synchronizing object | JN_雨丝.427
帧:80 内存:412.09M (峰值 412.09M) | 时间:00:00.58 | Mem:0.00M, Peak:0.00M | 烟雨江南 · 雪月江南, 视图层 | Synchronizing object | JN_雨丝.428
帧:80 内存:412.11M (峰值 412.11M) | 时间:00:00.58 | Mem:0.00M, Peak:0.00M | 烟雨江南 · 雪月江南, 视图层 | Synchronizing object | JN_雨丝.429
帧:80 内存:412.13M (峰值 412.13M) | 时间:00:00.58 | Mem:0.00M, Peak:0.00M | 烟雨江南 · 雪月江南, 视图层 | Synchronizing object | JN_雨丝.430
帧:80 内存:412.15M (峰值 412.15M) | 时间:00:00.58 | Mem:0.00M, Peak:0.00M | 烟雨江南 · 雪月江南, 视图层 | Synchronizing object | JN_雨丝.431
帧:80 内存:412.17M (峰值 412.17M) | 时间:00:00.58 | Mem:0.00M, Peak:0.00M | 烟雨江南 · 雪月江南, 视图层 | Synchronizing object | JN_雨丝.432
帧:80 内存:412.19M (峰值 412.19M) | 时间:00:00.58 | Mem:0.00M, Peak:0.00M | 烟雨江南 · 雪月江南, 视图层 | Synchronizing object | JN_雨丝.433
帧:80 内存:412.21M (峰值 412.21M) | 时间:00:00.58 | Mem:0.00M, Peak:0.00M | 烟雨江南 · 雪月江南, 视图层 | Synchronizing object | JN_雨丝.434
帧:80 内存:412.23M (峰值 412.23M) | 时间:00:00.58 | Mem:0.00M, Peak:0.00M | 烟雨江南 · 雪月江南, 视图层 | Synchronizing object | JN_雨丝.435
帧:80 内存:412.25M (峰值 412.25M) | 时间:00:00.58 | Mem:0.00M, Peak:0.00M | 烟雨江南 · 雪月江南, 视图层 | Synchronizing object | JN_雨丝.436
帧:80 内存:412.27M (峰值 412.27M) | 时间:00:00.58 | Mem:0.00M, Peak:0.00M | 烟雨江南 · 雪月江南, 视图层 | Synchronizing object | JN_雨丝.437
帧:80 内存:412.28M (峰值 412.28M) | 时间:00:00.58 | Mem:0.00M, Peak:0.00M | 烟雨江南 · 雪月江南, 视图层 | Synchronizing object | JN_雨丝.438
帧:80 内存:412.30M (峰值 412.30M) | 时间:00:00.58 | Mem:0.00M, Peak:0.00M | 烟雨江南 · 雪月江南, 视图层 | Synchronizing object | JN_雨丝.439
帧:80 内存:412.32M (峰值 412.32M) | 时间:00:00.58 | Mem:0.00M, Peak:0.00M | 烟雨江南 · 雪月江南, 视图层 | Synchronizing object | JN_雨丝.440
帧:80 内存:412.34M (峰值 412.34M) | 时间:00:00.58 | Mem:0.00M, Peak:0.00M | 烟雨江南 · 雪月江南, 视图层 | Synchronizing object | JN_雨丝.441
帧:80 内存:412.36M (峰值 412.36M) | 时间:00:00.58 | Mem:0.00M, Peak:0.00M | 烟雨江南 · 雪月江南, 视图层 | Synchronizing object | JN_雨丝.442
帧:80 内存:412.38M (峰值 412.38M) | 时间:00:00.58 | Mem:0.00M, Peak:0.00M | 烟雨江南 · 雪月江南, 视图层 | Synchronizing object | JN_雨丝.443
帧:80 内存:412.40M (峰值 412.40M) | 时间:00:00.58 | Mem:0.00M, Peak:0.00M | 烟雨江南 · 雪月江南, 视图层 | Synchronizing object | JN_雨丝.444
帧:80 内存:412.42M (峰值 412.42M) | 时间:00:00.58 | Mem:0.00M, Peak:0.00M | 烟雨江南 · 雪月江南, 视图层 | Synchronizing object | JN_雨丝.445
帧:80 内存:412.44M (峰值 412.44M) | 时间:00:00.58 | Mem:0.00M, Peak:0.00M | 烟雨江南 · 雪月江南, 视图层 | Synchronizing object | JN_雨丝.446
帧:80 内存:412.46M (峰值 412.46M) | 时间:00:00.58 | Mem:0.00M, Peak:0.00M | 烟雨江南 · 雪月江南, 视图层 | Synchronizing object | JN_雨丝.447
帧:80 内存:412.47M (峰值 412.47M) | 时间:00:00.58 | Mem:0.00M, Peak:0.00M | 烟雨江南 · 雪月江南, 视图层 | Synchronizing object | JN_雨丝.448
帧:80 内存:412.49M (峰值 412.49M) | 时间:00:00.58 | Mem:0.00M, Peak:0.00M | 烟雨江南 · 雪月江南, 视图层 | Synchronizing object | JN_雨丝.449
帧:80 内存:412.51M (峰值 412.51M) | 时间:00:00.58 | Mem:0.00M, Peak:0.00M | 烟雨江南 · 雪月江南, 视图层 | Synchronizing object | JN_雨丝.450
帧:80 内存:412.53M (峰值 412.53M) | 时间:00:00.58 | Mem:0.00M, Peak:0.00M | 烟雨江南 · 雪月江南, 视图层 | Synchronizing object | JN_雨丝.451
帧:80 内存:412.55M (峰值 412.55M) | 时间:00:00.58 | Mem:0.00M, Peak:0.00M | 烟雨江南 · 雪月江南, 视图层 | Synchronizing object | JN_雨丝.452
帧:80 内存:412.57M (峰值 412.57M) | 时间:00:00.58 | Mem:0.00M, Peak:0.00M | 烟雨江南 · 雪月江南, 视图层 | Synchronizing object | JN_雨丝.453
帧:80 内存:412.59M (峰值 412.59M) | 时间:00:00.58 | Mem:0.00M, Peak:0.00M | 烟雨江南 · 雪月江南, 视图层 | Synchronizing object | JN_雨丝.454
帧:80 内存:412.61M (峰值 412.61M) | 时间:00:00.58 | Mem:0.00M, Peak:0.00M | 烟雨江南 · 雪月江南, 视图层 | Synchronizing object | JN_雨丝.455
帧:80 内存:412.63M (峰值 412.63M) | 时间:00:00.58 | Mem:0.00M, Peak:0.00M | 烟雨江南 · 雪月江南, 视图层 | Synchronizing object | JN_雨丝.456
帧:80 内存:412.64M (峰值 412.64M) | 时间:00:00.58 | Mem:0.00M, Peak:0.00M | 烟雨江南 · 雪月江南, 视图层 | Synchronizing object | JN_雨丝.457
帧:80 内存:412.66M (峰值 412.66M) | 时间:00:00.58 | Mem:0.00M, Peak:0.00M | 烟雨江南 · 雪月江南, 视图层 | Synchronizing object | JN_雨丝.458
帧:80 内存:412.68M (峰值 412.68M) | 时间:00:00.58 | Mem:0.00M, Peak:0.00M | 烟雨江南 · 雪月江南, 视图层 | Synchronizing object | JN_雨丝.459
帧:80 内存:412.70M (峰值 412.70M) | 时间:00:00.58 | Mem:0.00M, Peak:0.00M | 烟雨江南 · 雪月江南, 视图层 | Synchronizing object | JN_雨丝.460
帧:80 内存:412.72M (峰值 412.72M) | 时间:00:00.58 | Mem:0.00M, Peak:0.00M | 烟雨江南 · 雪月江南, 视图层 | Synchronizing object | JN_雨丝.461
帧:80 内存:412.74M (峰值 412.74M) | 时间:00:00.58 | Mem:0.00M, Peak:0.00M | 烟雨江南 · 雪月江南, 视图层 | Synchronizing object | JN_雨丝.462
帧:80 内存:412.76M (峰值 412.76M) | 时间:00:00.58 | Mem:0.00M, Peak:0.00M | 烟雨江南 · 雪月江南, 视图层 | Synchronizing object | JN_雨丝.463
帧:80 内存:412.78M (峰值 412.78M) | 时间:00:00.58 | Mem:0.00M, Peak:0.00M | 烟雨江南 · 雪月江南, 视图层 | Synchronizing object | JN_雨丝.464
帧:80 内存:412.80M (峰值 412.80M) | 时间:00:00.58 | Mem:0.00M, Peak:0.00M | 烟雨江南 · 雪月江南, 视图层 | Synchronizing object | JN_雨丝.465
帧:80 内存:412.82M (峰值 412.82M) | 时间:00:00.58 | Mem:0.00M, Peak:0.00M | 烟雨江南 · 雪月江南, 视图层 | Synchronizing object | JN_雨丝.466
帧:80 内存:412.83M (峰值 412.83M) | 时间:00:00.58 | Mem:0.00M, Peak:0.00M | 烟雨江南 · 雪月江南, 视图层 | Synchronizing object | JN_雨丝.467
帧:80 内存:412.85M (峰值 412.85M) | 时间:00:00.58 | Mem:0.00M, Peak:0.00M | 烟雨江南 · 雪月江南, 视图层 | Synchronizing object | JN_雨丝.468
帧:80 内存:412.87M (峰值 412.87M) | 时间:00:00.59 | Mem:0.00M, Peak:0.00M | 烟雨江南 · 雪月江南, 视图层 | Synchronizing object | JN_雨丝.469
帧:80 内存:412.89M (峰值 412.89M) | 时间:00:00.59 | Mem:0.00M, Peak:0.00M | 烟雨江南 · 雪月江南, 视图层 | Synchronizing object | JN_雨丝.470
帧:80 内存:412.91M (峰值 412.91M) | 时间:00:00.59 | Mem:0.00M, Peak:0.00M | 烟雨江南 · 雪月江南, 视图层 | Synchronizing object | JN_雨丝.471
帧:80 内存:412.93M (峰值 412.93M) | 时间:00:00.59 | Mem:0.00M, Peak:0.00M | 烟雨江南 · 雪月江南, 视图层 | Synchronizing object | JN_雨丝.472
帧:80 内存:412.95M (峰值 412.95M) | 时间:00:00.59 | Mem:0.00M, Peak:0.00M | 烟雨江南 · 雪月江南, 视图层 | Synchronizing object | JN_雨丝.473
帧:80 内存:412.97M (峰值 412.97M) | 时间:00:00.59 | Mem:0.00M, Peak:0.00M | 烟雨江南 · 雪月江南, 视图层 | Synchronizing object | JN_雨丝.474
帧:80 内存:412.99M (峰值 412.99M) | 时间:00:00.59 | Mem:0.00M, Peak:0.00M | 烟雨江南 · 雪月江南, 视图层 | Synchronizing object | JN_雨丝.475
帧:80 内存:413.01M (峰值 413.01M) | 时间:00:00.59 | Mem:0.00M, Peak:0.00M | 烟雨江南 · 雪月江南, 视图层 | Synchronizing object | JN_雨丝.476
帧:80 内存:413.02M (峰值 413.02M) | 时间:00:00.59 | Mem:0.00M, Peak:0.00M | 烟雨江南 · 雪月江南, 视图层 | Synchronizing object | JN_雨丝.477
帧:80 内存:413.04M (峰值 413.04M) | 时间:00:00.59 | Mem:0.00M, Peak:0.00M | 烟雨江南 · 雪月江南, 视图层 | Synchronizing object | JN_雨丝.478
帧:80 内存:413.06M (峰值 413.06M) | 时间:00:00.59 | Mem:0.00M, Peak:0.00M | 烟雨江南 · 雪月江南, 视图层 | Synchronizing object | JN_雨丝.479
帧:80 内存:413.08M (峰值 413.08M) | 时间:00:00.59 | Mem:0.00M, Peak:0.00M | 烟雨江南 · 雪月江南, 视图层 | Synchronizing object | JN_雨丝.480
帧:80 内存:413.10M (峰值 413.10M) | 时间:00:00.59 | Mem:0.00M, Peak:0.00M | 烟雨江南 · 雪月江南, 视图层 | Synchronizing object | JN_雨丝.481
帧:80 内存:413.12M (峰值 413.12M) | 时间:00:00.59 | Mem:0.00M, Peak:0.00M | 烟雨江南 · 雪月江南, 视图层 | Synchronizing object | JN_雨丝.482
帧:80 内存:413.14M (峰值 413.14M) | 时间:00:00.59 | Mem:0.00M, Peak:0.00M | 烟雨江南 · 雪月江南, 视图层 | Synchronizing object | JN_雨丝.483
帧:80 内存:413.16M (峰值 413.16M) | 时间:00:00.59 | Mem:0.00M, Peak:0.00M | 烟雨江南 · 雪月江南, 视图层 | Synchronizing object | JN_雨丝.484
帧:80 内存:413.18M (峰值 413.18M) | 时间:00:00.59 | Mem:0.00M, Peak:0.00M | 烟雨江南 · 雪月江南, 视图层 | Synchronizing object | JN_雨丝.485
帧:80 内存:413.19M (峰值 413.19M) | 时间:00:00.59 | Mem:0.00M, Peak:0.00M | 烟雨江南 · 雪月江南, 视图层 | Synchronizing object | JN_雨丝.486
帧:80 内存:413.21M (峰值 413.21M) | 时间:00:00.59 | Mem:0.00M, Peak:0.00M | 烟雨江南 · 雪月江南, 视图层 | Synchronizing object | JN_雨丝.487
帧:80 内存:413.23M (峰值 413.23M) | 时间:00:00.59 | Mem:0.00M, Peak:0.00M | 烟雨江南 · 雪月江南, 视图层 | Synchronizing object | JN_雨丝.488
帧:80 内存:413.25M (峰值 413.25M) | 时间:00:00.59 | Mem:0.00M, Peak:0.00M | 烟雨江南 · 雪月江南, 视图层 | Synchronizing object | JN_雨丝.489
帧:80 内存:413.27M (峰值 413.27M) | 时间:00:00.59 | Mem:0.00M, Peak:0.00M | 烟雨江南 · 雪月江南, 视图层 | Synchronizing object | JN_雨丝.490
帧:80 内存:413.29M (峰值 413.29M) | 时间:00:00.59 | Mem:0.00M, Peak:0.00M | 烟雨江南 · 雪月江南, 视图层 | Synchronizing object | JN_雨丝.491
帧:80 内存:413.31M (峰值 413.31M) | 时间:00:00.59 | Mem:0.00M, Peak:0.00M | 烟雨江南 · 雪月江南, 视图层 | Synchronizing object | JN_雨丝.492
帧:80 内存:413.33M (峰值 413.33M) | 时间:00:00.59 | Mem:0.00M, Peak:0.00M | 烟雨江南 · 雪月江南, 视图层 | Synchronizing object | JN_雨丝.493
帧:80 内存:413.35M (峰值 413.35M) | 时间:00:00.59 | Mem:0.00M, Peak:0.00M | 烟雨江南 · 雪月江南, 视图层 | Synchronizing object | JN_雨丝.494
帧:80 内存:413.37M (峰值 413.37M) | 时间:00:00.59 | Mem:0.00M, Peak:0.00M | 烟雨江南 · 雪月江南, 视图层 | Synchronizing object | JN_雨丝.495
帧:80 内存:413.38M (峰值 413.38M) | 时间:00:00.59 | Mem:0.00M, Peak:0.00M | 烟雨江南 · 雪月江南, 视图层 | Synchronizing object | JN_雨丝.496
帧:80 内存:413.40M (峰值 413.40M) | 时间:00:00.59 | Mem:0.00M, Peak:0.00M | 烟雨江南 · 雪月江南, 视图层 | Synchronizing object | JN_雨丝.497
帧:80 内存:413.42M (峰值 413.42M) | 时间:00:00.59 | Mem:0.00M, Peak:0.00M | 烟雨江南 · 雪月江南, 视图层 | Synchronizing object | JN_雨丝.498
帧:80 内存:413.44M (峰值 413.44M) | 时间:00:00.59 | Mem:0.00M, Peak:0.00M | 烟雨江南 · 雪月江南, 视图层 | Synchronizing object | JN_雨丝.499
帧:80 内存:413.46M (峰值 413.46M) | 时间:00:00.59 | Mem:0.00M, Peak:0.00M | 烟雨江南 · 雪月江南, 视图层 | Synchronizing object | JN_雨丝.500
帧:80 内存:413.48M (峰值 413.48M) | 时间:00:00.59 | Mem:0.00M, Peak:0.00M | 烟雨江南 · 雪月江南, 视图层 | Synchronizing object | JN_雨丝.501
帧:80 内存:413.50M (峰值 413.50M) | 时间:00:00.59 | Mem:0.00M, Peak:0.00M | 烟雨江南 · 雪月江南, 视图层 | Synchronizing object | JN_雨丝.502
帧:80 内存:413.52M (峰值 413.52M) | 时间:00:00.59 | Mem:0.00M, Peak:0.00M | 烟雨江南 · 雪月江南, 视图层 | Synchronizing object | JN_雨丝.503
帧:80 内存:413.54M (峰值 413.54M) | 时间:00:00.59 | Mem:0.00M, Peak:0.00M | 烟雨江南 · 雪月江南, 视图层 | Synchronizing object | JN_雨丝.504
帧:80 内存:413.55M (峰值 413.55M) | 时间:00:00.59 | Mem:0.00M, Peak:0.00M | 烟雨江南 · 雪月江南, 视图层 | Synchronizing object | JN_雨丝.505
帧:80 内存:413.57M (峰值 413.57M) | 时间:00:00.59 | Mem:0.00M, Peak:0.00M | 烟雨江南 · 雪月江南, 视图层 | Synchronizing object | JN_雨丝.506
帧:80 内存:413.59M (峰值 413.59M) | 时间:00:00.59 | Mem:0.00M, Peak:0.00M | 烟雨江南 · 雪月江南, 视图层 | Synchronizing object | JN_雨丝.507
帧:80 内存:413.61M (峰值 413.61M) | 时间:00:00.59 | Mem:0.00M, Peak:0.00M | 烟雨江南 · 雪月江南, 视图层 | Synchronizing object | JN_雨丝.508
帧:80 内存:413.63M (峰值 413.63M) | 时间:00:00.59 | Mem:0.00M, Peak:0.00M | 烟雨江南 · 雪月江南, 视图层 | Synchronizing object | JN_雨丝.509
帧:80 内存:413.65M (峰值 413.65M) | 时间:00:00.59 | Mem:0.00M, Peak:0.00M | 烟雨江南 · 雪月江南, 视图层 | Synchronizing object | JN_雨丝.510
帧:80 内存:413.67M (峰值 413.67M) | 时间:00:00.59 | Mem:0.00M, Peak:0.00M | 烟雨江南 · 雪月江南, 视图层 | Synchronizing object | JN_雨丝.511
帧:80 内存:413.69M (峰值 413.69M) | 时间:00:00.59 | Mem:0.00M, Peak:0.00M | 烟雨江南 · 雪月江南, 视图层 | Synchronizing object | JN_雨丝.512
帧:80 内存:413.71M (峰值 413.71M) | 时间:00:00.59 | Mem:0.00M, Peak:0.00M | 烟雨江南 · 雪月江南, 视图层 | Synchronizing object | JN_雨丝.513
帧:80 内存:413.73M (峰值 413.73M) | 时间:00:00.59 | Mem:0.00M, Peak:0.00M | 烟雨江南 · 雪月江南, 视图层 | Synchronizing object | JN_雨丝.514
帧:80 内存:413.74M (峰值 413.74M) | 时间:00:00.59 | Mem:0.00M, Peak:0.00M | 烟雨江南 · 雪月江南, 视图层 | Synchronizing object | JN_雨丝.515
帧:80 内存:413.76M (峰值 413.76M) | 时间:00:00.59 | Mem:0.00M, Peak:0.00M | 烟雨江南 · 雪月江南, 视图层 | Synchronizing object | JN_雨丝.516
帧:80 内存:413.78M (峰值 413.78M) | 时间:00:00.59 | Mem:0.00M, Peak:0.00M | 烟雨江南 · 雪月江南, 视图层 | Synchronizing object | JN_雨丝.517
帧:80 内存:413.80M (峰值 413.80M) | 时间:00:00.59 | Mem:0.00M, Peak:0.00M | 烟雨江南 · 雪月江南, 视图层 | Synchronizing object | JN_雨丝.518
帧:80 内存:413.82M (峰值 413.82M) | 时间:00:00.59 | Mem:0.00M, Peak:0.00M | 烟雨江南 · 雪月江南, 视图层 | Synchronizing object | JN_雨丝.519
帧:80 内存:413.84M (峰值 413.84M) | 时间:00:00.59 | Mem:0.00M, Peak:0.00M | 烟雨江南 · 雪月江南, 视图层 | Synchronizing object | JN_雨丝.520
帧:80 内存:413.86M (峰值 413.86M) | 时间:00:00.59 | Mem:0.00M, Peak:0.00M | 烟雨江南 · 雪月江南, 视图层 | Synchronizing object | JN_雨丝.521
帧:80 内存:413.88M (峰值 413.88M) | 时间:00:00.59 | Mem:0.00M, Peak:0.00M | 烟雨江南 · 雪月江南, 视图层 | Synchronizing object | JN_雨丝.522
帧:80 内存:413.90M (峰值 413.90M) | 时间:00:00.59 | Mem:0.00M, Peak:0.00M | 烟雨江南 · 雪月江南, 视图层 | Synchronizing object | JN_雨丝.523
帧:80 内存:413.92M (峰值 413.92M) | 时间:00:00.59 | Mem:0.00M, Peak:0.00M | 烟雨江南 · 雪月江南, 视图层 | Synchronizing object | JN_雨丝.524
帧:80 内存:413.93M (峰值 413.93M) | 时间:00:00.59 | Mem:0.00M, Peak:0.00M | 烟雨江南 · 雪月江南, 视图层 | Synchronizing object | JN_雨丝.525
帧:80 内存:413.95M (峰值 413.95M) | 时间:00:00.59 | Mem:0.00M, Peak:0.00M | 烟雨江南 · 雪月江南, 视图层 | Synchronizing object | JN_雨丝.526
帧:80 内存:413.97M (峰值 413.97M) | 时间:00:00.59 | Mem:0.00M, Peak:0.00M | 烟雨江南 · 雪月江南, 视图层 | Synchronizing object | JN_雨丝.527
帧:80 内存:413.99M (峰值 413.99M) | 时间:00:00.59 | Mem:0.00M, Peak:0.00M | 烟雨江南 · 雪月江南, 视图层 | Synchronizing object | JN_雨丝.528
帧:80 内存:414.01M (峰值 414.01M) | 时间:00:00.59 | Mem:0.00M, Peak:0.00M | 烟雨江南 · 雪月江南, 视图层 | Synchronizing object | JN_雨丝.529
帧:80 内存:414.03M (峰值 414.03M) | 时间:00:00.59 | Mem:0.00M, Peak:0.00M | 烟雨江南 · 雪月江南, 视图层 | Synchronizing object | JN_雨丝.530
帧:80 内存:414.05M (峰值 414.05M) | 时间:00:00.59 | Mem:0.00M, Peak:0.00M | 烟雨江南 · 雪月江南, 视图层 | Synchronizing object | JN_雨丝.531
帧:80 内存:414.07M (峰值 414.07M) | 时间:00:00.59 | Mem:0.00M, Peak:0.00M | 烟雨江南 · 雪月江南, 视图层 | Synchronizing object | JN_雨丝.532
帧:80 内存:414.09M (峰值 414.09M) | 时间:00:00.59 | Mem:0.00M, Peak:0.00M | 烟雨江南 · 雪月江南, 视图层 | Synchronizing object | JN_雨丝.533
帧:80 内存:414.10M (峰值 414.10M) | 时间:00:00.59 | Mem:0.00M, Peak:0.00M | 烟雨江南 · 雪月江南, 视图层 | Synchronizing object | JN_雨丝.534
帧:80 内存:414.12M (峰值 414.12M) | 时间:00:00.59 | Mem:0.00M, Peak:0.00M | 烟雨江南 · 雪月江南, 视图层 | Synchronizing object | JN_雨丝.535
帧:80 内存:414.14M (峰值 414.14M) | 时间:00:00.59 | Mem:0.00M, Peak:0.00M | 烟雨江南 · 雪月江南, 视图层 | Synchronizing object | JN_雨丝.536
帧:80 内存:414.16M (峰值 414.16M) | 时间:00:00.59 | Mem:0.00M, Peak:0.00M | 烟雨江南 · 雪月江南, 视图层 | Synchronizing object | JN_雨丝.537
帧:80 内存:414.18M (峰值 414.18M) | 时间:00:00.60 | Mem:0.00M, Peak:0.00M | 烟雨江南 · 雪月江南, 视图层 | Synchronizing object | JN_雨丝.538
帧:80 内存:414.20M (峰值 414.20M) | 时间:00:00.60 | Mem:0.00M, Peak:0.00M | 烟雨江南 · 雪月江南, 视图层 | Synchronizing object | JN_雨丝.539
帧:80 内存:414.22M (峰值 414.22M) | 时间:00:00.60 | Mem:0.00M, Peak:0.00M | 烟雨江南 · 雪月江南, 视图层 | Synchronizing object | JN_雨丝.540
帧:80 内存:414.24M (峰值 414.24M) | 时间:00:00.60 | Mem:0.00M, Peak:0.00M | 烟雨江南 · 雪月江南, 视图层 | Synchronizing object | JN_雨丝.541
帧:80 内存:414.26M (峰值 414.26M) | 时间:00:00.60 | Mem:0.00M, Peak:0.00M | 烟雨江南 · 雪月江南, 视图层 | Synchronizing object | JN_雨丝.542
帧:80 内存:414.28M (峰值 414.28M) | 时间:00:00.60 | Mem:0.00M, Peak:0.00M | 烟雨江南 · 雪月江南, 视图层 | Synchronizing object | JN_雨丝.543
帧:80 内存:414.29M (峰值 414.29M) | 时间:00:00.60 | Mem:0.00M, Peak:0.00M | 烟雨江南 · 雪月江南, 视图层 | Synchronizing object | JN_雨丝.544
帧:80 内存:414.31M (峰值 414.31M) | 时间:00:00.60 | Mem:0.00M, Peak:0.00M | 烟雨江南 · 雪月江南, 视图层 | Synchronizing object | JN_雨丝.545
帧:80 内存:414.33M (峰值 414.33M) | 时间:00:00.60 | Mem:0.00M, Peak:0.00M | 烟雨江南 · 雪月江南, 视图层 | Synchronizing object | JN_雨丝.546
帧:80 内存:414.35M (峰值 414.35M) | 时间:00:00.60 | Mem:0.00M, Peak:0.00M | 烟雨江南 · 雪月江南, 视图层 | Synchronizing object | JN_雨丝.547
帧:80 内存:414.37M (峰值 414.37M) | 时间:00:00.60 | Mem:0.00M, Peak:0.00M | 烟雨江南 · 雪月江南, 视图层 | Synchronizing object | JN_雨丝.548
帧:80 内存:414.39M (峰值 414.39M) | 时间:00:00.60 | Mem:0.00M, Peak:0.00M | 烟雨江南 · 雪月江南, 视图层 | Synchronizing object | JN_雨丝.549
帧:80 内存:414.41M (峰值 414.41M) | 时间:00:00.60 | Mem:0.00M, Peak:0.00M | 烟雨江南 · 雪月江南, 视图层 | Synchronizing object | JN_雨丝.550
帧:80 内存:414.43M (峰值 414.43M) | 时间:00:00.60 | Mem:0.00M, Peak:0.00M | 烟雨江南 · 雪月江南, 视图层 | Synchronizing object | JN_雨丝.551
帧:80 内存:414.45M (峰值 414.45M) | 时间:00:00.60 | Mem:0.00M, Peak:0.00M | 烟雨江南 · 雪月江南, 视图层 | Synchronizing object | JN_雨丝.552
帧:80 内存:414.47M (峰值 414.47M) | 时间:00:00.60 | Mem:0.00M, Peak:0.00M | 烟雨江南 · 雪月江南, 视图层 | Synchronizing object | JN_雨丝.553
帧:80 内存:414.48M (峰值 414.48M) | 时间:00:00.60 | Mem:0.00M, Peak:0.00M | 烟雨江南 · 雪月江南, 视图层 | Synchronizing object | JN_雨丝.554
帧:80 内存:414.50M (峰值 414.50M) | 时间:00:00.60 | Mem:0.00M, Peak:0.00M | 烟雨江南 · 雪月江南, 视图层 | Synchronizing object | JN_雨丝.555
帧:80 内存:414.52M (峰值 414.52M) | 时间:00:00.60 | Mem:0.00M, Peak:0.00M | 烟雨江南 · 雪月江南, 视图层 | Synchronizing object | JN_雨丝.556
帧:80 内存:414.54M (峰值 414.54M) | 时间:00:00.60 | Mem:0.00M, Peak:0.00M | 烟雨江南 · 雪月江南, 视图层 | Synchronizing object | JN_雨丝.557
帧:80 内存:414.56M (峰值 414.56M) | 时间:00:00.60 | Mem:0.00M, Peak:0.00M | 烟雨江南 · 雪月江南, 视图层 | Synchronizing object | JN_雨丝.558
帧:80 内存:414.58M (峰值 414.58M) | 时间:00:00.60 | Mem:0.00M, Peak:0.00M | 烟雨江南 · 雪月江南, 视图层 | Synchronizing object | JN_雨丝.559
帧:80 内存:414.60M (峰值 414.60M) | 时间:00:00.60 | Mem:0.00M, Peak:0.00M | 烟雨江南 · 雪月江南, 视图层 | Synchronizing object | JN_雨丝.560
帧:80 内存:414.62M (峰值 414.62M) | 时间:00:00.60 | Mem:0.00M, Peak:0.00M | 烟雨江南 · 雪月江南, 视图层 | Synchronizing object | JN_雨丝.561
帧:80 内存:414.64M (峰值 414.64M) | 时间:00:00.60 | Mem:0.00M, Peak:0.00M | 烟雨江南 · 雪月江南, 视图层 | Synchronizing object | JN_雨丝.562
帧:80 内存:414.65M (峰值 414.65M) | 时间:00:00.60 | Mem:0.00M, Peak:0.00M | 烟雨江南 · 雪月江南, 视图层 | Synchronizing object | JN_雨丝.563
帧:80 内存:414.67M (峰值 414.67M) | 时间:00:00.60 | Mem:0.00M, Peak:0.00M | 烟雨江南 · 雪月江南, 视图层 | Synchronizing object | JN_雨丝.564
帧:80 内存:414.69M (峰值 414.69M) | 时间:00:00.60 | Mem:0.00M, Peak:0.00M | 烟雨江南 · 雪月江南, 视图层 | Synchronizing object | JN_雨丝.565
帧:80 内存:414.71M (峰值 414.71M) | 时间:00:00.60 | Mem:0.00M, Peak:0.00M | 烟雨江南 · 雪月江南, 视图层 | Synchronizing object | JN_雨丝.566
帧:80 内存:414.73M (峰值 414.73M) | 时间:00:00.60 | Mem:0.00M, Peak:0.00M | 烟雨江南 · 雪月江南, 视图层 | Synchronizing object | JN_雨丝.567
帧:80 内存:414.75M (峰值 414.75M) | 时间:00:00.60 | Mem:0.00M, Peak:0.00M | 烟雨江南 · 雪月江南, 视图层 | Synchronizing object | JN_雨丝.568
帧:80 内存:414.77M (峰值 414.77M) | 时间:00:00.60 | Mem:0.00M, Peak:0.00M | 烟雨江南 · 雪月江南, 视图层 | Synchronizing object | JN_雨丝.569
帧:80 内存:414.79M (峰值 414.79M) | 时间:00:00.60 | Mem:0.00M, Peak:0.00M | 烟雨江南 · 雪月江南, 视图层 | Synchronizing object | JN_雨丝.570
帧:80 内存:414.81M (峰值 414.81M) | 时间:00:00.60 | Mem:0.00M, Peak:0.00M | 烟雨江南 · 雪月江南, 视图层 | Synchronizing object | JN_雨丝.571
帧:80 内存:414.83M (峰值 414.83M) | 时间:00:00.60 | Mem:0.00M, Peak:0.00M | 烟雨江南 · 雪月江南, 视图层 | Synchronizing object | JN_雨丝.572
帧:80 内存:414.84M (峰值 414.84M) | 时间:00:00.60 | Mem:0.00M, Peak:0.00M | 烟雨江南 · 雪月江南, 视图层 | Synchronizing object | JN_雨丝.573
帧:80 内存:414.86M (峰值 414.86M) | 时间:00:00.60 | Mem:0.00M, Peak:0.00M | 烟雨江南 · 雪月江南, 视图层 | Synchronizing object | JN_雨丝.574
帧:80 内存:414.88M (峰值 414.88M) | 时间:00:00.60 | Mem:0.00M, Peak:0.00M | 烟雨江南 · 雪月江南, 视图层 | Synchronizing object | JN_雨丝.575
帧:80 内存:414.90M (峰值 414.90M) | 时间:00:00.60 | Mem:0.00M, Peak:0.00M | 烟雨江南 · 雪月江南, 视图层 | Synchronizing object | JN_雨丝.576
帧:80 内存:414.92M (峰值 414.92M) | 时间:00:00.60 | Mem:0.00M, Peak:0.00M | 烟雨江南 · 雪月江南, 视图层 | Synchronizing object | JN_雨丝.577
帧:80 内存:414.94M (峰值 414.94M) | 时间:00:00.60 | Mem:0.00M, Peak:0.00M | 烟雨江南 · 雪月江南, 视图层 | Synchronizing object | JN_雨丝.578
帧:80 内存:414.96M (峰值 414.96M) | 时间:00:00.60 | Mem:0.00M, Peak:0.00M | 烟雨江南 · 雪月江南, 视图层 | Synchronizing object | JN_雨丝.579
帧:80 内存:414.98M (峰值 414.98M) | 时间:00:00.60 | Mem:0.00M, Peak:0.00M | 烟雨江南 · 雪月江南, 视图层 | Synchronizing object | JN_雨丝.580
帧:80 内存:415.00M (峰值 415.00M) | 时间:00:00.60 | Mem:0.00M, Peak:0.00M | 烟雨江南 · 雪月江南, 视图层 | Synchronizing object | JN_雨丝.581
帧:80 内存:415.02M (峰值 415.02M) | 时间:00:00.60 | Mem:0.00M, Peak:0.00M | 烟雨江南 · 雪月江南, 视图层 | Synchronizing object | JN_雨丝.582
帧:80 内存:415.03M (峰值 415.03M) | 时间:00:00.60 | Mem:0.00M, Peak:0.00M | 烟雨江南 · 雪月江南, 视图层 | Synchronizing object | JN_雨丝.583
帧:80 内存:415.05M (峰值 415.05M) | 时间:00:00.60 | Mem:0.00M, Peak:0.00M | 烟雨江南 · 雪月江南, 视图层 | Synchronizing object | JN_雨丝.584
帧:80 内存:415.07M (峰值 415.07M) | 时间:00:00.60 | Mem:0.00M, Peak:0.00M | 烟雨江南 · 雪月江南, 视图层 | Synchronizing object | JN_雨丝.585
帧:80 内存:415.09M (峰值 415.09M) | 时间:00:00.60 | Mem:0.00M, Peak:0.00M | 烟雨江南 · 雪月江南, 视图层 | Synchronizing object | JN_雨丝.586
帧:80 内存:415.11M (峰值 415.11M) | 时间:00:00.60 | Mem:0.00M, Peak:0.00M | 烟雨江南 · 雪月江南, 视图层 | Synchronizing object | JN_雨丝.587
帧:80 内存:415.13M (峰值 415.13M) | 时间:00:00.60 | Mem:0.00M, Peak:0.00M | 烟雨江南 · 雪月江南, 视图层 | Synchronizing object | JN_雨丝.588
帧:80 内存:415.15M (峰值 415.15M) | 时间:00:00.60 | Mem:0.00M, Peak:0.00M | 烟雨江南 · 雪月江南, 视图层 | Synchronizing object | JN_雨丝.589
帧:80 内存:415.17M (峰值 415.17M) | 时间:00:00.60 | Mem:0.00M, Peak:0.00M | 烟雨江南 · 雪月江南, 视图层 | Synchronizing object | JN_雨丝.590
帧:80 内存:415.19M (峰值 415.19M) | 时间:00:00.60 | Mem:0.00M, Peak:0.00M | 烟雨江南 · 雪月江南, 视图层 | Synchronizing object | JN_雨丝.591
帧:80 内存:415.20M (峰值 415.20M) | 时间:00:00.60 | Mem:0.00M, Peak:0.00M | 烟雨江南 · 雪月江南, 视图层 | Synchronizing object | JN_雨丝.592
帧:80 内存:415.22M (峰值 415.22M) | 时间:00:00.60 | Mem:0.00M, Peak:0.00M | 烟雨江南 · 雪月江南, 视图层 | Synchronizing object | JN_雨丝.593
帧:80 内存:415.24M (峰值 415.24M) | 时间:00:00.60 | Mem:0.00M, Peak:0.00M | 烟雨江南 · 雪月江南, 视图层 | Synchronizing object | JN_雨丝.594
帧:80 内存:415.26M (峰值 415.26M) | 时间:00:00.60 | Mem:0.00M, Peak:0.00M | 烟雨江南 · 雪月江南, 视图层 | Synchronizing object | JN_雨丝.595
帧:80 内存:415.28M (峰值 415.28M) | 时间:00:00.60 | Mem:0.00M, Peak:0.00M | 烟雨江南 · 雪月江南, 视图层 | Synchronizing object | JN_雨丝.596
帧:80 内存:415.30M (峰值 415.30M) | 时间:00:00.60 | Mem:0.00M, Peak:0.00M | 烟雨江南 · 雪月江南, 视图层 | Synchronizing object | JN_雨丝.597
帧:80 内存:415.32M (峰值 415.32M) | 时间:00:00.60 | Mem:0.00M, Peak:0.00M | 烟雨江南 · 雪月江南, 视图层 | Synchronizing object | JN_雨丝.598
帧:80 内存:415.34M (峰值 415.34M) | 时间:00:00.60 | Mem:0.00M, Peak:0.00M | 烟雨江南 · 雪月江南, 视图层 | Synchronizing object | JN_雨丝.599
帧:80 内存:415.36M (峰值 415.36M) | 时间:00:00.60 | Mem:0.00M, Peak:0.00M | 烟雨江南 · 雪月江南, 视图层 | Synchronizing object | JN_雨丝.600
帧:80 内存:415.38M (峰值 415.38M) | 时间:00:00.60 | Mem:0.00M, Peak:0.00M | 烟雨江南 · 雪月江南, 视图层 | Synchronizing object | JN_雨丝.601
帧:80 内存:415.39M (峰值 415.39M) | 时间:00:00.60 | Mem:0.00M, Peak:0.00M | 烟雨江南 · 雪月江南, 视图层 | Synchronizing object | JN_雨丝.602
帧:80 内存:415.41M (峰值 415.41M) | 时间:00:00.60 | Mem:0.00M, Peak:0.00M | 烟雨江南 · 雪月江南, 视图层 | Synchronizing object | JN_雨丝.603
帧:80 内存:415.43M (峰值 415.43M) | 时间:00:00.60 | Mem:0.00M, Peak:0.00M | 烟雨江南 · 雪月江南, 视图层 | Synchronizing object | JN_雨丝.604
帧:80 内存:415.45M (峰值 415.45M) | 时间:00:00.60 | Mem:0.00M, Peak:0.00M | 烟雨江南 · 雪月江南, 视图层 | Synchronizing object | JN_雨丝.605
帧:80 内存:415.47M (峰值 415.47M) | 时间:00:00.60 | Mem:0.00M, Peak:0.00M | 烟雨江南 · 雪月江南, 视图层 | Synchronizing object | JN_雨丝.606
帧:80 内存:415.49M (峰值 415.49M) | 时间:00:00.61 | Mem:0.00M, Peak:0.00M | 烟雨江南 · 雪月江南, 视图层 | Synchronizing object | JN_雨丝.607
帧:80 内存:415.51M (峰值 415.51M) | 时间:00:00.61 | Mem:0.00M, Peak:0.00M | 烟雨江南 · 雪月江南, 视图层 | Synchronizing object | JN_雨丝.608
帧:80 内存:415.53M (峰值 415.53M) | 时间:00:00.61 | Mem:0.00M, Peak:0.00M | 烟雨江南 · 雪月江南, 视图层 | Synchronizing object | JN_雨丝.609
帧:80 内存:415.55M (峰值 415.55M) | 时间:00:00.61 | Mem:0.00M, Peak:0.00M | 烟雨江南 · 雪月江南, 视图层 | Synchronizing object | JN_雨丝.610
帧:80 内存:415.57M (峰值 415.57M) | 时间:00:00.61 | Mem:0.00M, Peak:0.00M | 烟雨江南 · 雪月江南, 视图层 | Synchronizing object | JN_雨丝.611
帧:80 内存:415.58M (峰值 415.58M) | 时间:00:00.61 | Mem:0.00M, Peak:0.00M | 烟雨江南 · 雪月江南, 视图层 | Synchronizing object | JN_雨丝.612
帧:80 内存:415.60M (峰值 415.60M) | 时间:00:00.61 | Mem:0.00M, Peak:0.00M | 烟雨江南 · 雪月江南, 视图层 | Synchronizing object | JN_雨丝.613
帧:80 内存:415.62M (峰值 415.62M) | 时间:00:00.61 | Mem:0.00M, Peak:0.00M | 烟雨江南 · 雪月江南, 视图层 | Synchronizing object | JN_雨丝.614
帧:80 内存:415.64M (峰值 415.64M) | 时间:00:00.61 | Mem:0.00M, Peak:0.00M | 烟雨江南 · 雪月江南, 视图层 | Synchronizing object | JN_雨丝.615
帧:80 内存:415.66M (峰值 415.66M) | 时间:00:00.61 | Mem:0.00M, Peak:0.00M | 烟雨江南 · 雪月江南, 视图层 | Synchronizing object | JN_雨丝.616
帧:80 内存:415.68M (峰值 415.68M) | 时间:00:00.61 | Mem:0.00M, Peak:0.00M | 烟雨江南 · 雪月江南, 视图层 | Synchronizing object | JN_雨丝.617
帧:80 内存:415.70M (峰值 415.70M) | 时间:00:00.61 | Mem:0.00M, Peak:0.00M | 烟雨江南 · 雪月江南, 视图层 | Synchronizing object | JN_雨丝.618
帧:80 内存:415.72M (峰值 415.72M) | 时间:00:00.61 | Mem:0.00M, Peak:0.00M | 烟雨江南 · 雪月江南, 视图层 | Synchronizing object | JN_雨丝.619
帧:80 内存:415.74M (峰值 415.74M) | 时间:00:00.61 | Mem:0.00M, Peak:0.00M | 烟雨江南 · 雪月江南, 视图层 | Synchronizing object | JN_雨丝.620
帧:80 内存:415.75M (峰值 415.75M) | 时间:00:00.61 | Mem:0.00M, Peak:0.00M | 烟雨江南 · 雪月江南, 视图层 | Synchronizing object | JN_雨丝.621
帧:80 内存:415.77M (峰值 415.77M) | 时间:00:00.61 | Mem:0.00M, Peak:0.00M | 烟雨江南 · 雪月江南, 视图层 | Synchronizing object | JN_雨丝.622
帧:80 内存:415.79M (峰值 415.79M) | 时间:00:00.61 | Mem:0.00M, Peak:0.00M | 烟雨江南 · 雪月江南, 视图层 | Synchronizing object | JN_雨丝.623
帧:80 内存:415.81M (峰值 415.81M) | 时间:00:00.61 | Mem:0.00M, Peak:0.00M | 烟雨江南 · 雪月江南, 视图层 | Synchronizing object | JN_雨丝.624
帧:80 内存:415.83M (峰值 415.83M) | 时间:00:00.61 | Mem:0.00M, Peak:0.00M | 烟雨江南 · 雪月江南, 视图层 | Synchronizing object | JN_雨丝.625
帧:80 内存:415.85M (峰值 415.85M) | 时间:00:00.61 | Mem:0.00M, Peak:0.00M | 烟雨江南 · 雪月江南, 视图层 | Synchronizing object | JN_雨丝.626
帧:80 内存:415.87M (峰值 415.87M) | 时间:00:00.61 | Mem:0.00M, Peak:0.00M | 烟雨江南 · 雪月江南, 视图层 | Synchronizing object | JN_雨丝.627
帧:80 内存:415.89M (峰值 415.89M) | 时间:00:00.61 | Mem:0.00M, Peak:0.00M | 烟雨江南 · 雪月江南, 视图层 | Synchronizing object | JN_雨丝.628
帧:80 内存:415.91M (峰值 415.91M) | 时间:00:00.61 | Mem:0.00M, Peak:0.00M | 烟雨江南 · 雪月江南, 视图层 | Synchronizing object | JN_雨丝.629
帧:80 内存:415.93M (峰值 415.93M) | 时间:00:00.61 | Mem:0.00M, Peak:0.00M | 烟雨江南 · 雪月江南, 视图层 | Synchronizing object | JN_雨丝.630
帧:80 内存:415.94M (峰值 415.94M) | 时间:00:00.61 | Mem:0.00M, Peak:0.00M | 烟雨江南 · 雪月江南, 视图层 | Synchronizing object | JN_雨丝.631
帧:80 内存:415.96M (峰值 415.96M) | 时间:00:00.61 | Mem:0.00M, Peak:0.00M | 烟雨江南 · 雪月江南, 视图层 | Synchronizing object | JN_雨丝.632
帧:80 内存:415.98M (峰值 415.98M) | 时间:00:00.61 | Mem:0.00M, Peak:0.00M | 烟雨江南 · 雪月江南, 视图层 | Synchronizing object | JN_雨丝.633
帧:80 内存:416.00M (峰值 416.00M) | 时间:00:00.61 | Mem:0.00M, Peak:0.00M | 烟雨江南 · 雪月江南, 视图层 | Synchronizing object | JN_雨丝.634
帧:80 内存:416.02M (峰值 416.02M) | 时间:00:00.61 | Mem:0.00M, Peak:0.00M | 烟雨江南 · 雪月江南, 视图层 | Synchronizing object | JN_雨丝.635
帧:80 内存:416.04M (峰值 416.04M) | 时间:00:00.61 | Mem:0.00M, Peak:0.00M | 烟雨江南 · 雪月江南, 视图层 | Synchronizing object | JN_雨丝.636
帧:80 内存:416.06M (峰值 416.06M) | 时间:00:00.61 | Mem:0.00M, Peak:0.00M | 烟雨江南 · 雪月江南, 视图层 | Synchronizing object | JN_雨丝.637
帧:80 内存:416.08M (峰值 416.08M) | 时间:00:00.61 | Mem:0.00M, Peak:0.00M | 烟雨江南 · 雪月江南, 视图层 | Synchronizing object | JN_雨丝.638
帧:80 内存:416.10M (峰值 416.10M) | 时间:00:00.61 | Mem:0.00M, Peak:0.00M | 烟雨江南 · 雪月江南, 视图层 | Synchronizing object | JN_雨丝.639
帧:80 内存:416.11M (峰值 416.11M) | 时间:00:00.61 | Mem:0.00M, Peak:0.00M | 烟雨江南 · 雪月江南, 视图层 | Synchronizing object | JN_雨丝.640
帧:80 内存:416.13M (峰值 416.13M) | 时间:00:00.61 | Mem:0.00M, Peak:0.00M | 烟雨江南 · 雪月江南, 视图层 | Synchronizing object | JN_雨丝.641
帧:80 内存:416.15M (峰值 416.15M) | 时间:00:00.61 | Mem:0.00M, Peak:0.00M | 烟雨江南 · 雪月江南, 视图层 | Synchronizing object | JN_雨丝.642
帧:80 内存:416.17M (峰值 416.17M) | 时间:00:00.61 | Mem:0.00M, Peak:0.00M | 烟雨江南 · 雪月江南, 视图层 | Synchronizing object | JN_雨丝.643
帧:80 内存:416.19M (峰值 416.19M) | 时间:00:00.61 | Mem:0.00M, Peak:0.00M | 烟雨江南 · 雪月江南, 视图层 | Synchronizing object | JN_雨丝.644
帧:80 内存:416.21M (峰值 416.21M) | 时间:00:00.61 | Mem:0.00M, Peak:0.00M | 烟雨江南 · 雪月江南, 视图层 | Synchronizing object | JN_雨丝.645
帧:80 内存:416.23M (峰值 416.23M) | 时间:00:00.61 | Mem:0.00M, Peak:0.00M | 烟雨江南 · 雪月江南, 视图层 | Synchronizing object | JN_雨丝.646
帧:80 内存:416.25M (峰值 416.25M) | 时间:00:00.61 | Mem:0.00M, Peak:0.00M | 烟雨江南 · 雪月江南, 视图层 | Synchronizing object | JN_雨丝.647
帧:80 内存:416.27M (峰值 416.27M) | 时间:00:00.61 | Mem:0.00M, Peak:0.00M | 烟雨江南 · 雪月江南, 视图层 | Synchronizing object | JN_雨丝.648
帧:80 内存:416.29M (峰值 416.29M) | 时间:00:00.61 | Mem:0.00M, Peak:0.00M | 烟雨江南 · 雪月江南, 视图层 | Synchronizing object | JN_雨丝.649
帧:80 内存:416.30M (峰值 416.30M) | 时间:00:00.61 | Mem:0.00M, Peak:0.00M | 烟雨江南 · 雪月江南, 视图层 | Synchronizing object | JN_雨丝.650
帧:80 内存:416.32M (峰值 416.32M) | 时间:00:00.61 | Mem:0.00M, Peak:0.00M | 烟雨江南 · 雪月江南, 视图层 | Synchronizing object | JN_雨丝.651
帧:80 内存:416.34M (峰值 416.34M) | 时间:00:00.61 | Mem:0.00M, Peak:0.00M | 烟雨江南 · 雪月江南, 视图层 | Synchronizing object | JN_雨丝.652
帧:80 内存:416.36M (峰值 416.36M) | 时间:00:00.61 | Mem:0.00M, Peak:0.00M | 烟雨江南 · 雪月江南, 视图层 | Synchronizing object | JN_雨丝.653
帧:80 内存:416.38M (峰值 416.38M) | 时间:00:00.61 | Mem:0.00M, Peak:0.00M | 烟雨江南 · 雪月江南, 视图层 | Synchronizing object | JN_雨丝.654
帧:80 内存:416.40M (峰值 416.40M) | 时间:00:00.61 | Mem:0.00M, Peak:0.00M | 烟雨江南 · 雪月江南, 视图层 | Synchronizing object | JN_雨丝.655
帧:80 内存:416.42M (峰值 416.42M) | 时间:00:00.61 | Mem:0.00M, Peak:0.00M | 烟雨江南 · 雪月江南, 视图层 | Synchronizing object | JN_雨丝.656
帧:80 内存:416.44M (峰值 416.44M) | 时间:00:00.61 | Mem:0.00M, Peak:0.00M | 烟雨江南 · 雪月江南, 视图层 | Synchronizing object | JN_雨丝.657
帧:80 内存:416.46M (峰值 416.46M) | 时间:00:00.61 | Mem:0.00M, Peak:0.00M | 烟雨江南 · 雪月江南, 视图层 | Synchronizing object | JN_雨丝.658
帧:80 内存:416.48M (峰值 416.48M) | 时间:00:00.61 | Mem:0.00M, Peak:0.00M | 烟雨江南 · 雪月江南, 视图层 | Synchronizing object | JN_雨丝.659
帧:80 内存:416.49M (峰值 416.49M) | 时间:00:00.61 | Mem:0.00M, Peak:0.00M | 烟雨江南 · 雪月江南, 视图层 | Synchronizing object | JN_雨丝.660
帧:80 内存:416.51M (峰值 416.51M) | 时间:00:00.61 | Mem:0.00M, Peak:0.00M | 烟雨江南 · 雪月江南, 视图层 | Synchronizing object | JN_雨丝.661
帧:80 内存:416.53M (峰值 416.53M) | 时间:00:00.61 | Mem:0.00M, Peak:0.00M | 烟雨江南 · 雪月江南, 视图层 | Synchronizing object | JN_雨丝.662
帧:80 内存:416.55M (峰值 416.55M) | 时间:00:00.61 | Mem:0.00M, Peak:0.00M | 烟雨江南 · 雪月江南, 视图层 | Synchronizing object | JN_雨丝.663
帧:80 内存:416.57M (峰值 416.57M) | 时间:00:00.61 | Mem:0.00M, Peak:0.00M | 烟雨江南 · 雪月江南, 视图层 | Synchronizing object | JN_雨丝.664
帧:80 内存:416.59M (峰值 416.59M) | 时间:00:00.61 | Mem:0.00M, Peak:0.00M | 烟雨江南 · 雪月江南, 视图层 | Synchronizing object | JN_雨丝.665
帧:80 内存:416.61M (峰值 416.61M) | 时间:00:00.61 | Mem:0.00M, Peak:0.00M | 烟雨江南 · 雪月江南, 视图层 | Synchronizing object | JN_雨丝.666
帧:80 内存:416.63M (峰值 416.63M) | 时间:00:00.61 | Mem:0.00M, Peak:0.00M | 烟雨江南 · 雪月江南, 视图层 | Synchronizing object | JN_雨丝.667
帧:80 内存:416.65M (峰值 416.65M) | 时间:00:00.62 | Mem:0.00M, Peak:0.00M | 烟雨江南 · 雪月江南, 视图层 | Synchronizing object | JN_雨丝.668
帧:80 内存:416.66M (峰值 416.66M) | 时间:00:00.62 | Mem:0.00M, Peak:0.00M | 烟雨江南 · 雪月江南, 视图层 | Synchronizing object | JN_雨丝.669
帧:80 内存:416.68M (峰值 416.68M) | 时间:00:00.62 | Mem:0.00M, Peak:0.00M | 烟雨江南 · 雪月江南, 视图层 | Synchronizing object | JN_雨丝.670
帧:80 内存:416.70M (峰值 416.70M) | 时间:00:00.62 | Mem:0.00M, Peak:0.00M | 烟雨江南 · 雪月江南, 视图层 | Synchronizing object | JN_雨丝.671
帧:80 内存:416.72M (峰值 416.72M) | 时间:00:00.62 | Mem:0.00M, Peak:0.00M | 烟雨江南 · 雪月江南, 视图层 | Synchronizing object | JN_雨丝.672
帧:80 内存:416.74M (峰值 416.74M) | 时间:00:00.62 | Mem:0.00M, Peak:0.00M | 烟雨江南 · 雪月江南, 视图层 | Synchronizing object | JN_雨丝.673
帧:80 内存:416.76M (峰值 416.76M) | 时间:00:00.62 | Mem:0.00M, Peak:0.00M | 烟雨江南 · 雪月江南, 视图层 | Synchronizing object | JN_雨丝.674
帧:80 内存:416.78M (峰值 416.78M) | 时间:00:00.62 | Mem:0.00M, Peak:0.00M | 烟雨江南 · 雪月江南, 视图层 | Synchronizing object | JN_雨丝.675
帧:80 内存:416.80M (峰值 416.80M) | 时间:00:00.62 | Mem:0.00M, Peak:0.00M | 烟雨江南 · 雪月江南, 视图层 | Synchronizing object | JN_雨丝.676
帧:80 内存:416.82M (峰值 416.82M) | 时间:00:00.62 | Mem:0.00M, Peak:0.00M | 烟雨江南 · 雪月江南, 视图层 | Synchronizing object | JN_雨丝.677
帧:80 内存:416.84M (峰值 416.84M) | 时间:00:00.62 | Mem:0.00M, Peak:0.00M | 烟雨江南 · 雪月江南, 视图层 | Synchronizing object | JN_雨丝.678
帧:80 内存:416.85M (峰值 416.85M) | 时间:00:00.62 | Mem:0.00M, Peak:0.00M | 烟雨江南 · 雪月江南, 视图层 | Synchronizing object | JN_雨丝.679
帧:80 内存:416.87M (峰值 416.87M) | 时间:00:00.62 | Mem:0.00M, Peak:0.00M | 烟雨江南 · 雪月江南, 视图层 | Synchronizing object | JN_雨丝.680
帧:80 内存:416.89M (峰值 416.89M) | 时间:00:00.62 | Mem:0.00M, Peak:0.00M | 烟雨江南 · 雪月江南, 视图层 | Synchronizing object | JN_雨丝.681
帧:80 内存:416.91M (峰值 416.91M) | 时间:00:00.62 | Mem:0.00M, Peak:0.00M | 烟雨江南 · 雪月江南, 视图层 | Synchronizing object | JN_雨丝.682
帧:80 内存:416.93M (峰值 416.93M) | 时间:00:00.62 | Mem:0.00M, Peak:0.00M | 烟雨江南 · 雪月江南, 视图层 | Synchronizing object | JN_雨丝.683
帧:80 内存:416.95M (峰值 416.95M) | 时间:00:00.62 | Mem:0.00M, Peak:0.00M | 烟雨江南 · 雪月江南, 视图层 | Synchronizing object | JN_雨丝.684
帧:80 内存:416.97M (峰值 416.97M) | 时间:00:00.62 | Mem:0.00M, Peak:0.00M | 烟雨江南 · 雪月江南, 视图层 | Synchronizing object | JN_雨丝.685
帧:80 内存:416.99M (峰值 416.99M) | 时间:00:00.62 | Mem:0.00M, Peak:0.00M | 烟雨江南 · 雪月江南, 视图层 | Synchronizing object | JN_雨丝.686
帧:80 内存:417.01M (峰值 417.01M) | 时间:00:00.62 | Mem:0.00M, Peak:0.00M | 烟雨江南 · 雪月江南, 视图层 | Synchronizing object | JN_雨丝.687
帧:80 内存:417.03M (峰值 417.03M) | 时间:00:00.62 | Mem:0.00M, Peak:0.00M | 烟雨江南 · 雪月江南, 视图层 | Synchronizing object | JN_雨丝.688
帧:80 内存:417.04M (峰值 417.04M) | 时间:00:00.62 | Mem:0.00M, Peak:0.00M | 烟雨江南 · 雪月江南, 视图层 | Synchronizing object | JN_雨丝.689
帧:80 内存:417.06M (峰值 417.06M) | 时间:00:00.62 | Mem:0.00M, Peak:0.00M | 烟雨江南 · 雪月江南, 视图层 | Synchronizing object | JN_雨丝.690
帧:80 内存:417.08M (峰值 417.08M) | 时间:00:00.62 | Mem:0.00M, Peak:0.00M | 烟雨江南 · 雪月江南, 视图层 | Synchronizing object | JN_雨丝.691
帧:80 内存:417.10M (峰值 417.10M) | 时间:00:00.62 | Mem:0.00M, Peak:0.00M | 烟雨江南 · 雪月江南, 视图层 | Synchronizing object | JN_雨丝.692
帧:80 内存:417.12M (峰值 417.12M) | 时间:00:00.62 | Mem:0.00M, Peak:0.00M | 烟雨江南 · 雪月江南, 视图层 | Synchronizing object | JN_雨丝.693
帧:80 内存:417.14M (峰值 417.14M) | 时间:00:00.62 | Mem:0.00M, Peak:0.00M | 烟雨江南 · 雪月江南, 视图层 | Synchronizing object | JN_雨丝.694
帧:80 内存:417.16M (峰值 417.16M) | 时间:00:00.62 | Mem:0.00M, Peak:0.00M | 烟雨江南 · 雪月江南, 视图层 | Synchronizing object | JN_雨丝.695
帧:80 内存:417.18M (峰值 417.18M) | 时间:00:00.62 | Mem:0.00M, Peak:0.00M | 烟雨江南 · 雪月江南, 视图层 | Synchronizing object | JN_雨丝.696
帧:80 内存:417.20M (峰值 417.20M) | 时间:00:00.62 | Mem:0.00M, Peak:0.00M | 烟雨江南 · 雪月江南, 视图层 | Synchronizing object | JN_雨丝.697
帧:80 内存:417.21M (峰值 417.21M) | 时间:00:00.62 | Mem:0.00M, Peak:0.00M | 烟雨江南 · 雪月江南, 视图层 | Synchronizing object | JN_雨丝.698
帧:80 内存:417.23M (峰值 417.23M) | 时间:00:00.62 | Mem:0.00M, Peak:0.00M | 烟雨江南 · 雪月江南, 视图层 | Synchronizing object | JN_雨丝.699
帧:80 内存:417.25M (峰值 417.25M) | 时间:00:00.62 | Mem:0.00M, Peak:0.00M | 烟雨江南 · 雪月江南, 视图层 | Synchronizing object | JN_雨丝.700
帧:80 内存:417.27M (峰值 417.27M) | 时间:00:00.62 | Mem:0.00M, Peak:0.00M | 烟雨江南 · 雪月江南, 视图层 | Synchronizing object | JN_雨丝.701
帧:80 内存:417.29M (峰值 417.29M) | 时间:00:00.62 | Mem:0.00M, Peak:0.00M | 烟雨江南 · 雪月江南, 视图层 | Synchronizing object | JN_雨丝.702
帧:80 内存:417.31M (峰值 417.31M) | 时间:00:00.62 | Mem:0.00M, Peak:0.00M | 烟雨江南 · 雪月江南, 视图层 | Synchronizing object | JN_雨丝.703
帧:80 内存:417.33M (峰值 417.33M) | 时间:00:00.62 | Mem:0.00M, Peak:0.00M | 烟雨江南 · 雪月江南, 视图层 | Synchronizing object | JN_雨丝.704
帧:80 内存:417.35M (峰值 417.35M) | 时间:00:00.62 | Mem:0.00M, Peak:0.00M | 烟雨江南 · 雪月江南, 视图层 | Synchronizing object | JN_雨丝.705
帧:80 内存:417.37M (峰值 417.37M) | 时间:00:00.62 | Mem:0.00M, Peak:0.00M | 烟雨江南 · 雪月江南, 视图层 | Synchronizing object | JN_雨丝.706
帧:80 内存:417.39M (峰值 417.39M) | 时间:00:00.62 | Mem:0.00M, Peak:0.00M | 烟雨江南 · 雪月江南, 视图层 | Synchronizing object | JN_雨丝.707
帧:80 内存:417.40M (峰值 417.40M) | 时间:00:00.62 | Mem:0.00M, Peak:0.00M | 烟雨江南 · 雪月江南, 视图层 | Synchronizing object | JN_雨丝.708
帧:80 内存:417.42M (峰值 417.42M) | 时间:00:00.62 | Mem:0.00M, Peak:0.00M | 烟雨江南 · 雪月江南, 视图层 | Synchronizing object | JN_雨丝.709
帧:80 内存:417.44M (峰值 417.44M) | 时间:00:00.62 | Mem:0.00M, Peak:0.00M | 烟雨江南 · 雪月江南, 视图层 | Synchronizing object | JN_雨丝.710
帧:80 内存:417.46M (峰值 417.46M) | 时间:00:00.62 | Mem:0.00M, Peak:0.00M | 烟雨江南 · 雪月江南, 视图层 | Synchronizing object | JN_雨丝.711
帧:80 内存:417.48M (峰值 417.48M) | 时间:00:00.62 | Mem:0.00M, Peak:0.00M | 烟雨江南 · 雪月江南, 视图层 | Synchronizing object | JN_雨丝.712
帧:80 内存:417.50M (峰值 417.50M) | 时间:00:00.62 | Mem:0.00M, Peak:0.00M | 烟雨江南 · 雪月江南, 视图层 | Synchronizing object | JN_雨丝.713
帧:80 内存:417.52M (峰值 417.52M) | 时间:00:00.62 | Mem:0.00M, Peak:0.00M | 烟雨江南 · 雪月江南, 视图层 | Synchronizing object | JN_雨丝.714
帧:80 内存:417.54M (峰值 417.54M) | 时间:00:00.62 | Mem:0.00M, Peak:0.00M | 烟雨江南 · 雪月江南, 视图层 | Synchronizing object | JN_雨丝.715
帧:80 内存:417.56M (峰值 417.56M) | 时间:00:00.62 | Mem:0.00M, Peak:0.00M | 烟雨江南 · 雪月江南, 视图层 | Synchronizing object | JN_雨丝.716
帧:80 内存:417.58M (峰值 417.58M) | 时间:00:00.62 | Mem:0.00M, Peak:0.00M | 烟雨江南 · 雪月江南, 视图层 | Synchronizing object | JN_雨丝.717
帧:80 内存:417.59M (峰值 417.59M) | 时间:00:00.62 | Mem:0.00M, Peak:0.00M | 烟雨江南 · 雪月江南, 视图层 | Synchronizing object | JN_雨丝.718
帧:80 内存:417.61M (峰值 417.61M) | 时间:00:00.62 | Mem:0.00M, Peak:0.00M | 烟雨江南 · 雪月江南, 视图层 | Synchronizing object | JN_雨丝.719
帧:80 内存:417.63M (峰值 417.63M) | 时间:00:00.62 | Mem:0.00M, Peak:0.00M | 烟雨江南 · 雪月江南, 视图层 | Synchronizing object | JN_雨丝.720
帧:80 内存:417.65M (峰值 417.65M) | 时间:00:00.62 | Mem:0.00M, Peak:0.00M | 烟雨江南 · 雪月江南, 视图层 | Synchronizing object | JN_雨丝.721
帧:80 内存:417.67M (峰值 417.67M) | 时间:00:00.62 | Mem:0.00M, Peak:0.00M | 烟雨江南 · 雪月江南, 视图层 | Synchronizing object | JN_雨丝.722
帧:80 内存:417.69M (峰值 417.69M) | 时间:00:00.62 | Mem:0.00M, Peak:0.00M | 烟雨江南 · 雪月江南, 视图层 | Synchronizing object | JN_雨丝.723
帧:80 内存:417.71M (峰值 417.71M) | 时间:00:00.62 | Mem:0.00M, Peak:0.00M | 烟雨江南 · 雪月江南, 视图层 | Synchronizing object | JN_雨丝.724
帧:80 内存:417.73M (峰值 417.73M) | 时间:00:00.62 | Mem:0.00M, Peak:0.00M | 烟雨江南 · 雪月江南, 视图层 | Synchronizing object | JN_雨丝.725
帧:80 内存:417.75M (峰值 417.75M) | 时间:00:00.62 | Mem:0.00M, Peak:0.00M | 烟雨江南 · 雪月江南, 视图层 | Synchronizing object | JN_雨丝.726
帧:80 内存:417.76M (峰值 417.76M) | 时间:00:00.62 | Mem:0.00M, Peak:0.00M | 烟雨江南 · 雪月江南, 视图层 | Synchronizing object | JN_雨丝.727
帧:80 内存:417.78M (峰值 417.78M) | 时间:00:00.62 | Mem:0.00M, Peak:0.00M | 烟雨江南 · 雪月江南, 视图层 | Synchronizing object | JN_雨丝.728
帧:80 内存:417.80M (峰值 417.80M) | 时间:00:00.62 | Mem:0.00M, Peak:0.00M | 烟雨江南 · 雪月江南, 视图层 | Synchronizing object | JN_雨丝.729
帧:80 内存:417.82M (峰值 417.82M) | 时间:00:00.62 | Mem:0.00M, Peak:0.00M | 烟雨江南 · 雪月江南, 视图层 | Synchronizing object | JN_雨丝.730
帧:80 内存:417.84M (峰值 417.84M) | 时间:00:00.62 | Mem:0.00M, Peak:0.00M | 烟雨江南 · 雪月江南, 视图层 | Synchronizing object | JN_雨丝.731
帧:80 内存:417.86M (峰值 417.86M) | 时间:00:00.62 | Mem:0.00M, Peak:0.00M | 烟雨江南 · 雪月江南, 视图层 | Synchronizing object | JN_雨丝.732
帧:80 内存:417.88M (峰值 417.88M) | 时间:00:00.62 | Mem:0.00M, Peak:0.00M | 烟雨江南 · 雪月江南, 视图层 | Synchronizing object | JN_雨丝.733
帧:80 内存:417.90M (峰值 417.90M) | 时间:00:00.62 | Mem:0.00M, Peak:0.00M | 烟雨江南 · 雪月江南, 视图层 | Synchronizing object | JN_雨丝.734
帧:80 内存:417.92M (峰值 417.92M) | 时间:00:00.62 | Mem:0.00M, Peak:0.00M | 烟雨江南 · 雪月江南, 视图层 | Synchronizing object | JN_雨丝.735
帧:80 内存:417.94M (峰值 417.94M) | 时间:00:00.62 | Mem:0.00M, Peak:0.00M | 烟雨江南 · 雪月江南, 视图层 | Synchronizing object | JN_雨丝.736
帧:80 内存:417.95M (峰值 417.95M) | 时间:00:00.62 | Mem:0.00M, Peak:0.00M | 烟雨江南 · 雪月江南, 视图层 | Synchronizing object | JN_雨丝.737
帧:80 内存:417.97M (峰值 417.97M) | 时间:00:00.62 | Mem:0.00M, Peak:0.00M | 烟雨江南 · 雪月江南, 视图层 | Synchronizing object | JN_雨丝.738
帧:80 内存:417.99M (峰值 417.99M) | 时间:00:00.62 | Mem:0.00M, Peak:0.00M | 烟雨江南 · 雪月江南, 视图层 | Synchronizing object | JN_雨丝.739
帧:80 内存:418.01M (峰值 418.01M) | 时间:00:00.62 | Mem:0.00M, Peak:0.00M | 烟雨江南 · 雪月江南, 视图层 | Synchronizing object | JN_雨丝.740
帧:80 内存:418.03M (峰值 418.03M) | 时间:00:00.62 | Mem:0.00M, Peak:0.00M | 烟雨江南 · 雪月江南, 视图层 | Synchronizing object | JN_雨丝.741
帧:80 内存:418.05M (峰值 418.05M) | 时间:00:00.63 | Mem:0.00M, Peak:0.00M | 烟雨江南 · 雪月江南, 视图层 | Synchronizing object | JN_雨丝.742
帧:80 内存:418.07M (峰值 418.07M) | 时间:00:00.63 | Mem:0.00M, Peak:0.00M | 烟雨江南 · 雪月江南, 视图层 | Synchronizing object | JN_雨丝.743
帧:80 内存:418.09M (峰值 418.09M) | 时间:00:00.63 | Mem:0.00M, Peak:0.00M | 烟雨江南 · 雪月江南, 视图层 | Synchronizing object | JN_雨丝.744
帧:80 内存:418.11M (峰值 418.11M) | 时间:00:00.63 | Mem:0.00M, Peak:0.00M | 烟雨江南 · 雪月江南, 视图层 | Synchronizing object | JN_雨丝.745
帧:80 内存:418.13M (峰值 418.13M) | 时间:00:00.63 | Mem:0.00M, Peak:0.00M | 烟雨江南 · 雪月江南, 视图层 | Synchronizing object | JN_雨丝.746
帧:80 内存:418.14M (峰值 418.14M) | 时间:00:00.63 | Mem:0.00M, Peak:0.00M | 烟雨江南 · 雪月江南, 视图层 | Synchronizing object | JN_雨丝.747
帧:80 内存:418.16M (峰值 418.16M) | 时间:00:00.63 | Mem:0.00M, Peak:0.00M | 烟雨江南 · 雪月江南, 视图层 | Synchronizing object | JN_雨丝.748
帧:80 内存:418.18M (峰值 418.18M) | 时间:00:00.63 | Mem:0.00M, Peak:0.00M | 烟雨江南 · 雪月江南, 视图层 | Synchronizing object | JN_雨丝.749
帧:80 内存:418.20M (峰值 418.20M) | 时间:00:00.63 | Mem:0.00M, Peak:0.00M | 烟雨江南 · 雪月江南, 视图层 | Synchronizing object | JN_雨落涟漪
帧:80 内存:418.78M (峰值 418.78M) | 时间:00:00.63 | Mem:0.00M, Peak:0.00M | 烟雨江南 · 雪月江南, 视图层 | Synchronizing object | JN_雨落涟漪.001
帧:80 内存:419.36M (峰值 419.36M) | 时间:00:00.63 | Mem:0.00M, Peak:0.00M | 烟雨江南 · 雪月江南, 视图层 | Synchronizing object | JN_雨落涟漪.002
帧:80 内存:419.94M (峰值 419.94M) | 时间:00:00.63 | Mem:0.00M, Peak:0.00M | 烟雨江南 · 雪月江南, 视图层 | Synchronizing object | JN_雨落涟漪.003
帧:80 内存:420.52M (峰值 420.52M) | 时间:00:00.63 | Mem:0.00M, Peak:0.00M | 烟雨江南 · 雪月江南, 视图层 | Synchronizing object | JN_雨落涟漪.004
帧:80 内存:421.10M (峰值 421.10M) | 时间:00:00.63 | Mem:0.00M, Peak:0.00M | 烟雨江南 · 雪月江南, 视图层 | Synchronizing object | JN_雨落涟漪.005
帧:80 内存:421.68M (峰值 421.68M) | 时间:00:00.63 | Mem:0.00M, Peak:0.00M | 烟雨江南 · 雪月江南, 视图层 | Synchronizing object | JN_雨落涟漪.006
帧:80 内存:422.26M (峰值 422.26M) | 时间:00:00.63 | Mem:0.00M, Peak:0.00M | 烟雨江南 · 雪月江南, 视图层 | Synchronizing object | JN_雨落涟漪.007
帧:80 内存:422.84M (峰值 422.84M) | 时间:00:00.63 | Mem:0.00M, Peak:0.00M | 烟雨江南 · 雪月江南, 视图层 | Synchronizing object | JN_雨落涟漪.008
帧:80 内存:423.42M (峰值 423.42M) | 时间:00:00.63 | Mem:0.00M, Peak:0.00M | 烟雨江南 · 雪月江南, 视图层 | Synchronizing object | JN_雨落涟漪.009
帧:80 内存:424.00M (峰值 424.00M) | 时间:00:00.63 | Mem:0.00M, Peak:0.00M | 烟雨江南 · 雪月江南, 视图层 | Synchronizing object | JN_雨落涟漪.010
帧:80 内存:424.58M (峰值 424.58M) | 时间:00:00.64 | Mem:0.00M, Peak:0.00M | 烟雨江南 · 雪月江南, 视图层 | Synchronizing object | JN_雨落涟漪.011
帧:80 内存:425.15M (峰值 425.15M) | 时间:00:00.64 | Mem:0.00M, Peak:0.00M | 烟雨江南 · 雪月江南, 视图层 | Synchronizing object | JN_雨落涟漪.012
帧:80 内存:425.73M (峰值 425.73M) | 时间:00:00.64 | Mem:0.00M, Peak:0.00M | 烟雨江南 · 雪月江南, 视图层 | Synchronizing object | JN_雨落涟漪.013
帧:80 内存:426.31M (峰值 426.31M) | 时间:00:00.64 | Mem:0.00M, Peak:0.00M | 烟雨江南 · 雪月江南, 视图层 | Synchronizing object | JN_雨落涟漪.014
帧:80 内存:426.89M (峰值 426.89M) | 时间:00:00.64 | Mem:0.00M, Peak:0.00M | 烟雨江南 · 雪月江南, 视图层 | Synchronizing object | JN_雨落涟漪.015
帧:80 内存:427.47M (峰值 427.47M) | 时间:00:00.64 | Mem:0.00M, Peak:0.00M | 烟雨江南 · 雪月江南, 视图层 | Synchronizing object | JN_雨落涟漪.016
帧:80 内存:428.05M (峰值 428.05M) | 时间:00:00.64 | Mem:0.00M, Peak:0.00M | 烟雨江南 · 雪月江南, 视图层 | Synchronizing object | JN_雨落涟漪.017
帧:80 内存:428.63M (峰值 428.63M) | 时间:00:00.64 | Mem:0.00M, Peak:0.00M | 烟雨江南 · 雪月江南, 视图层 | Synchronizing object | JN_雨落涟漪.018
帧:80 内存:429.21M (峰值 429.21M) | 时间:00:00.64 | Mem:0.00M, Peak:0.00M | 烟雨江南 · 雪月江南, 视图层 | Synchronizing object | JN_雨落涟漪.019
帧:80 内存:429.79M (峰值 429.79M) | 时间:00:00.64 | Mem:0.00M, Peak:0.00M | 烟雨江南 · 雪月江南, 视图层 | Synchronizing object | JN_雨落涟漪.020
帧:80 内存:430.37M (峰值 430.37M) | 时间:00:00.64 | Mem:0.00M, Peak:0.00M | 烟雨江南 · 雪月江南, 视图层 | Synchronizing object | JN_雨落涟漪.021
帧:80 内存:430.95M (峰值 430.95M) | 时间:00:00.64 | Mem:0.00M, Peak:0.00M | 烟雨江南 · 雪月江南, 视图层 | Synchronizing object | JN_雨落涟漪.022
帧:80 内存:431.53M (峰值 431.53M) | 时间:00:00.64 | Mem:0.00M, Peak:0.00M | 烟雨江南 · 雪月江南, 视图层 | Synchronizing object | JN_雨落涟漪.023
帧:80 内存:432.11M (峰值 432.11M) | 时间:00:00.64 | Mem:0.00M, Peak:0.00M | 烟雨江南 · 雪月江南, 视图层 | Synchronizing object | JN_雨落涟漪.024
帧:80 内存:432.69M (峰值 432.69M) | 时间:00:00.65 | Mem:0.00M, Peak:0.00M | 烟雨江南 · 雪月江南, 视图层 | Synchronizing object | JN_雨落涟漪.025
帧:80 内存:433.27M (峰值 433.27M) | 时间:00:00.65 | Mem:0.00M, Peak:0.00M | 烟雨江南 · 雪月江南, 视图层 | Synchronizing object | JN_雨落涟漪.026
帧:80 内存:433.85M (峰值 433.85M) | 时间:00:00.65 | Mem:0.00M, Peak:0.00M | 烟雨江南 · 雪月江南, 视图层 | Synchronizing object | JN_雨落涟漪.027
帧:80 内存:434.43M (峰值 434.43M) | 时间:00:00.65 | Mem:0.00M, Peak:0.00M | 烟雨江南 · 雪月江南, 视图层 | Synchronizing object | JN_雨落涟漪.028
帧:80 内存:435.01M (峰值 435.01M) | 时间:00:00.65 | Mem:0.00M, Peak:0.00M | 烟雨江南 · 雪月江南, 视图层 | Synchronizing object | JN_雨落涟漪.029
帧:80 内存:435.59M (峰值 435.59M) | 时间:00:00.65 | Mem:0.00M, Peak:0.00M | 烟雨江南 · 雪月江南, 视图层 | Synchronizing object | JN_雨落涟漪.030
帧:80 内存:436.17M (峰值 436.17M) | 时间:00:00.65 | Mem:0.00M, Peak:0.00M | 烟雨江南 · 雪月江南, 视图层 | Synchronizing object | JN_雨落涟漪.031
帧:80 内存:436.74M (峰值 436.74M) | 时间:00:00.65 | Mem:0.00M, Peak:0.00M | 烟雨江南 · 雪月江南, 视图层 | Synchronizing object | JN_雨落涟漪.032
帧:80 内存:437.32M (峰值 437.32M) | 时间:00:00.65 | Mem:0.00M, Peak:0.00M | 烟雨江南 · 雪月江南, 视图层 | Synchronizing object | JN_雨落涟漪.033
帧:80 内存:437.90M (峰值 437.90M) | 时间:00:00.65 | Mem:0.00M, Peak:0.00M | 烟雨江南 · 雪月江南, 视图层 | Synchronizing object | JN_雨落涟漪.034
帧:80 内存:438.48M (峰值 438.48M) | 时间:00:00.65 | Mem:0.00M, Peak:0.00M | 烟雨江南 · 雪月江南, 视图层 | Synchronizing object | JN_雨落涟漪.035
帧:80 内存:439.06M (峰值 439.06M) | 时间:00:00.65 | Mem:0.00M, Peak:0.00M | 烟雨江南 · 雪月江南, 视图层 | Synchronizing object | JN_雨落涟漪.036
帧:80 内存:439.64M (峰值 439.64M) | 时间:00:00.66 | Mem:0.00M, Peak:0.00M | 烟雨江南 · 雪月江南, 视图层 | Synchronizing object | JN_雨落涟漪.037
Fra:80 Mem:440.22M (Peak 440.22M) | Time:00:00.66 | Mem:0.00M, Peak:0.00M | 烟雨江南 · 雪月江南, 视图层 | Synchronizing object | JN_明月
Fra:80 Mem:440.40M (Peak 440.40M) | Time:00:00.66 | Mem:0.00M, Peak:0.00M | 烟雨江南 · 雪月江南, 视图层 | Synchronizing object | JN_云团.002
Fra:80 Mem:440.46M (Peak 440.46M) | Time:00:00.66 | Mem:0.00M, Peak:0.00M | 烟雨江南 · 雪月江南, 视图层 | Synchronizing object | JN_云团.003
Fra:80 Mem:440.52M (Peak 440.52M) | Time:00:00.66 | Mem:0.00M, Peak:0.00M | 烟雨江南 · 雪月江南, 视图层 | Synchronizing object | JN_高云月照
Fra:80 Mem:440.55M (Peak 440.55M) | Time:00:00.66 | Mem:0.00M, Peak:0.00M | 烟雨江南 · 雪月江南, 视图层 | Synchronizing object | JN_云团.005
Fra:80 Mem:440.55M (Peak 440.55M) | Time:00:00.66 | Mem:0.00M, Peak:0.00M | 烟雨江南 · 雪月江南, 视图层 | Synchronizing object | JN_云团.006
Fra:80 Mem:440.58M (Peak 440.58M) | Time:00:00.66 | Mem:0.00M, Peak:0.00M | 烟雨江南 · 雪月江南, 视图层 | Synchronizing object | JN_云团.007
Fra:80 Mem:440.60M (Peak 440.60M) | Time:00:00.66 | Mem:0.00M, Peak:0.00M | 烟雨江南 · 雪月江南, 视图层 | Synchronizing object | JN_云团.009
Fra:80 Mem:440.62M (Peak 440.62M) | Time:00:00.66 | Mem:0.00M, Peak:0.00M | 烟雨江南 · 雪月江南, 视图层 | Synchronizing object | JN_云团.010
Fra:80 Mem:440.62M (Peak 440.62M) | Time:00:00.66 | Mem:0.00M, Peak:0.00M | 烟雨江南 · 雪月江南, 视图层 | Synchronizing object | JN_梅梢轮廓
Fra:80 Mem:440.66M (Peak 440.66M) | Time:00:00.66 | Mem:0.00M, Peak:0.00M | 烟雨江南 · 雪月江南, 视图层 | Synchronizing object | JN_云团.012
Fra:80 Mem:440.67M (Peak 440.67M) | Time:00:00.66 | Mem:0.00M, Peak:0.00M | 烟雨江南 · 雪月江南, 视图层 | Synchronizing object | JN_云团.013
Fra:80 Mem:440.69M (Peak 440.69M) | Time:00:00.66 | Mem:0.00M, Peak:0.00M | 烟雨江南 · 雪月江南, 视图层 | Synchronizing object | JN_云团.014
Fra:80 Mem:440.71M (Peak 440.71M) | Time:00:00.66 | Mem:0.00M, Peak:0.00M | 烟雨江南 · 雪月江南, 视图层 | Synchronizing object | JN_云团.015
Fra:80 Mem:440.73M (Peak 440.73M) | Time:00:00.66 | Mem:0.00M, Peak:0.00M | 烟雨江南 · 雪月江南, 视图层 | Synchronizing object | JN_云团.016
Fra:80 Mem:440.76M (Peak 440.76M) | Time:00:00.66 | Mem:0.00M, Peak:0.00M | 烟雨江南 · 雪月江南, 视图层 | Synchronizing object | JN_云团.017
Fra:80 Mem:440.78M (Peak 440.78M) | Time:00:00.66 | Mem:0.00M, Peak:0.00M | 烟雨江南 · 雪月江南, 视图层 | Synchronizing object | JN_云团.018
Fra:80 Mem:440.80M (Peak 440.80M) | Time:00:00.66 | Mem:0.00M, Peak:0.00M | 烟雨江南 · 雪月江南, 视图层 | Synchronizing object | JN_云团.020
Fra:80 Mem:440.83M (Peak 440.83M) | Time:00:00.66 | Mem:0.00M, Peak:0.00M | 烟雨江南 · 雪月江南, 视图层 | Synchronizing object | JN_轻岚
帧:80 内存:440.84M (峰值 440.84M) | 时间:00:00.66 | Mem:0.00M, Peak:0.00M | 烟雨江南 · 雪月江南, 视图层 | Synchronizing object | JN_院外水天
帧:80 内存:440.84M (峰值 440.84M) | 时间:00:00.66 | Mem:0.00M, Peak:0.00M | 烟雨江南 · 雪月江南, 视图层 | Synchronizing object | JN_茶轩灯
帧:80 内存:440.84M (峰值 440.84M) | 时间:00:00.66 | Mem:0.00M, Peak:0.00M | 烟雨江南 · 雪月江南, 视图层 | Synchronizing object | JN_梅花_柔暖反射
帧:80 内存:440.84M (峰值 440.84M) | 时间:00:00.66 | Mem:0.00M, Peak:0.00M | 烟雨江南 · 雪月江南, 视图层 | Synchronizing object | JN_月门_远景
帧:80 内存:440.84M (峰值 440.84M) | 时间:00:00.66 | Mem:0.00M, Peak:0.00M | 烟雨江南 · 雪月江南, 视图层 | Synchronizing object | JN_天光_暗部细节
帧:80 内存:440.84M (峰值 440.84M) | 时间:00:00.66 | Mem:0.00M, Peak:0.00M | 烟雨江南 · 雪月江南, 视图层 | Synchronizing object | JN_月光_主塑形
帧:80 内存:440.84M (峰值 440.84M) | 时间:00:00.66 | Mem:0.00M, Peak:0.00M | 烟雨江南 · 雪月江南, 视图层 | Synchronizing object | JN_灯火.003
帧:80 内存:440.84M (峰值 440.84M) | 时间:00:00.66 | Mem:0.00M, Peak:0.00M | 烟雨江南 · 雪月江南, 视图层 | Synchronizing object | JN_灯火.002
帧:80 内存:440.84M (峰值 440.84M) | 时间:00:00.66 | Mem:0.00M, Peak:0.00M | 烟雨江南 · 雪月江南, 视图层 | Synchronizing object | JN_灯火.001
帧:80 内存:440.93M (峰值 440.93M) | 时间:00:00.66 | Mem:0.00M, Peak:0.00M | 烟雨江南 · 雪月江南, 视图层 | Initializing
Fra:80 Mem:256.73M (Peak 440.93M) | Time:00:00.70 | Mem:0.00M, Peak:0.00M | 烟雨江南 · 雪月江南, 视图层 | Waiting for render to start
Fra:80 Mem:256.73M (Peak 440.93M) | Time:00:00.70 | Mem:0.00M, Peak:0.00M | 烟雨江南 · 雪月江南, 视图层 | Updating Scene
Fra:80 Mem:256.73M (Peak 440.93M) | Time:00:00.70 | Mem:0.00M, Peak:0.00M | 烟雨江南 · 雪月江南, 视图层 | Updating Shaders
Fra:80 Mem:256.73M (Peak 440.93M) | Time:00:00.70 | Mem:0.00M, Peak:0.00M | 烟雨江南 · 雪月江南, 视图层 | Loading render kernels (may take a few minutes the first time)
Fra:80 Mem:256.87M (Peak 440.93M) | Time:00:00.70 | Mem:0.06M, Peak:0.06M | 烟雨江南 · 雪月江南, 视图层 | Updating Procedurals
Fra:80 Mem:256.87M (Peak 440.93M) | Time:00:00.70 | Mem:0.06M, Peak:0.06M | 烟雨江南 · 雪月江南, 视图层 | Updating Background
Fra:80 Mem:256.87M (Peak 440.93M) | Time:00:00.70 | Mem:0.06M, Peak:0.06M | 烟雨江南 · 雪月江南, 视图层 | Updating Camera
Fra:80 Mem:256.87M (Peak 440.93M) | Time:00:00.70 | Mem:0.06M, Peak:0.06M | 烟雨江南 · 雪月江南, 视图层 | Updating Meshes Flags
Fra:80 Mem:256.87M (Peak 440.93M) | Time:00:00.70 | Mem:0.06M, Peak:0.06M | 烟雨江南 · 雪月江南, 视图层 | Updating Objects
Fra:80 Mem:256.87M (Peak 440.93M) | Time:00:00.70 | Mem:0.06M, Peak:0.06M | 烟雨江南 · 雪月江南, 视图层 | Updating Objects | Copying Transformations to device
Fra:80 Mem:257.40M (Peak 440.93M) | Time:00:00.70 | Mem:0.57M, Peak:0.57M | 烟雨江南 · 雪月江南, 视图层 | Updating Particle Systems
Fra:80 Mem:257.40M (Peak 440.93M) | Time:00:00.70 | Mem:0.57M, Peak:0.57M | 烟雨江南 · 雪月江南, 视图层 | Updating Particle Systems | Copying Particles to device
Fra:80 Mem:257.40M (Peak 440.93M) | Time:00:00.70 | Mem:0.57M, Peak:0.57M | 烟雨江南 · 雪月江南, 视图层 | Updating Meshes
Fra:80 Mem:257.40M (Peak 440.93M) | Time:00:00.71 | Mem:0.57M, Peak:0.57M | 烟雨江南 · 雪月江南, 视图层 | Updating Objects | Applying Static Transformations
Fra:80 Mem:257.40M (Peak 440.93M) | Time:00:00.71 | Mem:0.57M, Peak:0.57M | 烟雨江南 · 雪月江南, 视图层 | Updating Mesh | Computing attributes
Fra:80 Mem:265.10M (Peak 440.93M) | Time:00:00.71 | Mem:0.70M, Peak:0.70M | 烟雨江南 · 雪月江南, 视图层 | Updating Mesh | Copying Attributes to device
Fra:80 Mem:264.85M (Peak 440.93M) | Time:00:00.71 | Mem:8.02M, Peak:8.02M | 烟雨江南 · 雪月江南, 视图层 | Updating Scene BVH | Building
Fra:80 Mem:264.88M (Peak 440.93M) | Time:00:00.71 | Mem:8.02M, Peak:8.02M | 烟雨江南 · 雪月江南, 视图层 | Updating Scene BVH | Building BVH
Fra:80 Mem:264.88M (Peak 440.93M) | Time:00:00.72 | Mem:41.94M, Peak:41.94M | 烟雨江南 · 雪月江南, 视图层 | Updating Scene BVH | Building BVH 0%
Fra:80 Mem:264.88M (Peak 440.93M) | Time:00:00.81 | Mem:76.02M, Peak:109.94M | 烟雨江南 · 雪月江南, 视图层 | Updating Scene BVH | Copying BVH to device
Fra:80 Mem:264.88M (Peak 440.93M) | Time:00:00.81 | Mem:76.02M, Peak:109.94M | 烟雨江南 · 雪月江南, 视图层 | Updating Mesh | Computing normals
Fra:80 Mem:296.54M (Peak 440.93M) | Time:00:00.83 | Mem:76.02M, Peak:109.94M | 烟雨江南 · 雪月江南, 视图层 | Updating Mesh | Copying Mesh to device
Fra:80 Mem:296.54M (Peak 440.93M) | Time:00:00.83 | Mem:107.68M, Peak:109.94M | 烟雨江南 · 雪月江南, 视图层 | Updating Objects Flags
Fra:80 Mem:296.54M (Peak 440.93M) | Time:00:00.83 | Mem:107.69M, Peak:109.94M | 烟雨江南 · 雪月江南, 视图层 | Updating Primitive Offsets
Fra:80 Mem:296.55M (Peak 440.93M) | Time:00:00.83 | Mem:107.70M, Peak:109.94M | 烟雨江南 · 雪月江南, 视图层 | Updating Images
Fra:80 Mem:296.55M (Peak 440.93M) | Time:00:00.83 | Mem:107.70M, Peak:109.94M | 烟雨江南 · 雪月江南, 视图层 | Updating Camera Volume
Fra:80 Mem:296.55M (Peak 440.93M) | Time:00:00.83 | Mem:107.70M, Peak:109.94M | 烟雨江南 · 雪月江南, 视图层 | Updating Lookup Tables
Fra:80 Mem:296.55M (Peak 440.93M) | Time:00:00.83 | Mem:107.78M, Peak:109.94M | 烟雨江南 · 雪月江南, 视图层 | Updating Lights
Fra:80 Mem:296.55M (Peak 440.93M) | Time:00:00.83 | Mem:107.79M, Peak:109.94M | 烟雨江南 · 雪月江南, 视图层 | Updating Lights | Computing tree
Fra:80 Mem:297.52M (Peak 440.93M) | Time:00:00.85 | Mem:108.76M, Peak:109.94M | 烟雨江南 · 雪月江南, 视图层 | Updating Integrator
Fra:80 Mem:297.52M (Peak 440.93M) | Time:00:00.85 | Mem:108.76M, Peak:109.94M | 烟雨江南 · 雪月江南, 视图层 | Updating Film
Fra:80 Mem:297.53M (Peak 440.93M) | Time:00:00.85 | Mem:108.68M, Peak:109.94M | 烟雨江南 · 雪月江南, 视图层 | Updating Lookup Tables
Fra:80 Mem:297.53M (Peak 440.93M) | Time:00:00.85 | Mem:108.76M, Peak:109.94M | 烟雨江南 · 雪月江南, 视图层 | Updating Baking
Fra:80 Mem:297.53M (Peak 440.93M) | Time:00:00.85 | Mem:108.76M, Peak:109.94M | 烟雨江南 · 雪月江南, 视图层 | Updating Device | Writing constant memory
Fra:80 Mem:297.56M (Peak 440.93M) | Time:00:00.85 | Mem:108.76M, Peak:109.94M | 烟雨江南 · 雪月江南, 视图层 | Loading denoising kernels (may take a few minutes the first time)
Fra:80 Mem:297.56M (Peak 440.93M) | Time:00:00.85 | Mem:108.76M, Peak:109.94M | 烟雨江南 · 雪月江南, 视图层 | Sample 0/96
Fra:80 Mem:413.62M (Peak 440.93M) | Time:00:03.49 | Remaining:04:10.95 | Mem:224.73M, Peak:224.73M | 烟雨江南 · 雪月江南, 视图层 | Sample 1/96
Fra:80 Mem:413.62M (Peak 440.93M) | Time:00:27.74 | Remaining:04:19.88 | Mem:224.73M, Peak:224.73M | 烟雨江南 · 雪月江南, 视图层 | Sample 9/96
Fra:80 Mem:413.62M (Peak 440.93M) | Time:01:04.42 | Remaining:05:17.86 | Mem:224.73M, Peak:224.73M | 烟雨江南 · 雪月江南, 视图层 | Sample 16/96
Fra:80 Mem:413.62M (Peak 440.93M) | Time:01:27.31 | Remaining:04:19.36 | Mem:224.73M, Peak:224.73M | 烟雨江南 · 雪月江南, 视图层 | Sample 24/96
Fra:80 Mem:413.62M (Peak 440.93M) | Time:01:41.89 | Remaining:03:22.08 | Mem:224.73M, Peak:224.73M | 烟雨江南 · 雪月江南, 视图层 | Sample 32/96
